Workbook

Sheet Summary
A1: *自2025/1起調整為最小單位(發/點/支) | BA1: Actual:填入買賣大表"耗療數量"
A2: 料件編號 新 | B2: 凱惠料號 | C2: 品名 | D2: 盒入數 | E2: 庫存 單位 | F2: 46173 | K2: 44531 | L2: 44562 | M2: 44593 | N2: 44621 | O2: 44652 | P2: 44682 | Q2: 44713 | R2: 44743 | S2: 44774 | T2: 44805 | U2: 44835 | V2: 44866 | W2: 44896 | X2: 44927 | Y2: 44958 | Z2: 44986 | AA2: 45017 | AB2: 45047 | AC2: 45078 | AD2: 45108 | AE2: 45139 | AF2: 45170 | AG2: 45200 | AH2: 45231 | AI2: 45261 | AJ2: 45292 | AK2: 45323 | AL2: 45352 | AM2: 45383 | AN2: 45413 | AO2: 45444 | AP2: 45474 | AQ2: 45505 | AR2: 45536 | AS2: 45566 | AT2: 45597 | AU2: 45627 | AV2: 2024 總銷量 (盒裝) | AW2: 2024 月均銷 (盒裝) | AX2: 45658 | AY2: 45689 | AZ2: 45717 | BA2: 45748 | BB2: 45778 | BC2: 2025/06 | BD2: 站前4樓 | BE2: 站前11樓 | BF2: 忠孝7樓 | BG2: 忠孝國際醫學3樓 | BH2: 2025/07 | BI2: 站前4樓 | BJ2: 站前11樓 | BK2: 忠孝7樓 | BL2: 忠孝國際醫學3樓 | BM2: 2025/08 | BN2: 站前4樓 | BO2: 站前11樓 | BP2: 忠孝7樓 | BQ2: 忠孝國際醫學3樓 | BR2: 2025/09 | BS2: 站前4樓 | BT2: 站前11樓 | BU2: 忠孝7樓 | BV2: 忠孝國際醫學3樓 | BW2: 2025/10 | BX2: 站前4樓 | BY2: 站前11樓 | BZ2: 忠孝7樓 | CA2: 忠孝國際醫學3樓 | CB2: 2025/11 | CC2: 站前4樓 | CD2: 站前11樓 | CE2: 忠孝7樓 | CF2: 忠孝國際醫學3樓 | CG2: 2025/12 | CH2: 站前4樓 | CI2: 站前11樓 | CJ2: 忠孝7樓 | CK2: 忠孝國際醫學3樓 | CL2: 2025 總銷量 (單支/條/點) | CM2: 2025 月均銷 (單支/條/點) | CN2: 2026/01 | CO2: 站前4樓 | CP2: 站前11樓 | CQ2: 忠孝7樓 | CR2: 忠孝國際醫學3樓 | CS2: 2026/02 | CT2: 站前4樓 | CU2: 站前11樓 | CV2: 忠孝7樓 | CW2: 忠孝國際醫學3樓 | CX2: 忠孝健康7樓 | CY2: 2026/03 | CZ2: 站前4樓 | DA2: 站前11樓 | DB2: 忠孝7樓 | DC2: 忠孝國際醫學3樓 | DD2: 忠孝健康7樓 | DE2: 2026/04 | DF2: 站前4樓 | DG2: 站前11樓 | DH2: 忠孝7樓 | DI2: 忠孝國際醫學3樓 | DJ2: 忠孝健康7樓 | DK2: 2026/05 | DL2: 站前4樓 | DM2: 站前11樓 | DN2: 忠孝7樓 | DO2: 忠孝國際醫學3樓 | DP2: 忠孝健康7樓 | DQ2: 2026 總銷量 (單支/條/點) | DR2: 2026 月均銷 (單支/條/點) | DS2: 2026/05 | DT2: 站前4樓 | DU2: 站前11樓 | DV2: 忠孝7樓 | DW2: 忠孝國際醫學3樓 | DX2: 安庫 | DY2: 已簽約 寄庫數量 | DZ2: 10/17在途 | EB2: 備註 | ED2: 站前4樓 | EE2: 站前11樓 | EF2: 忠孝7樓 | EG2: 忠孝國際醫學3樓
F3: 站前4樓 庫存 | G3: 站前11樓 庫存 | H3: 忠孝7樓 庫存 | I3: 忠孝國際 醫學3樓 庫存 | J3: 忠孝健康7樓 庫存 | K3: Actual | L3: Actual | M3: Actual | N3: Actual | O3: Actual | P3: Actual | Q3: Actual | R3: Actual | S3: Actual | T3: Actual | U3: Actual | V3: Actual | W3: Actual | X3: Actual | Y3: Actual | Z3: Actual | AA3: Actual | AB3: Actual | AC3: Actual | AD3: Actual | AE3: Actual | AF3: Actual | AG3: Actual | AH3: Actual | AI3: Actual | AJ3: Actual | AK3: Actual | AL3: Actual | AM3: Actual | AN3: Actual | AO3: Actual | AP3: Actual | AQ3: Actual | AR3: Actual | AS3: Actual | AT3: Actual | AU3: Actual | AX3: Actual | AY3: Actual | AZ3: Actual | BA3: Actual | BB3: Actual | BC3: Actual | BD3: Actual | BE3: Actual | BF3: Actual | BG3: Actual | BH3: Actual | BI3: Actual | BJ3: Actual | BK3: Actual | BL3: Actual | BM3: Actual | BN3: Actual | BO3: Actual | BP3: Actual | BQ3: Actual | BR3: Actual | BS3: Actual | BT3: Actual | BU3: Actual | BV3: Actual | BW3: Actual | BX3: Actual | BY3: Actual | BZ3: Actual | CA3: Actual | CB3: Actual | CC3: Actual | CD3: Actual | CE3: Actual | CF3: Actual | CG3: Actual | CH3: Actual | CI3: Actual | CJ3: Actual | CK3: Actual | CN3: Actual | CO3: Actual | CP3: Actual | CQ3: Actual | CR3: Actual | CS3: Actual | CT3: Actual | CU3: Actual | CV3: Actual | CW3: Actual | CX3: Actual | CY3: Actual | CZ3: Actual | DA3: Actual | DB3: Actual | DC3: Actual | DD3: Actual | DE3: Actual | DF3: Actual | DG3: Actual | DH3: Actual | DI3: Actual | DJ3: Actual | DK3: Actual | DL3: Actual | DM3: Actual | DN3: Actual | DO3: Actual | DP3: Actual | DS3: Forecast | DT3: Forecast | DU3: Forecast | DV3: Forecast | DW3: Forecast | DZ3: 站前診所 | EA3: 忠孝診所 | ED3: Forecast | EE3: Forecast | EF3: Forecast | EG3: Forecast
A4: MP1MA020019A | B4: 6150001 | C4: 喬雅登豐麗緹玻尿酸植入物Voluma 1ml/ syringe(1支) | D4: 2 | E4: PCS | F4: =SUMIF(站前4樓!B:B,B4,站前4樓!F:F) -> 100 | G4: =SUMIF(站前11樓!B:B,B4,站前11樓!F:F) -> 0 | H4: =SUMIF(忠孝7樓!B:B,B4,忠孝7樓!G:G) -> 44 | I4: =SUMIF(忠孝國際醫學3樓!B:B,B4,忠孝國際醫學3樓!G:G) -> 0 | J4: =SUMIF(忠孝健康7樓!B:B,B4,忠孝健康7樓!G:G) -> 15 | K4: 3 | L4: 3 | M4: 2 | N4: 5 | O4: 4 | P4: 6 | Q4: 0 | R4: 0 | S4: 14 | T4: 0 | U4: 6 | V4: 6 | W4: 20 | X4: 4 | Y4: 3 | Z4: 0 | AA4: 2 | AB4: 1 | AC4: 9 | AD4: 16 | AE4: 2 | AF4: 3 | AG4: 3 | AH4: 2 | AI4: 6 | AJ4: 7.5 | AK4: 6.5 | AL4: 11 | AM4: 11.5 | AN4: 11.5 | AO4: 21 | AP4: 9.5 | AQ4: 11 | AR4: 17 | AS4: 8.5 | AT4: 19.5 | AU4: 18 | AV4: =SUM(AJ4:AU4) -> 152.5 | AW4: =AV4/12 -> 12.708333 | AX4: 64 | AY4: 29 | AZ4: 54 | BA4: 60 | BB4: 75 | BC4: =SUMIFS(領用表!$L:$L,領用表!$A:$A,BC$2,領用表!$E:$E,B4) -> 47 | BD4: =SUMIFS(領用表!$L:$L,領用表!$E:$E,$B4,領用表!$B:$B,BC$2&BD$2) -> 47 | BE4: =SUMIFS(領用表!$L:$L,領用表!$E:$E,$B4,領用表!$B:$B,$BC$2&BE$2) -> 0 | BF4: =SUMIFS(領用表!$L:$L,領用表!$E:$E,$B4,領用表!$B:$B,$BC$2&BF$2) -> 0 | BG4: =SUMIFS(領用表!$L:$L,領用表!$E:$E,$B4,領用表!$B:$B,$BC$2&BG$2) -> 0 | BH4: =SUMIFS(領用表!$L:$L,領用表!$A:$A,BH$2,領用表!$E:$E,B4) -> 74 | BI4: =SUMIFS(領用表!$L:$L,領用表!$E:$E,$B4,領用表!$B:$B,BH$2&BI$2) -> 63 | BJ4: =SUMIFS(領用表!$L:$L,領用表!$E:$E,$B4,領用表!$B:$B,$BH$2&BJ$2) -> 0 | BK4: =SUMIFS(領用表!$L:$L,領用表!$E:$E,$B4,領用表!$B:$B,$BH$2&BK$2) -> 11 | BL4: =SUMIFS(領用表!$L:$L,領用表!$E:$E,$B4,領用表!$B:$B,$BH$2&BL$2) -> 0 | BM4: =SUMIFS(領用表!$L:$L,領用表!$A:$A,BM$2,領用表!$E:$E,B4) -> 140 | BN4: =SUMIFS(領用表!$L:$L,領用表!$E:$E,$B4,領用表!$B:$B,BM$2&BN$2) -> 64 | BO4: =SUMIFS(領用表!$L:$L,領用表!$E:$E,$B4,領用表!$B:$B,$BM$2&BO$2) -> 0 | BP4: =SUMIFS(領用表!$L:$L,領用表!$E:$E,$B4,領用表!$B:$B,$BM$2&BP$2) -> 76 | BQ4: =SUMIFS(領用表!$L:$L,領用表!$E:$E,$B4,領用表!$B:$B,$BM$2&BQ$2) -> 0 | BR4: =SUMIFS(領用表!$L:$L,領用表!$A:$A,BR$2,領用表!$E:$E,B4) -> 115 | BS4: =SUMIFS(領用表!$L:$L,領用表!$E:$E,$B4,領用表!$B:$B,BR$2&BS$2) -> 64 | BT4: =SUMIFS(領用表!$L:$L,領用表!$E:$E,$B4,領用表!$B:$B,$BR$2&BT$2) -> 0 | BU4: =SUMIFS(領用表!$L:$L,領用表!$E:$E,$B4,領用表!$B:$B,$BR$2&BU$2) -> 51 | BV4: =SUMIFS(領用表!$L:$L,領用表!$E:$E,$B4,領用表!$B:$B,$BR$2&BV$2) -> 0 | BW4: =SUMIFS(領用表!$L:$L,領用表!$A:$A,BW$2,領用表!$E:$E,B4) -> 141 | BX4: =SUMIFS(領用表!$L:$L,領用表!$E:$E,$B4,領用表!$B:$B,BW$2&BX$2) -> 68 | BY4: =SUMIFS(領用表!$L:$L,領用表!$E:$E,$B4,領用表!$B:$B,$BW$2&BY$2) -> 0 | BZ4: =SUMIFS(領用表!$L:$L,領用表!$E:$E,$B4,領用表!$B:$B,$BW$2&BZ$2) -> 73 | CA4: =SUMIFS(領用表!$L:$L,領用表!$E:$E,$B4,領用表!$B:$B,$BW$2&CA$2) -> 0 | CB4: =SUMIFS(領用表!$L:$L,領用表!$A:$A,CB$2,領用表!$E:$E,B4) -> 148 | CC4: =SUMIFS(領用表!$L:$L,領用表!$E:$E,$B4,領用表!$B:$B,CB$2&CC$2) -> 87 | CD4: =SUMIFS(領用表!$L:$L,領用表!$E:$E,$B4,領用表!$B:$B,$CB$2&CD$2) -> 0 | CE4: =SUMIFS(領用表!$L:$L,領用表!$E:$E,$B4,領用表!$B:$B,$CB$2&CE$2) -> 61 | CF4: =SUMIFS(領用表!$L:$L,領用表!$E:$E,$B4,領用表!$B:$B,$CB$2&CF$2) -> 0 | CG4: =SUMIFS(領用表!$L:$L,領用表!$A:$A,CG$2,領用表!$E:$E,B4) -> 209 | CH4: =SUMIFS(領用表!$L:$L,領用表!$E:$E,$B4,領用表!$B:$B,CG$2&CH$2) -> 116 | CI4: =SUMIFS(領用表!$L:$L,領用表!$E:$E,$B4,領用表!$B:$B,CG$2&CI$2) -> 0 | CJ4: =SUMIFS(領用表!$L:$L,領用表!$E:$E,$B4,領用表!$B:$B,CG$2&CJ$2) -> 93 | CK4: =SUMIFS(領用表!$L:$L,領用表!$E:$E,$B4,領用表!$B:$B,$CG$2&CK$2) -> 0 | CL4: =SUM(AX4,AY4,AZ4,BA4,BB4,BC4,BH4,BM4,BR4,BW4,CB4,CG4) -> 1156 | CM4: =AVERAGE(AX4,AY4,AZ4,BA4,BB4,BC4,BH4,BM4,BR4,BW4,CB4,CG4) -> 96.333333 | CN4: =SUMIFS(領用表!$L:$L,領用表!$A:$A,CN$2,領用表!$E:$E,B4) -> 258 | CO4: =SUMIFS(領用表!$L:$L,領用表!$E:$E,$B4,領用表!$B:$B,CN$2&CO$2) -> 150 | CP4: =SUMIFS(領用表!$L:$L,領用表!$E:$E,$B4,領用表!$B:$B,$CN$2&CP$2) -> 0 | CQ4: =SUMIFS(領用表!$L:$L,領用表!$E:$E,$B4,領用表!$B:$B,$CN$2&CQ$2) -> 108 | CR4: =SUMIFS(領用表!$L:$L,領用表!$E:$E,$B4,領用表!$B:$B,$CN$2&CR$2) -> 0 | CS4: =SUMIFS(領用表!$L:$L,領用表!$A:$A,CS$2,領用表!$E:$E,B4) -> 330 | CT4: =SUMIFS(領用表!$L:$L,領用表!$E:$E,$B4,領用表!$B:$B,CS$2&CT$2) -> 220 | CU4: =SUMIFS(領用表!$L:$L,領用表!$E:$E,$B4,領用表!$B:$B,$CS$2&CU$2) -> 0 | CV4: =SUMIFS(領用表!$L:$L,領用表!$E:$E,$B4,領用表!$B:$B,$CS$2&CV$2) -> 96 | CW4: =SUMIFS(領用表!$L:$L,領用表!$E:$E,$B4,領用表!$B:$B,$CS$2&CW$2) -> 0 | CX4: =SUMIFS(領用表!$L:$L,領用表!$E:$E,$B4,領用表!$B:$B,$CS$2&CX$2) -> 14 | CY4: =SUMIFS(領用表!$L:$L,領用表!$A:$A,CY$2,領用表!$E:$E,B4) -> 282 | CZ4: =SUMIFS(領用表!$L:$L,領用表!$E:$E,$B4,領用表!$B:$B,CY$2&CZ$2) -> 176 | DA4: =SUMIFS(領用表!$L:$L,領用表!$E:$E,$B4,領用表!$B:$B,$CY$2&DA$2) -> 0 | DB4: =SUMIFS(領用表!$L:$L,領用表!$E:$E,$B4,領用表!$B:$B,$CY$2&DB$2) -> 83 | DC4: =SUMIFS(領用表!$L:$L,領用表!$E:$E,$B4,領用表!$B:$B,$CY$2&DC$2) -> 0 | DD4: =SUMIFS(領用表!$L:$L,領用表!$E:$E,$B4,領用表!$B:$B,$CY$2&DD$2) -> 23 | DE4: =SUMIFS(領用表!$L:$L,領用表!$A:$A,DE$2,領用表!$E:$E,B4) -> 304 | DF4: =SUMIFS(領用表!$L:$L,領用表!$E:$E,$B4,領用表!$B:$B,DE$2&DF$2) -> 150 | DG4: =SUMIFS(領用表!$L:$L,領用表!$E:$E,$B4,領用表!$B:$B,$DE$2&DG$2) -> 0 | DH4: =SUMIFS(領用表!$L:$L,領用表!$E:$E,$B4,領用表!$B:$B,$DE$2&DH$2) -> 118 | DI4: =SUMIFS(領用表!$L:$L,領用表!$E:$E,$B4,領用表!$B:$B,$DE$2&DI$2) -> 0 | DJ4: =SUMIFS(領用表!$L:$L,領用表!$E:$E,$B4,領用表!$B:$B,$DE$2&DJ$2) -> 36 | DK4: =SUMIFS(領用表!$L:$L,領用表!$A:$A,DK$2,領用表!$E:$E,$B4) -> 326 | DL4: =SUMIFS(領用表!$L:$L,領用表!$E:$E,$B4,領用表!$B:$B,DK$2&DL$2) -> 183 | DM4: =SUMIFS(領用表!$L:$L,領用表!$E:$E,$B4,領用表!$B:$B,$DK$2&DM$2) -> 0 | DN4: =SUMIFS(領用表!$L:$L,領用表!$E:$E,$B4,領用表!$B:$B,$DK$2&DN$2) -> 120 | DO4: =SUMIFS(領用表!$L:$L,領用表!$E:$E,$B4,領用表!$B:$B,$DK$2&DO$2) -> 0 | DP4: =SUMIFS(領用表!$L:$L,領用表!$E:$E,$B4,領用表!$B:$B,$DK$2&DP$2) -> 23 | DQ4: =SUM(CN4,CS4,CY4,DE4,DK4) -> 1500 | DR4: =AVERAGEA(CN4,CS4,CY4,DE4,DK4) -> 300 | DS4: =SUM(DT4:DW4) -> 240 | DT4: 120 | DU4: 0 | DV4: 120 | DW4: 0 | DX4: 50 | DY4: 0 | DZ4: 40盒(10/21) | EA4: 10盒(10/21) | ED4: =IFERROR(VLOOKUP(A4,站前4樓!A:BF,57,0),0) -> 87 | EE4: =IFERROR(VLOOKUP(A4,站前11樓!A:BE,57,0),0) -> 0 | EF4: =IFERROR(VLOOKUP(A4,忠孝7樓!A:N,57,0),0) -> 0 | EG4: =IFERROR(VLOOKUP(A4,忠孝國際醫學3樓!A:L,57,0),0) -> 0 | EH4: =SUM(ED4:EG4) -> 87 | EJ4: 61 | EK4: 85
A5: MP1MA020020A | B5: 6150002 | C5: 喬雅登夢蓓菈玻尿酸植入物Volbella 1ml/ syringe(1支) | D5: 2 | E5: PCS | F5: =SUMIF(站前4樓!B:B,B5,站前4樓!F:F) -> 4 | G5: =SUMIF(站前11樓!B:B,B5,站前11樓!F:F) -> 0 | H5: =SUMIF(忠孝7樓!B:B,B5,忠孝7樓!G:G) -> 22 | I5: =SUMIF(忠孝國際醫學3樓!B:B,B5,忠孝國際醫學3樓!G:G) -> 0 | J5: =SUMIF(忠孝健康7樓!B:B,B5,忠孝健康7樓!G:G) -> 9 | K5: 0 | L5: 3 | M5: 0 | N5: 3 | O5: 0 | P5: 0 | Q5: 0 | R5: 0 | S5: 3 | T5: 0 | U5: 2 | V5: 0 | W5: 2 | X5: 5 | Y5: 0 | Z5: 0 | AA5: 0 | AB5: 1 | AC5: 0 | AD5: 4 | AE5: 0 | AF5: 1 | AG5: 1 | AH5: 3 | AI5: 19 | AJ5: 4.5 | AK5: 0.5 | AL5: 3.5 | AM5: 0.5 | AN5: 3 | AO5: 5.5 | AP5: 4.5 | AQ5: 3.5 | AR5: 1 | AS5: 1 | AT5: 3 | AU5: 6 | AV5: =SUM(AJ5:AU5) -> 36.5 | AW5: =AV5/12 -> 3.0416667 | AX5: 11 | AY5: 2 | AZ5: 1 | BA5: 9 | BB5: 3 | BC5: =SUMIFS(領用表!$L:$L,領用表!$A:$A,BC$2,領用表!$E:$E,B5) -> 3 | BD5: =SUMIFS(領用表!$L:$L,領用表!$E:$E,$B5,領用表!$B:$B,BC$2&BD$2) -> 3 | BE5: =SUMIFS(領用表!$L:$L,領用表!$E:$E,$B5,領用表!$B:$B,$BC$2&BE$2) -> 0 | BF5: =SUMIFS(領用表!$L:$L,領用表!$E:$E,$B5,領用表!$B:$B,$BC$2&BF$2) -> 0 | BG5: =SUMIFS(領用表!$L:$L,領用表!$E:$E,$B5,領用表!$B:$B,$BC$2&BG$2) -> 0 | BH5: =SUMIFS(領用表!$L:$L,領用表!$A:$A,BH$2,領用表!$E:$E,B5) -> 16 | BI5: =SUMIFS(領用表!$L:$L,領用表!$E:$E,$B5,領用表!$B:$B,BH$2&BI$2) -> 10 | BJ5: =SUMIFS(領用表!$L:$L,領用表!$E:$E,$B5,領用表!$B:$B,$BH$2&BJ$2) -> 0 | BK5: =SUMIFS(領用表!$L:$L,領用表!$E:$E,$B5,領用表!$B:$B,$BH$2&BK$2) -> 6 | BL5: =SUMIFS(領用表!$L:$L,領用表!$E:$E,$B5,領用表!$B:$B,$BH$2&BL$2) -> 0 | BM5: =SUMIFS(領用表!$L:$L,領用表!$A:$A,BM$2,領用表!$E:$E,B5) -> 6 | BN5: =SUMIFS(領用表!$L:$L,領用表!$E:$E,$B5,領用表!$B:$B,BM$2&BN$2) -> 3 | BO5: =SUMIFS(領用表!$L:$L,領用表!$E:$E,$B5,領用表!$B:$B,$BM$2&BO$2) -> 0 | BP5: =SUMIFS(領用表!$L:$L,領用表!$E:$E,$B5,領用表!$B:$B,$BM$2&BP$2) -> 3 | BQ5: =SUMIFS(領用表!$L:$L,領用表!$E:$E,$B5,領用表!$B:$B,$BM$2&BQ$2) -> 0 | BR5: =SUMIFS(領用表!$L:$L,領用表!$A:$A,BR$2,領用表!$E:$E,B5) -> 11 | BS5: =SUMIFS(領用表!$L:$L,領用表!$E:$E,$B5,領用表!$B:$B,BR$2&BS$2) -> 9 | BT5: =SUMIFS(領用表!$L:$L,領用表!$E:$E,$B5,領用表!$B:$B,$BR$2&BT$2) -> 0 | BU5: =SUMIFS(領用表!$L:$L,領用表!$E:$E,$B5,領用表!$B:$B,$BR$2&BU$2) -> 2 | BV5: =SUMIFS(領用表!$L:$L,領用表!$E:$E,$B5,領用表!$B:$B,$BR$2&BV$2) -> 0 | BW5: =SUMIFS(領用表!$L:$L,領用表!$A:$A,BW$2,領用表!$E:$E,B5) -> 10 | BX5: =SUMIFS(領用表!$L:$L,領用表!$E:$E,$B5,領用表!$B:$B,BW$2&BX$2) -> 5 | BY5: =SUMIFS(領用表!$L:$L,領用表!$E:$E,$B5,領用表!$B:$B,$BW$2&BY$2) -> 0 | BZ5: =SUMIFS(領用表!$L:$L,領用表!$E:$E,$B5,領用表!$B:$B,$BW$2&BZ$2) -> 5 | CA5: =SUMIFS(領用表!$L:$L,領用表!$E:$E,$B5,領用表!$B:$B,$BW$2&CA$2) -> 0 | CB5: =SUMIFS(領用表!$L:$L,領用表!$A:$A,CB$2,領用表!$E:$E,B5) -> 12 | CC5: =SUMIFS(領用表!$L:$L,領用表!$E:$E,$B5,領用表!$B:$B,CB$2&CC$2) -> 2 | CD5: =SUMIFS(領用表!$L:$L,領用表!$E:$E,$B5,領用表!$B:$B,$CB$2&CD$2) -> 0 | CE5: =SUMIFS(領用表!$L:$L,領用表!$E:$E,$B5,領用表!$B:$B,$CB$2&CE$2) -> 10 | CF5: =SUMIFS(領用表!$L:$L,領用表!$E:$E,$B5,領用表!$B:$B,$CB$2&CF$2) -> 0 | CG5: =SUMIFS(領用表!$L:$L,領用表!$A:$A,CG$2,領用表!$E:$E,B5) -> 27 | CH5: =SUMIFS(領用表!$L:$L,領用表!$E:$E,$B5,領用表!$B:$B,CG$2&CH$2) -> 3 | CI5: =SUMIFS(領用表!$L:$L,領用表!$E:$E,$B5,領用表!$B:$B,CG$2&CI$2) -> 0 | CJ5: =SUMIFS(領用表!$L:$L,領用表!$E:$E,$B5,領用表!$B:$B,CG$2&CJ$2) -> 24 | CK5: =SUMIFS(領用表!$L:$L,領用表!$E:$E,$B5,領用表!$B:$B,$CG$2&CK$2) -> 0 | CL5: =SUM(AX5,AY5,AZ5,BA5,BB5,BC5,BH5,BM5,BR5,BW5,CB5,CG5) -> 111 | CM5: =AVERAGE(AX5,AY5,AZ5,BA5,BB5,BC5,BH5,BM5,BR5,BW5,CB5,CG5) -> 9.25 | CN5: =SUMIFS(領用表!$L:$L,領用表!$A:$A,CN$2,領用表!$E:$E,B5) -> 31 | CO5: =SUMIFS(領用表!$L:$L,領用表!$E:$E,$B5,領用表!$B:$B,CN$2&CO$2) -> 6 | CP5: =SUMIFS(領用表!$L:$L,領用表!$E:$E,$B5,領用表!$B:$B,$CN$2&CP$2) -> 0 | CQ5: =SUMIFS(領用表!$L:$L,領用表!$E:$E,$B5,領用表!$B:$B,$CN$2&CQ$2) -> 25 | CR5: =SUMIFS(領用表!$L:$L,領用表!$E:$E,$B5,領用表!$B:$B,$CN$2&CR$2) -> 0 | CS5: =SUMIFS(領用表!$L:$L,領用表!$A:$A,CS$2,領用表!$E:$E,B5) -> 27 | CT5: =SUMIFS(領用表!$L:$L,領用表!$E:$E,$B5,領用表!$B:$B,CS$2&CT$2) -> 7 | CU5: =SUMIFS(領用表!$L:$L,領用表!$E:$E,$B5,領用表!$B:$B,$CS$2&CU$2) -> 0 | CV5: =SUMIFS(領用表!$L:$L,領用表!$E:$E,$B5,領用表!$B:$B,$CS$2&CV$2) -> 20 | CW5: =SUMIFS(領用表!$L:$L,領用表!$E:$E,$B5,領用表!$B:$B,$CS$2&CW$2) -> 0 | CX5: =SUMIFS(領用表!$L:$L,領用表!$E:$E,$B5,領用表!$B:$B,$CS$2&CX$2) -> 0 | CY5: =SUMIFS(領用表!$L:$L,領用表!$A:$A,CY$2,領用表!$E:$E,B5) -> 30 | CZ5: =SUMIFS(領用表!$L:$L,領用表!$E:$E,$B5,領用表!$B:$B,CY$2&CZ$2) -> 11 | DA5: =SUMIFS(領用表!$L:$L,領用表!$E:$E,$B5,領用表!$B:$B,$CY$2&DA$2) -> 0 | DB5: =SUMIFS(領用表!$L:$L,領用表!$E:$E,$B5,領用表!$B:$B,$CY$2&DB$2) -> 16 | DC5: =SUMIFS(領用表!$L:$L,領用表!$E:$E,$B5,領用表!$B:$B,$CY$2&DC$2) -> 0 | DD5: =SUMIFS(領用表!$L:$L,領用表!$E:$E,$B5,領用表!$B:$B,$CY$2&DD$2) -> 3 | DE5: =SUMIFS(領用表!$L:$L,領用表!$A:$A,DE$2,領用表!$E:$E,B5) -> 31 | DF5: =SUMIFS(領用表!$L:$L,領用表!$E:$E,$B5,領用表!$B:$B,DE$2&DF$2) -> 7 | DG5: =SUMIFS(領用表!$L:$L,領用表!$E:$E,$B5,領用表!$B:$B,$DE$2&DG$2) -> 0 | DH5: =SUMIFS(領用表!$L:$L,領用表!$E:$E,$B5,領用表!$B:$B,$DE$2&DH$2) -> 21 | DI5: =SUMIFS(領用表!$L:$L,領用表!$E:$E,$B5,領用表!$B:$B,$DE$2&DI$2) -> 0 | DJ5: =SUMIFS(領用表!$L:$L,領用表!$E:$E,$B5,領用表!$B:$B,$DE$2&DJ$2) -> 3 | DK5: =SUMIFS(領用表!$L:$L,領用表!$A:$A,DK$2,領用表!$E:$E,$B5) -> 31 | DL5: =SUMIFS(領用表!$L:$L,領用表!$E:$E,$B5,領用表!$B:$B,DK$2&DL$2) -> 6 | DM5: =SUMIFS(領用表!$L:$L,領用表!$E:$E,$B5,領用表!$B:$B,$DK$2&DM$2) -> 0 | DN5: =SUMIFS(領用表!$L:$L,領用表!$E:$E,$B5,領用表!$B:$B,$DK$2&DN$2) -> 18 | DO5: =SUMIFS(領用表!$L:$L,領用表!$E:$E,$B5,領用表!$B:$B,$DK$2&DO$2) -> 0 | DP5: =SUMIFS(領用表!$L:$L,領用表!$E:$E,$B5,領用表!$B:$B,$DK$2&DP$2) -> 7 | DQ5: =SUM(CN5,CS5,CY5,DE5,DK5) -> 150 | DR5: =AVERAGEA(CN5,CS5,CY5,DE5,DK5) -> 30 | DS5: =SUM(DT5:DW5) -> 33 | DT5: 8 | DU5: 0 | DV5: 25 | DW5: 0 | DX5: 10 | DY5: 0 | EA5: 10盒(10/21) | ED5: =IFERROR(VLOOKUP(A5,站前4樓!A:BF,57,0),0) -> 2 | EE5: =IFERROR(VLOOKUP(A5,站前11樓!A:BE,57,0),0) -> 0 | EF5: =IFERROR(VLOOKUP(A5,忠孝7樓!A:N,57,0),0) -> 0 | EG5: =IFERROR(VLOOKUP(A5,忠孝國際醫學3樓!A:L,57,0),0) -> 0 | EH5: =SUM(ED5:EG5) -> 2 | EJ5: 19 | EK5: 8
A6: MP1MA020021A | B6: 6150003 | C6: 喬雅登豐麗緹玻尿酸植入物Volift 1ml/ syringe(1支) | D6: 2 | E6: PCS | F6: =SUMIF(站前4樓!B:B,B6,站前4樓!F:F) -> 4 | G6: =SUMIF(站前11樓!B:B,B6,站前11樓!F:F) -> 0 | H6: =SUMIF(忠孝7樓!B:B,B6,忠孝7樓!G:G) -> 4 | I6: =SUMIF(忠孝國際醫學3樓!B:B,B6,忠孝國際醫學3樓!G:G) -> 0 | J6: =SUMIF(忠孝健康7樓!B:B,B6,忠孝健康7樓!G:G) -> 10 | K6: 1 | L6: 1 | M6: 0 | N6: 0 | O6: 2 | P6: 1 | Q6: 0 | R6: 0 | S6: 2 | T6: 0 | U6: 0 | V6: 1 | W6: 6 | X6: 3 | Y6: 0 | Z6: 0 | AA6: 0 | AB6: 2 | AC6: 1 | AD6: 3 | AE6: 0 | AF6: 0 | AG6: 0 | AH6: 2 | AI6: 10 | AJ6: 1 | AK6: 0 | AL6: 0.5 | AM6: 0.5 | AN6: 0 | AO6: 2.5 | AP6: 0.5 | AQ6: 0.5 | AR6: 7 | AS6: 10 | AT6: 0.5 | AU6: 0 | AV6: =SUM(AJ6:AU6) -> 23 | AW6: =AV6/12 -> 1.9166667 | AX6: 1 | AY6: 0 | AZ6: 0 | BA6: 1 | BB6: 6 | BC6: =SUMIFS(領用表!$L:$L,領用表!$A:$A,BC$2,領用表!$E:$E,B6) -> 3 | BD6: =SUMIFS(領用表!$L:$L,領用表!$E:$E,$B6,領用表!$B:$B,BC$2&BD$2) -> 3 | BE6: =SUMIFS(領用表!$L:$L,領用表!$E:$E,$B6,領用表!$B:$B,$BC$2&BE$2) -> 0 | BF6: =SUMIFS(領用表!$L:$L,領用表!$E:$E,$B6,領用表!$B:$B,$BC$2&BF$2) -> 0 | BG6: =SUMIFS(領用表!$L:$L,領用表!$E:$E,$B6,領用表!$B:$B,$BC$2&BG$2) -> 0 | BH6: =SUMIFS(領用表!$L:$L,領用表!$A:$A,BH$2,領用表!$E:$E,B6) -> 6 | BI6: =SUMIFS(領用表!$L:$L,領用表!$E:$E,$B6,領用表!$B:$B,BH$2&BI$2) -> 6 | BJ6: =SUMIFS(領用表!$L:$L,領用表!$E:$E,$B6,領用表!$B:$B,$BH$2&BJ$2) -> 0 | BK6: =SUMIFS(領用表!$L:$L,領用表!$E:$E,$B6,領用表!$B:$B,$BH$2&BK$2) -> 0 | BL6: =SUMIFS(領用表!$L:$L,領用表!$E:$E,$B6,領用表!$B:$B,$BH$2&BL$2) -> 0 | BM6: =SUMIFS(領用表!$L:$L,領用表!$A:$A,BM$2,領用表!$E:$E,B6) -> 8 | BN6: =SUMIFS(領用表!$L:$L,領用表!$E:$E,$B6,領用表!$B:$B,BM$2&BN$2) -> 7 | BO6: =SUMIFS(領用表!$L:$L,領用表!$E:$E,$B6,領用表!$B:$B,$BM$2&BO$2) -> 0 | BP6: =SUMIFS(領用表!$L:$L,領用表!$E:$E,$B6,領用表!$B:$B,$BM$2&BP$2) -> 1 | BQ6: =SUMIFS(領用表!$L:$L,領用表!$E:$E,$B6,領用表!$B:$B,$BM$2&BQ$2) -> 0 | BR6: =SUMIFS(領用表!$L:$L,領用表!$A:$A,BR$2,領用表!$E:$E,B6) -> 1 | BS6: =SUMIFS(領用表!$L:$L,領用表!$E:$E,$B6,領用表!$B:$B,BR$2&BS$2) -> 0 | BT6: =SUMIFS(領用表!$L:$L,領用表!$E:$E,$B6,領用表!$B:$B,$BR$2&BT$2) -> 0 | BU6: =SUMIFS(領用表!$L:$L,領用表!$E:$E,$B6,領用表!$B:$B,$BR$2&BU$2) -> 1 | BV6: =SUMIFS(領用表!$L:$L,領用表!$E:$E,$B6,領用表!$B:$B,$BR$2&BV$2) -> 0 | BW6: =SUMIFS(領用表!$L:$L,領用表!$A:$A,BW$2,領用表!$E:$E,B6) -> 5 | BX6: =SUMIFS(領用表!$L:$L,領用表!$E:$E,$B6,領用表!$B:$B,BW$2&BX$2) -> 1 | BY6: =SUMIFS(領用表!$L:$L,領用表!$E:$E,$B6,領用表!$B:$B,$BW$2&BY$2) -> 0 | BZ6: =SUMIFS(領用表!$L:$L,領用表!$E:$E,$B6,領用表!$B:$B,$BW$2&BZ$2) -> 4 | CA6: =SUMIFS(領用表!$L:$L,領用表!$E:$E,$B6,領用表!$B:$B,$BW$2&CA$2) -> 0 | CB6: =SUMIFS(領用表!$L:$L,領用表!$A:$A,CB$2,領用表!$E:$E,B6) -> 3 | CC6: =SUMIFS(領用表!$L:$L,領用表!$E:$E,$B6,領用表!$B:$B,CB$2&CC$2) -> 3 | CD6: =SUMIFS(領用表!$L:$L,領用表!$E:$E,$B6,領用表!$B:$B,$CB$2&CD$2) -> 0 | CE6: =SUMIFS(領用表!$L:$L,領用表!$E:$E,$B6,領用表!$B:$B,$CB$2&CE$2) -> 0 | CF6: =SUMIFS(領用表!$L:$L,領用表!$E:$E,$B6,領用表!$B:$B,$CB$2&CF$2) -> 0 | CG6: =SUMIFS(領用表!$L:$L,領用表!$A:$A,CG$2,領用表!$E:$E,B6) -> 5 | CH6: =SUMIFS(領用表!$L:$L,領用表!$E:$E,$B6,領用表!$B:$B,CG$2&CH$2) -> 4 | CI6: =SUMIFS(領用表!$L:$L,領用表!$E:$E,$B6,領用表!$B:$B,CG$2&CI$2) -> 0 | CJ6: =SUMIFS(領用表!$L:$L,領用表!$E:$E,$B6,領用表!$B:$B,CG$2&CJ$2) -> 1 | CK6: =SUMIFS(領用表!$L:$L,領用表!$E:$E,$B6,領用表!$B:$B,$CG$2&CK$2) -> 0 | CL6: =SUM(AX6,AY6,AZ6,BA6,BB6,BC6,BH6,BM6,BR6,BW6,CB6,CG6) -> 39 | CM6: =AVERAGE(AX6,AY6,AZ6,BA6,BB6,BC6,BH6,BM6,BR6,BW6,CB6,CG6) -> 3.25 | CN6: =SUMIFS(領用表!$L:$L,領用表!$A:$A,CN$2,領用表!$E:$E,B6) -> 23 | CO6: =SUMIFS(領用表!$L:$L,領用表!$E:$E,$B6,領用表!$B:$B,CN$2&CO$2) -> 10 | CP6: =SUMIFS(領用表!$L:$L,領用表!$E:$E,$B6,領用表!$B:$B,$CN$2&CP$2) -> 0 | CQ6: =SUMIFS(領用表!$L:$L,領用表!$E:$E,$B6,領用表!$B:$B,$CN$2&CQ$2) -> 13 | CR6: =SUMIFS(領用表!$L:$L,領用表!$E:$E,$B6,領用表!$B:$B,$CN$2&CR$2) -> 0 | CS6: =SUMIFS(領用表!$L:$L,領用表!$A:$A,CS$2,領用表!$E:$E,B6) -> 10 | CT6: =SUMIFS(領用表!$L:$L,領用表!$E:$E,$B6,領用表!$B:$B,CS$2&CT$2) -> 6 | CU6: =SUMIFS(領用表!$L:$L,領用表!$E:$E,$B6,領用表!$B:$B,$CS$2&CU$2) -> 0 | CV6: =SUMIFS(領用表!$L:$L,領用表!$E:$E,$B6,領用表!$B:$B,$CS$2&CV$2) -> 4 | CW6: =SUMIFS(領用表!$L:$L,領用表!$E:$E,$B6,領用表!$B:$B,$CS$2&CW$2) -> 0 | CX6: =SUMIFS(領用表!$L:$L,領用表!$E:$E,$B6,領用表!$B:$B,$CS$2&CX$2) -> 0 | CY6: =SUMIFS(領用表!$L:$L,領用表!$A:$A,CY$2,領用表!$E:$E,B6) -> 5 | CZ6: =SUMIFS(領用表!$L:$L,領用表!$E:$E,$B6,領用表!$B:$B,CY$2&CZ$2) -> 4 | DA6: =SUMIFS(領用表!$L:$L,領用表!$E:$E,$B6,領用表!$B:$B,$CY$2&DA$2) -> 0 | DB6: =SUMIFS(領用表!$L:$L,領用表!$E:$E,$B6,領用表!$B:$B,$CY$2&DB$2) -> 1 | DC6: =SUMIFS(領用表!$L:$L,領用表!$E:$E,$B6,領用表!$B:$B,$CY$2&DC$2) -> 0 | DD6: =SUMIFS(領用表!$L:$L,領用表!$E:$E,$B6,領用表!$B:$B,$CY$2&DD$2) -> 0 | DE6: =SUMIFS(領用表!$L:$L,領用表!$A:$A,DE$2,領用表!$E:$E,B6) -> 7 | DF6: =SUMIFS(領用表!$L:$L,領用表!$E:$E,$B6,領用表!$B:$B,DE$2&DF$2) -> 3 | DG6: =SUMIFS(領用表!$L:$L,領用表!$E:$E,$B6,領用表!$B:$B,$DE$2&DG$2) -> 0 | DH6: =SUMIFS(領用表!$L:$L,領用表!$E:$E,$B6,領用表!$B:$B,$DE$2&DH$2) -> 4 | DI6: =SUMIFS(領用表!$L:$L,領用表!$E:$E,$B6,領用表!$B:$B,$DE$2&DI$2) -> 0 | DJ6: =SUMIFS(領用表!$L:$L,領用表!$E:$E,$B6,領用表!$B:$B,$DE$2&DJ$2) -> 0 | DK6: =SUMIFS(領用表!$L:$L,領用表!$A:$A,DK$2,領用表!$E:$E,$B6) -> 12 | DL6: =SUMIFS(領用表!$L:$L,領用表!$E:$E,$B6,領用表!$B:$B,DK$2&DL$2) -> 2 | DM6: =SUMIFS(領用表!$L:$L,領用表!$E:$E,$B6,領用表!$B:$B,$DK$2&DM$2) -> 0 | DN6: =SUMIFS(領用表!$L:$L,領用表!$E:$E,$B6,領用表!$B:$B,$DK$2&DN$2) -> 10 | DO6: =SUMIFS(領用表!$L:$L,領用表!$E:$E,$B6,領用表!$B:$B,$DK$2&DO$2) -> 0 | DP6: =SUMIFS(領用表!$L:$L,領用表!$E:$E,$B6,領用表!$B:$B,$DK$2&DP$2) -> 0 | DQ6: =SUM(CN6,CS6,CY6,DE6,DK6) -> 57 | DR6: =AVERAGEA(CN6,CS6,CY6,DE6,DK6) -> 11.4 | DS6: =SUM(DT6:DW6) -> 20 | DT6: 10 | DU6: 0 | DV6: 10 | DW6: 0 | DX6: 10 | DY6: 0 | ED6: =IFERROR(VLOOKUP(A6,站前4樓!A:BF,57,0),0) -> 3 | EE6: =IFERROR(VLOOKUP(A6,站前11樓!A:BE,57,0),0) -> 0 | EF6: =IFERROR(VLOOKUP(A6,忠孝7樓!A:N,57,0),0) -> 0 | EG6: =IFERROR(VLOOKUP(A6,忠孝國際醫學3樓!A:L,57,0),0) -> 0 | EH6: =SUM(ED6:EG6) -> 3 | EJ6: 23 | EK6: 31
A7: MP1MA020022A | B7: 6150004 | C7: 喬雅登豐塑玻尿酸植入物Volux 1ml/ syringe(1支) | D7: 2 | E7: PCS | F7: =SUMIF(站前4樓!B:B,B7,站前4樓!F:F) -> 10 | G7: =SUMIF(站前11樓!B:B,B7,站前11樓!F:F) -> 0 | H7: =SUMIF(忠孝7樓!B:B,B7,忠孝7樓!G:G) -> 3 | I7: =SUMIF(忠孝國際醫學3樓!B:B,B7,忠孝國際醫學3樓!G:G) -> 0 | J7: =SUMIF(忠孝健康7樓!B:B,B7,忠孝健康7樓!G:G) -> 3 | K7: 2 | L7: 2 | M7: 0 | N7: 2 | O7: 2 | P7: 2 | Q7: 0 | R7: 0 | S7: 2 | T7: 3 | U7: 0 | V7: 3 | W7: 1 | X7: 3 | Y7: 4 | Z7: 4 | AA7: 5 | AB7: 1 | AC7: 4 | AD7: 8 | AE7: 1 | AF7: 2 | AG7: 5 | AH7: 1 | AI7: 3 | AJ7: 2 | AK7: 0.5 | AL7: 1.5 | AM7: 0.5 | AN7: 2.5 | AO7: 1.5 | AP7: 2.5 | AQ7: 5.5 | AR7: 6 | AS7: 4 | AT7: 2.5 | AU7: 1 | AV7: =SUM(AJ7:AU7) -> 30 | AW7: =AV7/12 -> 2.5 | AX7: 6 | AY7: 5 | AZ7: 16 | BA7: 26 | BB7: 19 | BC7: =SUMIFS(領用表!$L:$L,領用表!$A:$A,BC$2,領用表!$E:$E,B7) -> 14 | BD7: =SUMIFS(領用表!$L:$L,領用表!$E:$E,$B7,領用表!$B:$B,BC$2&BD$2) -> 14 | BE7: =SUMIFS(領用表!$L:$L,領用表!$E:$E,$B7,領用表!$B:$B,$BC$2&BE$2) -> 0 | BF7: =SUMIFS(領用表!$L:$L,領用表!$E:$E,$B7,領用表!$B:$B,$BC$2&BF$2) -> 0 | BG7: =SUMIFS(領用表!$L:$L,領用表!$E:$E,$B7,領用表!$B:$B,$BC$2&BG$2) -> 0 | BH7: =SUMIFS(領用表!$L:$L,領用表!$A:$A,BH$2,領用表!$E:$E,B7) -> 24 | BI7: =SUMIFS(領用表!$L:$L,領用表!$E:$E,$B7,領用表!$B:$B,BH$2&BI$2) -> 13 | BJ7: =SUMIFS(領用表!$L:$L,領用表!$E:$E,$B7,領用表!$B:$B,$BH$2&BJ$2) -> 0 | BK7: =SUMIFS(領用表!$L:$L,領用表!$E:$E,$B7,領用表!$B:$B,$BH$2&BK$2) -> 11 | BL7: =SUMIFS(領用表!$L:$L,領用表!$E:$E,$B7,領用表!$B:$B,$BH$2&BL$2) -> 0 | BM7: =SUMIFS(領用表!$L:$L,領用表!$A:$A,BM$2,領用表!$E:$E,B7) -> 49 | BN7: =SUMIFS(領用表!$L:$L,領用表!$E:$E,$B7,領用表!$B:$B,BM$2&BN$2) -> 10 | BO7: =SUMIFS(領用表!$L:$L,領用表!$E:$E,$B7,領用表!$B:$B,$BM$2&BO$2) -> 0 | BP7: =SUMIFS(領用表!$L:$L,領用表!$E:$E,$B7,領用表!$B:$B,$BM$2&BP$2) -> 39 | BQ7: =SUMIFS(領用表!$L:$L,領用表!$E:$E,$B7,領用表!$B:$B,$BM$2&BQ$2) -> 0 | BR7: =SUMIFS(領用表!$L:$L,領用表!$A:$A,BR$2,領用表!$E:$E,B7) -> 35 | BS7: =SUMIFS(領用表!$L:$L,領用表!$E:$E,$B7,領用表!$B:$B,BR$2&BS$2) -> 10 | BT7: =SUMIFS(領用表!$L:$L,領用表!$E:$E,$B7,領用表!$B:$B,$BR$2&BT$2) -> 0 | BU7: =SUMIFS(領用表!$L:$L,領用表!$E:$E,$B7,領用表!$B:$B,$BR$2&BU$2) -> 25 | BV7: =SUMIFS(領用表!$L:$L,領用表!$E:$E,$B7,領用表!$B:$B,$BR$2&BV$2) -> 0 | BW7: =SUMIFS(領用表!$L:$L,領用表!$A:$A,BW$2,領用表!$E:$E,B7) -> 33 | BX7: =SUMIFS(領用表!$L:$L,領用表!$E:$E,$B7,領用表!$B:$B,BW$2&BX$2) -> 12 | BY7: =SUMIFS(領用表!$L:$L,領用表!$E:$E,$B7,領用表!$B:$B,$BW$2&BY$2) -> 0 | BZ7: =SUMIFS(領用表!$L:$L,領用表!$E:$E,$B7,領用表!$B:$B,$BW$2&BZ$2) -> 21 | CA7: =SUMIFS(領用表!$L:$L,領用表!$E:$E,$B7,領用表!$B:$B,$BW$2&CA$2) -> 0 | CB7: =SUMIFS(領用表!$L:$L,領用表!$A:$A,CB$2,領用表!$E:$E,B7) -> 23 | CC7: =SUMIFS(領用表!$L:$L,領用表!$E:$E,$B7,領用表!$B:$B,CB$2&CC$2) -> 8 | CD7: =SUMIFS(領用表!$L:$L,領用表!$E:$E,$B7,領用表!$B:$B,$CB$2&CD$2) -> 0 | CE7: =SUMIFS(領用表!$L:$L,領用表!$E:$E,$B7,領用表!$B:$B,$CB$2&CE$2) -> 15 | CF7: =SUMIFS(領用表!$L:$L,領用表!$E:$E,$B7,領用表!$B:$B,$CB$2&CF$2) -> 0 | CG7: =SUMIFS(領用表!$L:$L,領用表!$A:$A,CG$2,領用表!$E:$E,B7) -> 31 | CH7: =SUMIFS(領用表!$L:$L,領用表!$E:$E,$B7,領用表!$B:$B,CG$2&CH$2) -> 13 | CI7: =SUMIFS(領用表!$L:$L,領用表!$E:$E,$B7,領用表!$B:$B,CG$2&CI$2) -> 0 | CJ7: =SUMIFS(領用表!$L:$L,領用表!$E:$E,$B7,領用表!$B:$B,CG$2&CJ$2) -> 18 | CK7: =SUMIFS(領用表!$L:$L,領用表!$E:$E,$B7,領用表!$B:$B,$CG$2&CK$2) -> 0 | CL7: =SUM(AX7,AY7,AZ7,BA7,BB7,BC7,BH7,BM7,BR7,BW7,CB7,CG7) -> 281 | CM7: =AVERAGE(AX7,AY7,AZ7,BA7,BB7,BC7,BH7,BM7,BR7,BW7,CB7,CG7) -> 23.416667 | CN7: =SUMIFS(領用表!$L:$L,領用表!$A:$A,CN$2,領用表!$E:$E,B7) -> 26 | CO7: =SUMIFS(領用表!$L:$L,領用表!$E:$E,$B7,領用表!$B:$B,CN$2&CO$2) -> 12 | CP7: =SUMIFS(領用表!$L:$L,領用表!$E:$E,$B7,領用表!$B:$B,$CN$2&CP$2) -> 0 | CQ7: =SUMIFS(領用表!$L:$L,領用表!$E:$E,$B7,領用表!$B:$B,$CN$2&CQ$2) -> 14 | CR7: =SUMIFS(領用表!$L:$L,領用表!$E:$E,$B7,領用表!$B:$B,$CN$2&CR$2) -> 0 | CS7: =SUMIFS(領用表!$L:$L,領用表!$A:$A,CS$2,領用表!$E:$E,B7) -> 35 | CT7: =SUMIFS(領用表!$L:$L,領用表!$E:$E,$B7,領用表!$B:$B,CS$2&CT$2) -> 14 | CU7: =SUMIFS(領用表!$L:$L,領用表!$E:$E,$B7,領用表!$B:$B,$CS$2&CU$2) -> 0 | CV7: =SUMIFS(領用表!$L:$L,領用表!$E:$E,$B7,領用表!$B:$B,$CS$2&CV$2) -> 19 | CW7: =SUMIFS(領用表!$L:$L,領用表!$E:$E,$B7,領用表!$B:$B,$CS$2&CW$2) -> 0 | CX7: =SUMIFS(領用表!$L:$L,領用表!$E:$E,$B7,領用表!$B:$B,$CS$2&CX$2) -> 2 | CY7: =SUMIFS(領用表!$L:$L,領用表!$A:$A,CY$2,領用表!$E:$E,B7) -> 29 | CZ7: =SUMIFS(領用表!$L:$L,領用表!$E:$E,$B7,領用表!$B:$B,CY$2&CZ$2) -> 14 | DA7: =SUMIFS(領用表!$L:$L,領用表!$E:$E,$B7,領用表!$B:$B,$CY$2&DA$2) -> 0 | DB7: =SUMIFS(領用表!$L:$L,領用表!$E:$E,$B7,領用表!$B:$B,$CY$2&DB$2) -> 10 | DC7: =SUMIFS(領用表!$L:$L,領用表!$E:$E,$B7,領用表!$B:$B,$CY$2&DC$2) -> 0 | DD7: =SUMIFS(領用表!$L:$L,領用表!$E:$E,$B7,領用表!$B:$B,$CY$2&DD$2) -> 5 | DE7: =SUMIFS(領用表!$L:$L,領用表!$A:$A,DE$2,領用表!$E:$E,B7) -> 32 | DF7: =SUMIFS(領用表!$L:$L,領用表!$E:$E,$B7,領用表!$B:$B,DE$2&DF$2) -> 14 | DG7: =SUMIFS(領用表!$L:$L,領用表!$E:$E,$B7,領用表!$B:$B,$DE$2&DG$2) -> 0 | DH7: =SUMIFS(領用表!$L:$L,領用表!$E:$E,$B7,領用表!$B:$B,$DE$2&DH$2) -> 10 | DI7: =SUMIFS(領用表!$L:$L,領用表!$E:$E,$B7,領用表!$B:$B,$DE$2&DI$2) -> 0 | DJ7: =SUMIFS(領用表!$L:$L,領用表!$E:$E,$B7,領用表!$B:$B,$DE$2&DJ$2) -> 8 | DK7: =SUMIFS(領用表!$L:$L,領用表!$A:$A,DK$2,領用表!$E:$E,$B7) -> 40 | DL7: =SUMIFS(領用表!$L:$L,領用表!$E:$E,$B7,領用表!$B:$B,DK$2&DL$2) -> 9 | DM7: =SUMIFS(領用表!$L:$L,領用表!$E:$E,$B7,領用表!$B:$B,$DK$2&DM$2) -> 0 | DN7: =SUMIFS(領用表!$L:$L,領用表!$E:$E,$B7,領用表!$B:$B,$DK$2&DN$2) -> 26 | DO7: =SUMIFS(領用表!$L:$L,領用表!$E:$E,$B7,領用表!$B:$B,$DK$2&DO$2) -> 0 | DP7: =SUMIFS(領用表!$L:$L,領用表!$E:$E,$B7,領用表!$B:$B,$DK$2&DP$2) -> 5 | DQ7: =SUM(CN7,CS7,CY7,DE7,DK7) -> 162 | DR7: =AVERAGEA(CN7,CS7,CY7,DE7,DK7) -> 32.4 | DS7: =SUM(DT7:DW7) -> 30 | DT7: 15 | DU7: 0 | DV7: 15 | DW7: 0 | DX7: 20 | DY7: 0 | EA7: 15盒(10/21) | ED7: =IFERROR(VLOOKUP(A7,站前4樓!A:BF,57,0),0) -> 8 | EE7: =IFERROR(VLOOKUP(A7,站前11樓!A:BE,57,0),0) -> 0 | EF7: =IFERROR(VLOOKUP(A7,忠孝7樓!A:N,57,0),0) -> 0 | EG7: =IFERROR(VLOOKUP(A7,忠孝國際醫學3樓!A:L,57,0),0) -> 0 | EH7: =SUM(ED7:EG7) -> 8 | EJ7: 38 | EK7: 32
A8: MP1MA020023A | B8: 6150005 | C8: 喬雅登芙潤玻尿酸植入物Volite 1ml/ Syringe(1支) | D8: 2 | E8: PCS | F8: =SUMIF(站前4樓!B:B,B8,站前4樓!F:F) -> 0 | G8: =SUMIF(站前11樓!B:B,B8,站前11樓!F:F) -> 0 | H8: =SUMIF(忠孝7樓!B:B,B8,忠孝7樓!G:G) -> 0 | I8: =SUMIF(忠孝國際醫學3樓!B:B,B8,忠孝國際醫學3樓!G:G) -> 0 | J8: =SUMIF(忠孝健康7樓!B:B,B8,忠孝健康7樓!G:G) -> 0 | K8: 0 | L8: 0 | M8: 0 | N8: 0 | O8: 0 | P8: 0 | Q8: 3 | R8: 0 | S8: 0 | T8: 0 | U8: 3 | V8: 2 | W8: 2 | X8: 1 | Y8: 1 | Z8: 0 | AA8: 0 | AB8: 0 | AC8: 0 | AD8: 0 | AE8: 0 | AF8: 0 | AG8: 5 | AH8: 0 | AI8: 0 | AJ8: 0.5 | AK8: 1.5 | AL8: 2 | AM8: 2.5 | AN8: 2 | AO8: 5.5 | AP8: 2.5 | AQ8: 7 | AR8: 2 | AS8: 1 | AT8: 0.5 | AU8: 4 | AV8: =SUM(AJ8:AU8) -> 31 | AW8: =AV8/12 -> 2.5833333 | AX8: 2 | AY8: 3 | AZ8: 6 | BA8: 2 | BB8: 3 | BC8: =SUMIFS(領用表!$L:$L,領用表!$A:$A,BC$2,領用表!$E:$E,B8) -> 0 | BD8: =SUMIFS(領用表!$L:$L,領用表!$E:$E,$B8,領用表!$B:$B,BC$2&BD$2) -> 0 | BE8: =SUMIFS(領用表!$L:$L,領用表!$E:$E,$B8,領用表!$B:$B,$BC$2&BE$2) -> 0 | BF8: =SUMIFS(領用表!$L:$L,領用表!$E:$E,$B8,領用表!$B:$B,$BC$2&BF$2) -> 0 | BG8: =SUMIFS(領用表!$L:$L,領用表!$E:$E,$B8,領用表!$B:$B,$BC$2&BG$2) -> 0 | BH8: =SUMIFS(領用表!$L:$L,領用表!$A:$A,BH$2,領用表!$E:$E,B8) -> 2 | BI8: =SUMIFS(領用表!$L:$L,領用表!$E:$E,$B8,領用表!$B:$B,BH$2&BI$2) -> 2 | BJ8: =SUMIFS(領用表!$L:$L,領用表!$E:$E,$B8,領用表!$B:$B,$BH$2&BJ$2) -> 0 | BK8: =SUMIFS(領用表!$L:$L,領用表!$E:$E,$B8,領用表!$B:$B,$BH$2&BK$2) -> 0 | BL8: =SUMIFS(領用表!$L:$L,領用表!$E:$E,$B8,領用表!$B:$B,$BH$2&BL$2) -> 0 | BM8: =SUMIFS(領用表!$L:$L,領用表!$A:$A,BM$2,領用表!$E:$E,B8) -> 9 | BN8: =SUMIFS(領用表!$L:$L,領用表!$E:$E,$B8,領用表!$B:$B,BM$2&BN$2) -> 5 | BO8: =SUMIFS(領用表!$L:$L,領用表!$E:$E,$B8,領用表!$B:$B,$BM$2&BO$2) -> 0 | BP8: =SUMIFS(領用表!$L:$L,領用表!$E:$E,$B8,領用表!$B:$B,$BM$2&BP$2) -> 4 | BQ8: =SUMIFS(領用表!$L:$L,領用表!$E:$E,$B8,領用表!$B:$B,$BM$2&BQ$2) -> 0 | BR8: =SUMIFS(領用表!$L:$L,領用表!$A:$A,BR$2,領用表!$E:$E,B8) -> 5 | BS8: =SUMIFS(領用表!$L:$L,領用表!$E:$E,$B8,領用表!$B:$B,BR$2&BS$2) -> 2 | BT8: =SUMIFS(領用表!$L:$L,領用表!$E:$E,$B8,領用表!$B:$B,$BR$2&BT$2) -> 0 | BU8: =SUMIFS(領用表!$L:$L,領用表!$E:$E,$B8,領用表!$B:$B,$BR$2&BU$2) -> 3 | BV8: =SUMIFS(領用表!$L:$L,領用表!$E:$E,$B8,領用表!$B:$B,$BR$2&BV$2) -> 0 | BW8: =SUMIFS(領用表!$L:$L,領用表!$A:$A,BW$2,領用表!$E:$E,B8) -> 2 | BX8: =SUMIFS(領用表!$L:$L,領用表!$E:$E,$B8,領用表!$B:$B,BW$2&BX$2) -> 1 | BY8: =SUMIFS(領用表!$L:$L,領用表!$E:$E,$B8,領用表!$B:$B,$BW$2&BY$2) -> 0 | BZ8: =SUMIFS(領用表!$L:$L,領用表!$E:$E,$B8,領用表!$B:$B,$BW$2&BZ$2) -> 1 | CA8: =SUMIFS(領用表!$L:$L,領用表!$E:$E,$B8,領用表!$B:$B,$BW$2&CA$2) -> 0 | CB8: =SUMIFS(領用表!$L:$L,領用表!$A:$A,CB$2,領用表!$E:$E,B8) -> 4 | CC8: =SUMIFS(領用表!$L:$L,領用表!$E:$E,$B8,領用表!$B:$B,CB$2&CC$2) -> 3 | CD8: =SUMIFS(領用表!$L:$L,領用表!$E:$E,$B8,領用表!$B:$B,$CB$2&CD$2) -> 0 | CE8: =SUMIFS(領用表!$L:$L,領用表!$E:$E,$B8,領用表!$B:$B,$CB$2&CE$2) -> 1 | CF8: =SUMIFS(領用表!$L:$L,領用表!$E:$E,$B8,領用表!$B:$B,$CB$2&CF$2) -> 0 | CG8: =SUMIFS(領用表!$L:$L,領用表!$A:$A,CG$2,領用表!$E:$E,B8) -> 6 | CH8: =SUMIFS(領用表!$L:$L,領用表!$E:$E,$B8,領用表!$B:$B,CG$2&CH$2) -> 4 | CI8: =SUMIFS(領用表!$L:$L,領用表!$E:$E,$B8,領用表!$B:$B,CG$2&CI$2) -> 0 | CJ8: =SUMIFS(領用表!$L:$L,領用表!$E:$E,$B8,領用表!$B:$B,CG$2&CJ$2) -> 2 | CK8: =SUMIFS(領用表!$L:$L,領用表!$E:$E,$B8,領用表!$B:$B,$CG$2&CK$2) -> 0 | CL8: =SUM(AX8,AY8,AZ8,BA8,BB8,BC8,BH8,BM8,BR8,BW8,CB8,CG8) -> 44 | CM8: =AVERAGE(AX8,AY8,AZ8,BA8,BB8,BC8,BH8,BM8,BR8,BW8,CB8,CG8) -> 3.6666667 | CN8: =SUMIFS(領用表!$L:$L,領用表!$A:$A,CN$2,領用表!$E:$E,B8) -> 9 | CO8: =SUMIFS(領用表!$L:$L,領用表!$E:$E,$B8,領用表!$B:$B,CN$2&CO$2) -> 3 | CP8: =SUMIFS(領用表!$L:$L,領用表!$E:$E,$B8,領用表!$B:$B,$CN$2&CP$2) -> 0 | CQ8: =SUMIFS(領用表!$L:$L,領用表!$E:$E,$B8,領用表!$B:$B,$CN$2&CQ$2) -> 6 | CR8: =SUMIFS(領用表!$L:$L,領用表!$E:$E,$B8,領用表!$B:$B,$CN$2&CR$2) -> 0 | CS8: =SUMIFS(領用表!$L:$L,領用表!$A:$A,CS$2,領用表!$E:$E,B8) -> 11 | CT8: =SUMIFS(領用表!$L:$L,領用表!$E:$E,$B8,領用表!$B:$B,CS$2&CT$2) -> 4 | CU8: =SUMIFS(領用表!$L:$L,領用表!$E:$E,$B8,領用表!$B:$B,$CS$2&CU$2) -> 0 | CV8: =SUMIFS(領用表!$L:$L,領用表!$E:$E,$B8,領用表!$B:$B,$CS$2&CV$2) -> 7 | CW8: =SUMIFS(領用表!$L:$L,領用表!$E:$E,$B8,領用表!$B:$B,$CS$2&CW$2) -> 0 | CX8: =SUMIFS(領用表!$L:$L,領用表!$E:$E,$B8,領用表!$B:$B,$CS$2&CX$2) -> 0 | CY8: =SUMIFS(領用表!$L:$L,領用表!$A:$A,CY$2,領用表!$E:$E,B8) -> 5 | CZ8: =SUMIFS(領用表!$L:$L,領用表!$E:$E,$B8,領用表!$B:$B,CY$2&CZ$2) -> 3 | DA8: =SUMIFS(領用表!$L:$L,領用表!$E:$E,$B8,領用表!$B:$B,$CY$2&DA$2) -> 0 | DB8: =SUMIFS(領用表!$L:$L,領用表!$E:$E,$B8,領用表!$B:$B,$CY$2&DB$2) -> 1 | DC8: =SUMIFS(領用表!$L:$L,領用表!$E:$E,$B8,領用表!$B:$B,$CY$2&DC$2) -> 0 | DD8: =SUMIFS(領用表!$L:$L,領用表!$E:$E,$B8,領用表!$B:$B,$CY$2&DD$2) -> 1 | DE8: =SUMIFS(領用表!$L:$L,領用表!$A:$A,DE$2,領用表!$E:$E,B8) -> 2 | DF8: =SUMIFS(領用表!$L:$L,領用表!$E:$E,$B8,領用表!$B:$B,DE$2&DF$2) -> 1 | DG8: =SUMIFS(領用表!$L:$L,領用表!$E:$E,$B8,領用表!$B:$B,$DE$2&DG$2) -> 0 | DH8: =SUMIFS(領用表!$L:$L,領用表!$E:$E,$B8,領用表!$B:$B,$DE$2&DH$2) -> 1 | DI8: =SUMIFS(領用表!$L:$L,領用表!$E:$E,$B8,領用表!$B:$B,$DE$2&DI$2) -> 0 | DJ8: =SUMIFS(領用表!$L:$L,領用表!$E:$E,$B8,領用表!$B:$B,$DE$2&DJ$2) -> 0 | DK8: =SUMIFS(領用表!$L:$L,領用表!$A:$A,DK$2,領用表!$E:$E,$B8) -> 4 | DL8: =SUMIFS(領用表!$L:$L,領用表!$E:$E,$B8,領用表!$B:$B,DK$2&DL$2) -> 4 | DM8: =SUMIFS(領用表!$L:$L,領用表!$E:$E,$B8,領用表!$B:$B,$DK$2&DM$2) -> 0 | DN8: =SUMIFS(領用表!$L:$L,領用表!$E:$E,$B8,領用表!$B:$B,$DK$2&DN$2) -> 0 | DO8: =SUMIFS(領用表!$L:$L,領用表!$E:$E,$B8,領用表!$B:$B,$DK$2&DO$2) -> 0 | DP8: =SUMIFS(領用表!$L:$L,領用表!$E:$E,$B8,領用表!$B:$B,$DK$2&DP$2) -> 0 | DQ8: =SUM(CN8,CS8,CY8,DE8,DK8) -> 31 | DR8: =AVERAGEA(CN8,CS8,CY8,DE8,DK8) -> 6.2 | DS8: =SUM(DT8:DW8) -> 10 | DT8: 5 | DU8: 0 | DV8: 5 | DW8: 0 | DX8: 6 | DY8: 0 | ED8: =IFERROR(VLOOKUP(A8,站前4樓!A:BF,57,0),0) -> 3 | EE8: =IFERROR(VLOOKUP(A8,站前11樓!A:BE,57,0),0) -> 0 | EF8: =IFERROR(VLOOKUP(A8,忠孝7樓!A:N,57,0),0) -> 0 | EG8: =IFERROR(VLOOKUP(A8,忠孝國際醫學3樓!A:L,57,0),0) -> 0 | EH8: =SUM(ED8:EG8) -> 3 | EJ8: 26 | EK8: 7
B9: 6150015 | C9: 喬雅登絲漾膚玻尿酸植入物Skinvive 1ml/支 | D9: 2 | E9: PCS | F9: =SUMIF(站前4樓!B:B,B9,站前4樓!F:F) -> 2 | G9: =SUMIF(站前11樓!B:B,B9,站前11樓!F:F) -> 0 | H9: =SUMIF(忠孝7樓!B:B,B9,忠孝7樓!G:G) -> 5 | I9: =SUMIF(忠孝國際醫學3樓!B:B,B9,忠孝國際醫學3樓!G:G) -> 0 | J9: =SUMIF(忠孝健康7樓!B:B,B9,忠孝健康7樓!G:G) -> 1 | CL9: =SUM(AX9,AY9,AZ9,BA9,BB9,BC9,BH9,BM9,BR9,BW9,CB9,CG9) -> 0 | CM9: =IFERROR(AVERAGE(AX9,AY9,AZ9,BA9,BB9,BC9,BH9,BM9,BR9,BW9,CB9,CG9),0) -> 0 | CN9: =SUMIFS(領用表!$L:$L,領用表!$A:$A,CN$2,領用表!$E:$E,B9) -> 0 | CO9: =SUMIFS(領用表!$L:$L,領用表!$E:$E,$B9,領用表!$B:$B,CN$2&CO$2) -> 0 | CP9: =SUMIFS(領用表!$L:$L,領用表!$E:$E,$B9,領用表!$B:$B,$CN$2&CP$2) -> 0 | CQ9: =SUMIFS(領用表!$L:$L,領用表!$E:$E,$B9,領用表!$B:$B,$CN$2&CQ$2) -> 0 | CR9: =SUMIFS(領用表!$L:$L,領用表!$E:$E,$B9,領用表!$B:$B,$CN$2&CR$2) -> 0 | CS9: =SUMIFS(領用表!$L:$L,領用表!$A:$A,CS$2,領用表!$E:$E,B9) -> 0 | CT9: =SUMIFS(領用表!$L:$L,領用表!$E:$E,$B9,領用表!$B:$B,CS$2&CT$2) -> 0 | CU9: =SUMIFS(領用表!$L:$L,領用表!$E:$E,$B9,領用表!$B:$B,$CS$2&CU$2) -> 0 | CV9: =SUMIFS(領用表!$L:$L,領用表!$E:$E,$B9,領用表!$B:$B,$CS$2&CV$2) -> 0 | CW9: =SUMIFS(領用表!$L:$L,領用表!$E:$E,$B9,領用表!$B:$B,$CS$2&CW$2) -> 0 | CX9: =SUMIFS(領用表!$L:$L,領用表!$E:$E,$B9,領用表!$B:$B,$CS$2&CX$2) -> 0 | CY9: =SUMIFS(領用表!$L:$L,領用表!$A:$A,CY$2,領用表!$E:$E,B9) -> 0 | CZ9: =SUMIFS(領用表!$L:$L,領用表!$E:$E,$B9,領用表!$B:$B,CY$2&CZ$2) -> 0 | DA9: =SUMIFS(領用表!$L:$L,領用表!$E:$E,$B9,領用表!$B:$B,$CY$2&DA$2) -> 0 | DB9: =SUMIFS(領用表!$L:$L,領用表!$E:$E,$B9,領用表!$B:$B,$CY$2&DB$2) -> 0 | DC9: =SUMIFS(領用表!$L:$L,領用表!$E:$E,$B9,領用表!$B:$B,$CY$2&DC$2) -> 0 | DD9: =SUMIFS(領用表!$L:$L,領用表!$E:$E,$B9,領用表!$B:$B,$CY$2&DD$2) -> 0 | DE9: =SUMIFS(領用表!$L:$L,領用表!$A:$A,DE$2,領用表!$E:$E,B9) -> 2 | DF9: =SUMIFS(領用表!$L:$L,領用表!$E:$E,$B9,領用表!$B:$B,DE$2&DF$2) -> 2 | DG9: =SUMIFS(領用表!$L:$L,領用表!$E:$E,$B9,領用表!$B:$B,$DE$2&DG$2) -> 0 | DH9: =SUMIFS(領用表!$L:$L,領用表!$E:$E,$B9,領用表!$B:$B,$DE$2&DH$2) -> 0 | DI9: =SUMIFS(領用表!$L:$L,領用表!$E:$E,$B9,領用表!$B:$B,$DE$2&DI$2) -> 0 | DJ9: =SUMIFS(領用表!$L:$L,領用表!$E:$E,$B9,領用表!$B:$B,$DE$2&DJ$2) -> 0 | DK9: =SUMIFS(領用表!$L:$L,領用表!$A:$A,DK$2,領用表!$E:$E,$B9) -> 13 | DL9: =SUMIFS(領用表!$L:$L,領用表!$E:$E,$B9,領用表!$B:$B,DK$2&DL$2) -> 8 | DM9: =SUMIFS(領用表!$L:$L,領用表!$E:$E,$B9,領用表!$B:$B,$DK$2&DM$2) -> 0 | DN9: =SUMIFS(領用表!$L:$L,領用表!$E:$E,$B9,領用表!$B:$B,$DK$2&DN$2) -> 3 | DO9: =SUMIFS(領用表!$L:$L,領用表!$E:$E,$B9,領用表!$B:$B,$DK$2&DO$2) -> 0 | DP9: =SUMIFS(領用表!$L:$L,領用表!$E:$E,$B9,領用表!$B:$B,$DK$2&DP$2) -> 2 | DQ9: =SUM(CN9,CS9,CY9,DE9,DK9) -> 15 | DR9: =AVERAGEA(CN9,CS9,CY9,DE9,DK9) -> 3 | DS9: =SUM(DT9:DW9) -> 0
B10: 6150016 | C10: 彈力針(1支/盒) | D10: 1 | E10: PCS | F10: =SUMIF(站前4樓!B:B,B10,站前4樓!F:F) -> 10 | G10: =SUMIF(站前11樓!B:B,B10,站前11樓!F:F) -> 0 | H10: =SUMIF(忠孝7樓!B:B,B10,忠孝7樓!G:G) -> 14 | I10: =SUMIF(忠孝國際醫學3樓!B:B,B10,忠孝國際醫學3樓!G:G) -> 0 | J10: =SUMIF(忠孝健康7樓!B:B,B10,忠孝健康7樓!G:G) -> 3 | DK10: =SUMIFS(領用表!$L:$L,領用表!$A:$A,DK$2,領用表!$E:$E,$B10) -> 0 | DL10: =SUMIFS(領用表!$L:$L,領用表!$E:$E,$B10,領用表!$B:$B,DK$2&DL$2) -> 0 | DM10: =SUMIFS(領用表!$L:$L,領用表!$E:$E,$B10,領用表!$B:$B,$DK$2&DM$2) -> 0 | DN10: =SUMIFS(領用表!$L:$L,領用表!$E:$E,$B10,領用表!$B:$B,$DK$2&DN$2) -> 0 | DO10: =SUMIFS(領用表!$L:$L,領用表!$E:$E,$B10,領用表!$B:$B,$DK$2&DO$2) -> 0 | DP10: =SUMIFS(領用表!$L:$L,領用表!$E:$E,$B10,領用表!$B:$B,$DK$2&DP$2) -> 0 | DQ10: =SUM(CN10,CS10,CY10,DE10,DK10) -> 0 | DR10: =AVERAGEA(CN10,CS10,CY10,DE10,DK10) -> 0 | DS10: =SUM(DT10:DW10) -> 0
A11: MP1MA010011A | B11: 6180015 | C11: MINT秘特拉提線EASY 42.4CM(1支) | D11: 2 | E11: PCS | F11: =SUMIF(站前4樓!B:B,B11,站前4樓!F:F) -> 2 | G11: =SUMIF(站前11樓!B:B,B11,站前11樓!F:F) -> 0 | H11: =SUMIF(忠孝7樓!B:B,B11,忠孝7樓!G:G) -> 2 | I11: =SUMIF(忠孝國際醫學3樓!B:B,B11,忠孝國際醫學3樓!G:G) -> 0 | J11: =SUMIF(忠孝健康7樓!B:B,B11,忠孝健康7樓!G:G) -> 0 | K11: 0 | L11: 0 | M11: 0 | N11: 0 | O11: 0 | P11: 0 | Q11: 0 | R11: 0 | S11: 0 | T11: 0 | U11: 0 | V11: 0 | W11: 0 | X11: 0 | Y11: 0 | Z11: 0 | AA11: 0 | AB11: 0 | AC11: 0 | AD11: 0 | AE11: 0 | AF11: 0 | AG11: 0 | AH11: 0 | AI11: 0 | AJ11: 0 | AK11: 0 | AL11: 0 | AM11: 2 | AN11: 0 | AO11: 0 | AP11: 0 | AQ11: 0 | AR11: 1 | AS11: 0 | AT11: 0 | AU11: 0 | AV11: =SUM(AJ11:AU11) -> 3 | AW11: =AV11/12 -> 0.25 | AX11: 0 | AY11: 0 | AZ11: 2 | BA11: 0 | BB11: 2 | BC11: =SUMIFS(領用表!$L:$L,領用表!$A:$A,BC$2,領用表!$E:$E,B11) -> 0 | BD11: =SUMIFS(領用表!$L:$L,領用表!$E:$E,$B11,領用表!$B:$B,BC$2&BD$2) -> 0 | BE11: =SUMIFS(領用表!$L:$L,領用表!$E:$E,$B11,領用表!$B:$B,$BC$2&BE$2) -> 0 | BF11: =SUMIFS(領用表!$L:$L,領用表!$E:$E,$B11,領用表!$B:$B,$BC$2&BF$2) -> 0 | BG11: =SUMIFS(領用表!$L:$L,領用表!$E:$E,$B11,領用表!$B:$B,$BC$2&BG$2) -> 0 | BH11: =SUMIFS(領用表!$L:$L,領用表!$A:$A,BH$2,領用表!$E:$E,B11) -> 0 | BI11: =SUMIFS(領用表!$L:$L,領用表!$E:$E,$B11,領用表!$B:$B,BH$2&BI$2) -> 0 | BJ11: =SUMIFS(領用表!$L:$L,領用表!$E:$E,$B11,領用表!$B:$B,$BH$2&BJ$2) -> 0 | BK11: =SUMIFS(領用表!$L:$L,領用表!$E:$E,$B11,領用表!$B:$B,$BH$2&BK$2) -> 0 | BL11: =SUMIFS(領用表!$L:$L,領用表!$E:$E,$B11,領用表!$B:$B,$BH$2&BL$2) -> 0 | BM11: =SUMIFS(領用表!$L:$L,領用表!$A:$A,BM$2,領用表!$E:$E,B11) -> 0 | BN11: =SUMIFS(領用表!$L:$L,領用表!$E:$E,$B11,領用表!$B:$B,BM$2&BN$2) -> 0 | BO11: =SUMIFS(領用表!$L:$L,領用表!$E:$E,$B11,領用表!$B:$B,$BM$2&BO$2) -> 0 | BP11: =SUMIFS(領用表!$L:$L,領用表!$E:$E,$B11,領用表!$B:$B,$BM$2&BP$2) -> 0 | BQ11: =SUMIFS(領用表!$L:$L,領用表!$E:$E,$B11,領用表!$B:$B,$BM$2&BQ$2) -> 0 | BR11: =SUMIFS(領用表!$L:$L,領用表!$A:$A,BR$2,領用表!$E:$E,B11) -> 0 | BS11: =SUMIFS(領用表!$L:$L,領用表!$E:$E,$B11,領用表!$B:$B,BR$2&BS$2) -> 0 | BT11: =SUMIFS(領用表!$L:$L,領用表!$E:$E,$B11,領用表!$B:$B,$BR$2&BT$2) -> 0 | BU11: =SUMIFS(領用表!$L:$L,領用表!$E:$E,$B11,領用表!$B:$B,$BR$2&BU$2) -> 0 | BV11: =SUMIFS(領用表!$L:$L,領用表!$E:$E,$B11,領用表!$B:$B,$BR$2&BV$2) -> 0 | BW11: =SUMIFS(領用表!$L:$L,領用表!$A:$A,BW$2,領用表!$E:$E,B11) -> 0 | BX11: =SUMIFS(領用表!$L:$L,領用表!$E:$E,$B11,領用表!$B:$B,BW$2&BX$2) -> 0 | BY11: =SUMIFS(領用表!$L:$L,領用表!$E:$E,$B11,領用表!$B:$B,$BW$2&BY$2) -> 0 | BZ11: =SUMIFS(領用表!$L:$L,領用表!$E:$E,$B11,領用表!$B:$B,$BW$2&BZ$2) -> 0 | CA11: =SUMIFS(領用表!$L:$L,領用表!$E:$E,$B11,領用表!$B:$B,$BW$2&CA$2) -> 0 | CB11: =SUMIFS(領用表!$L:$L,領用表!$A:$A,CB$2,領用表!$E:$E,B11) -> 0 | CC11: =SUMIFS(領用表!$L:$L,領用表!$E:$E,$B11,領用表!$B:$B,CB$2&CC$2) -> 0 | CD11: =SUMIFS(領用表!$L:$L,領用表!$E:$E,$B11,領用表!$B:$B,$CB$2&CD$2) -> 0 | CE11: =SUMIFS(領用表!$L:$L,領用表!$E:$E,$B11,領用表!$B:$B,$CB$2&CE$2) -> 0 | CF11: =SUMIFS(領用表!$L:$L,領用表!$E:$E,$B11,領用表!$B:$B,$CB$2&CF$2) -> 0 | CG11: =SUMIFS(領用表!$L:$L,領用表!$A:$A,CG$2,領用表!$E:$E,B11) -> 0 | CH11: =SUMIFS(領用表!$L:$L,領用表!$E:$E,$B11,領用表!$B:$B,CG$2&CH$2) -> 0 | CI11: =SUMIFS(領用表!$L:$L,領用表!$E:$E,$B11,領用表!$B:$B,CG$2&CI$2) -> 0 | CJ11: =SUMIFS(領用表!$L:$L,領用表!$E:$E,$B11,領用表!$B:$B,CG$2&CJ$2) -> 0 | CK11: =SUMIFS(領用表!$L:$L,領用表!$E:$E,$B11,領用表!$B:$B,$CG$2&CK$2) -> 0 | CL11: =SUM(AX11,AY11,AZ11,BA11,BB11,BC11,BH11,BM11,BR11,BW11,CB11,CG11) -> 4 | CM11: =AVERAGE(AX11,AY11,AZ11,BA11,BB11,BC11,BH11,BM11,BR11,BW11,CB11,CG11) -> 0.33333333 | CN11: =SUMIFS(領用表!$L:$L,領用表!$A:$A,CN$2,領用表!$E:$E,B11) -> 0 | CO11: =SUMIFS(領用表!$L:$L,領用表!$E:$E,$B11,領用表!$B:$B,CN$2&CO$2) -> 0 | CP11: =SUMIFS(領用表!$L:$L,領用表!$E:$E,$B11,領用表!$B:$B,$CN$2&CP$2) -> 0 | CQ11: =SUMIFS(領用表!$L:$L,領用表!$E:$E,$B11,領用表!$B:$B,$CN$2&CQ$2) -> 0 | CR11: =SUMIFS(領用表!$L:$L,領用表!$E:$E,$B11,領用表!$B:$B,$CN$2&CR$2) -> 0 | CS11: =SUMIFS(領用表!$L:$L,領用表!$A:$A,CS$2,領用表!$E:$E,B11) -> 0 | CT11: =SUMIFS(領用表!$L:$L,領用表!$E:$E,$B11,領用表!$B:$B,CS$2&CT$2) -> 0 | CU11: =SUMIFS(領用表!$L:$L,領用表!$E:$E,$B11,領用表!$B:$B,$CS$2&CU$2) -> 0 | CV11: =SUMIFS(領用表!$L:$L,領用表!$E:$E,$B11,領用表!$B:$B,$CS$2&CV$2) -> 0 | CW11: =SUMIFS(領用表!$L:$L,領用表!$E:$E,$B11,領用表!$B:$B,$CS$2&CW$2) -> 0 | CX11: =SUMIFS(領用表!$L:$L,領用表!$E:$E,$B11,領用表!$B:$B,$CS$2&CX$2) -> 0 | CY11: =SUMIFS(領用表!$L:$L,領用表!$A:$A,CY$2,領用表!$E:$E,B11) -> 0 | CZ11: =SUMIFS(領用表!$L:$L,領用表!$E:$E,$B11,領用表!$B:$B,CY$2&CZ$2) -> 0 | DA11: =SUMIFS(領用表!$L:$L,領用表!$E:$E,$B11,領用表!$B:$B,$CY$2&DA$2) -> 0 | DB11: =SUMIFS(領用表!$L:$L,領用表!$E:$E,$B11,領用表!$B:$B,$CY$2&DB$2) -> 0 | DC11: =SUMIFS(領用表!$L:$L,領用表!$E:$E,$B11,領用表!$B:$B,$CY$2&DC$2) -> 0 | DD11: =SUMIFS(領用表!$L:$L,領用表!$E:$E,$B11,領用表!$B:$B,$CY$2&DD$2) -> 0 | DE11: =SUMIFS(領用表!$L:$L,領用表!$A:$A,DE$2,領用表!$E:$E,B11) -> 0 | DF11: =SUMIFS(領用表!$L:$L,領用表!$E:$E,$B11,領用表!$B:$B,DE$2&DF$2) -> 0 | DG11: =SUMIFS(領用表!$L:$L,領用表!$E:$E,$B11,領用表!$B:$B,$DE$2&DG$2) -> 0 | DH11: =SUMIFS(領用表!$L:$L,領用表!$E:$E,$B11,領用表!$B:$B,$DE$2&DH$2) -> 0 | DI11: =SUMIFS(領用表!$L:$L,領用表!$E:$E,$B11,領用表!$B:$B,$DE$2&DI$2) -> 0 | DJ11: =SUMIFS(領用表!$L:$L,領用表!$E:$E,$B11,領用表!$B:$B,$DE$2&DJ$2) -> 0 | DK11: =SUMIFS(領用表!$L:$L,領用表!$A:$A,DK$2,領用表!$E:$E,$B11) -> 0 | DL11: =SUMIFS(領用表!$L:$L,領用表!$E:$E,$B11,領用表!$B:$B,DK$2&DL$2) -> 0 | DM11: =SUMIFS(領用表!$L:$L,領用表!$E:$E,$B11,領用表!$B:$B,$DK$2&DM$2) -> 0 | DN11: =SUMIFS(領用表!$L:$L,領用表!$E:$E,$B11,領用表!$B:$B,$DK$2&DN$2) -> 0 | DO11: =SUMIFS(領用表!$L:$L,領用表!$E:$E,$B11,領用表!$B:$B,$DK$2&DO$2) -> 0 | DP11: =SUMIFS(領用表!$L:$L,領用表!$E:$E,$B11,領用表!$B:$B,$DK$2&DP$2) -> 0 | DQ11: =SUM(CN11,CS11,CY11,DE11,DK11) -> 0 | DR11: =AVERAGEA(CN11,CS11,CY11,DE11,DK11) -> 0 | DS11: =SUM(DT11:DW11) -> 2 | DT11: 1 | DU11: 0 | DV11: 1 | DW11: 0 | DX11: 1 | ED11: =IFERROR(VLOOKUP(A11,站前4樓!A:BF,57,0),0) -> 0 | EE11: =IFERROR(VLOOKUP(A11,站前11樓!A:BE,57,0),0) -> 0 | EF11: =IFERROR(VLOOKUP(A11,忠孝7樓!A:N,57,0),0) -> 0 | EG11: =IFERROR(VLOOKUP(A11,忠孝國際醫學3樓!A:L,57,0),0) -> 0 | EH11: =SUM(ED11:EG11) -> 0 | EJ11: 6 | EK11: 4
A12: MP1MA010012A | B12: 6180005 | C12: MINT秘特拉提線FINE 18CM(1支) | D12: 20 | E12: PCS | F12: =SUMIF(站前4樓!B:B,B12,站前4樓!F:F) -> 0 | G12: =SUMIF(站前11樓!B:B,B12,站前11樓!F:F) -> 0 | H12: =SUMIF(忠孝7樓!B:B,B12,忠孝7樓!G:G) -> 28 | I12: =SUMIF(忠孝國際醫學3樓!B:B,B12,忠孝國際醫學3樓!G:G) -> 0 | J12: =SUMIF(忠孝健康7樓!B:B,B12,忠孝健康7樓!G:G) -> 4 | K12: 0 | L12: 0 | M12: 0 | N12: 0 | O12: 0 | P12: 0 | Q12: 0 | R12: 0 | S12: 0 | T12: 0 | U12: 0 | V12: 0 | W12: 0 | X12: 0 | Y12: 0 | Z12: 0 | AA12: 0 | AB12: 0 | AC12: 0 | AD12: 0 | AE12: 0 | AF12: 0 | AG12: 0 | AH12: 0 | AI12: 32 | AJ12: 1.2 | AK12: 2.2 | AL12: 2.2 | AM12: 1.6 | AN12: 3.4 | AO12: 2.2 | AP12: 0.4 | AQ12: 0.6 | AR12: 0.4 | AS12: 0.2 | AT12: 0.4 | AU12: 28 | AV12: =SUM(AJ12:AU12) -> 42.8 | AW12: =AV12/12 -> 3.5666667 | AX12: 0 | AY12: 8 | AZ12: 0 | BA12: 0 | BB12: 0 | BC12: =SUMIFS(領用表!$L:$L,領用表!$A:$A,BC$2,領用表!$E:$E,B12) -> 12 | BD12: =SUMIFS(領用表!$L:$L,領用表!$E:$E,$B12,領用表!$B:$B,BC$2&BD$2) -> 12 | BE12: =SUMIFS(領用表!$L:$L,領用表!$E:$E,$B12,領用表!$B:$B,$BC$2&BE$2) -> 0 | BF12: =SUMIFS(領用表!$L:$L,領用表!$E:$E,$B12,領用表!$B:$B,$BC$2&BF$2) -> 0 | BG12: =SUMIFS(領用表!$L:$L,領用表!$E:$E,$B12,領用表!$B:$B,$BC$2&BG$2) -> 0 | BH12: =SUMIFS(領用表!$L:$L,領用表!$A:$A,BH$2,領用表!$E:$E,B12) -> 4 | BI12: =SUMIFS(領用表!$L:$L,領用表!$E:$E,$B12,領用表!$B:$B,BH$2&BI$2) -> 4 | BJ12: =SUMIFS(領用表!$L:$L,領用表!$E:$E,$B12,領用表!$B:$B,$BH$2&BJ$2) -> 0 | BK12: =SUMIFS(領用表!$L:$L,領用表!$E:$E,$B12,領用表!$B:$B,$BH$2&BK$2) -> 0 | BL12: =SUMIFS(領用表!$L:$L,領用表!$E:$E,$B12,領用表!$B:$B,$BH$2&BL$2) -> 0 | BM12: =SUMIFS(領用表!$L:$L,領用表!$A:$A,BM$2,領用表!$E:$E,B12) -> 0 | BN12: =SUMIFS(領用表!$L:$L,領用表!$E:$E,$B12,領用表!$B:$B,BM$2&BN$2) -> 0 | BO12: =SUMIFS(領用表!$L:$L,領用表!$E:$E,$B12,領用表!$B:$B,$BM$2&BO$2) -> 0 | BP12: =SUMIFS(領用表!$L:$L,領用表!$E:$E,$B12,領用表!$B:$B,$BM$2&BP$2) -> 0 | BQ12: =SUMIFS(領用表!$L:$L,領用表!$E:$E,$B12,領用表!$B:$B,$BM$2&BQ$2) -> 0 | BR12: =SUMIFS(領用表!$L:$L,領用表!$A:$A,BR$2,領用表!$E:$E,B12) -> 0 | BS12: =SUMIFS(領用表!$L:$L,領用表!$E:$E,$B12,領用表!$B:$B,BR$2&BS$2) -> 0 | BT12: =SUMIFS(領用表!$L:$L,領用表!$E:$E,$B12,領用表!$B:$B,$BR$2&BT$2) -> 0 | BU12: =SUMIFS(領用表!$L:$L,領用表!$E:$E,$B12,領用表!$B:$B,$BR$2&BU$2) -> 0 | BV12: =SUMIFS(領用表!$L:$L,領用表!$E:$E,$B12,領用表!$B:$B,$BR$2&BV$2) -> 0 | BW12: =SUMIFS(領用表!$L:$L,領用表!$A:$A,BW$2,領用表!$E:$E,B12) -> 8 | BX12: =SUMIFS(領用表!$L:$L,領用表!$E:$E,$B12,領用表!$B:$B,BW$2&BX$2) -> 8 | BY12: =SUMIFS(領用表!$L:$L,領用表!$E:$E,$B12,領用表!$B:$B,$BW$2&BY$2) -> 0 | BZ12: =SUMIFS(領用表!$L:$L,領用表!$E:$E,$B12,領用表!$B:$B,$BW$2&BZ$2) -> 0 | CA12: =SUMIFS(領用表!$L:$L,領用表!$E:$E,$B12,領用表!$B:$B,$BW$2&CA$2) -> 0 | CB12: =SUMIFS(領用表!$L:$L,領用表!$A:$A,CB$2,領用表!$E:$E,B12) -> 16 | CC12: =SUMIFS(領用表!$L:$L,領用表!$E:$E,$B12,領用表!$B:$B,CB$2&CC$2) -> 0 | CD12: =SUMIFS(領用表!$L:$L,領用表!$E:$E,$B12,領用表!$B:$B,$CB$2&CD$2) -> 0 | CE12: =SUMIFS(領用表!$L:$L,領用表!$E:$E,$B12,領用表!$B:$B,$CB$2&CE$2) -> 16 | CF12: =SUMIFS(領用表!$L:$L,領用表!$E:$E,$B12,領用表!$B:$B,$CB$2&CF$2) -> 0 | CG12: =SUMIFS(領用表!$L:$L,領用表!$A:$A,CG$2,領用表!$E:$E,B12) -> 28 | CH12: =SUMIFS(領用表!$L:$L,領用表!$E:$E,$B12,領用表!$B:$B,CG$2&CH$2) -> 8 | CI12: =SUMIFS(領用表!$L:$L,領用表!$E:$E,$B12,領用表!$B:$B,CG$2&CI$2) -> 0 | CJ12: =SUMIFS(領用表!$L:$L,領用表!$E:$E,$B12,領用表!$B:$B,CG$2&CJ$2) -> 20 | CK12: =SUMIFS(領用表!$L:$L,領用表!$E:$E,$B12,領用表!$B:$B,$CG$2&CK$2) -> 0 | CL12: =SUM(AX12,AY12,AZ12,BA12,BB12,BC12,BH12,BM12,BR12,BW12,CB12,CG12) -> 76 | CM12: =AVERAGE(AX12,AY12,AZ12,BA12,BB12,BC12,BH12,BM12,BR12,BW12,CB12,CG12) -> 6.3333333 | CN12: =SUMIFS(領用表!$L:$L,領用表!$A:$A,CN$2,領用表!$E:$E,B12) -> 0 | CO12: =SUMIFS(領用表!$L:$L,領用表!$E:$E,$B12,領用表!$B:$B,CN$2&CO$2) -> 0 | CP12: =SUMIFS(領用表!$L:$L,領用表!$E:$E,$B12,領用表!$B:$B,$CN$2&CP$2) -> 0 | CQ12: =SUMIFS(領用表!$L:$L,領用表!$E:$E,$B12,領用表!$B:$B,$CN$2&CQ$2) -> 0 | CR12: =SUMIFS(領用表!$L:$L,領用表!$E:$E,$B12,領用表!$B:$B,$CN$2&CR$2) -> 0 | CS12: =SUMIFS(領用表!$L:$L,領用表!$A:$A,CS$2,領用表!$E:$E,B12) -> 24 | CT12: =SUMIFS(領用表!$L:$L,領用表!$E:$E,$B12,領用表!$B:$B,CS$2&CT$2) -> 12 | CU12: =SUMIFS(領用表!$L:$L,領用表!$E:$E,$B12,領用表!$B:$B,$CS$2&CU$2) -> 0 | CV12: =SUMIFS(領用表!$L:$L,領用表!$E:$E,$B12,領用表!$B:$B,$CS$2&CV$2) -> 12 | CW12: =SUMIFS(領用表!$L:$L,領用表!$E:$E,$B12,領用表!$B:$B,$CS$2&CW$2) -> 0 | CX12: =SUMIFS(領用表!$L:$L,領用表!$E:$E,$B12,領用表!$B:$B,$CS$2&CX$2) -> 0 | CY12: =SUMIFS(領用表!$L:$L,領用表!$A:$A,CY$2,領用表!$E:$E,B12) -> 12 | CZ12: =SUMIFS(領用表!$L:$L,領用表!$E:$E,$B12,領用表!$B:$B,CY$2&CZ$2) -> 12 | DA12: =SUMIFS(領用表!$L:$L,領用表!$E:$E,$B12,領用表!$B:$B,$CY$2&DA$2) -> 0 | DB12: =SUMIFS(領用表!$L:$L,領用表!$E:$E,$B12,領用表!$B:$B,$CY$2&DB$2) -> 0 | DC12: =SUMIFS(領用表!$L:$L,領用表!$E:$E,$B12,領用表!$B:$B,$CY$2&DC$2) -> 0 | DD12: =SUMIFS(領用表!$L:$L,領用表!$E:$E,$B12,領用表!$B:$B,$CY$2&DD$2) -> 0 | DE12: =SUMIFS(領用表!$L:$L,領用表!$A:$A,DE$2,領用表!$E:$E,B12) -> 4 | DF12: =SUMIFS(領用表!$L:$L,領用表!$E:$E,$B12,領用表!$B:$B,DE$2&DF$2) -> 4 | DG12: =SUMIFS(領用表!$L:$L,領用表!$E:$E,$B12,領用表!$B:$B,$DE$2&DG$2) -> 0 | DH12: =SUMIFS(領用表!$L:$L,領用表!$E:$E,$B12,領用表!$B:$B,$DE$2&DH$2) -> 0 | DI12: =SUMIFS(領用表!$L:$L,領用表!$E:$E,$B12,領用表!$B:$B,$DE$2&DI$2) -> 0 | DJ12: =SUMIFS(領用表!$L:$L,領用表!$E:$E,$B12,領用表!$B:$B,$DE$2&DJ$2) -> 0 | DK12: =SUMIFS(領用表!$L:$L,領用表!$A:$A,DK$2,領用表!$E:$E,$B12) -> 16 | DL12: =SUMIFS(領用表!$L:$L,領用表!$E:$E,$B12,領用表!$B:$B,DK$2&DL$2) -> 16 | DM12: =SUMIFS(領用表!$L:$L,領用表!$E:$E,$B12,領用表!$B:$B,$DK$2&DM$2) -> 0 | DN12: =SUMIFS(領用表!$L:$L,領用表!$E:$E,$B12,領用表!$B:$B,$DK$2&DN$2) -> 0 | DO12: =SUMIFS(領用表!$L:$L,領用表!$E:$E,$B12,領用表!$B:$B,$DK$2&DO$2) -> 0 | DP12: =SUMIFS(領用表!$L:$L,領用表!$E:$E,$B12,領用表!$B:$B,$DK$2&DP$2) -> 0 | DQ12: =SUM(CN12,CS12,CY12,DE12,DK12) -> 56 | DR12: =AVERAGEA(CN12,CS12,CY12,DE12,DK12) -> 11.2 | DS12: =SUM(DT12:DW12) -> 14 | DT12: 4 | DU12: 0 | DV12: 10 | DW12: 0 | DX12: 20 | ED12: =IFERROR(VLOOKUP(A12,站前4樓!A:BF,57,0),0) -> 0 | EE12: =IFERROR(VLOOKUP(A12,站前11樓!A:BE,57,0),0) -> 0 | EF12: =IFERROR(VLOOKUP(A12,忠孝7樓!A:N,57,0),0) -> 0 | EG12: =IFERROR(VLOOKUP(A12,忠孝國際醫學3樓!A:L,57,0),0) -> 0 | EH12: =SUM(ED12:EG12) -> 0 | EJ12: 48 | EK12: 8
A13: MP1MA010013A | B13: 6180013 | C13: MINT秘特拉提線FIX 18CM(1支) | D13: 20 | E13: PCS | F13: =SUMIF(站前4樓!B:B,B13,站前4樓!F:F) -> 24 | G13: =SUMIF(站前11樓!B:B,B13,站前11樓!F:F) -> 0 | H13: =SUMIF(忠孝7樓!B:B,B13,忠孝7樓!G:G) -> 12 | I13: =SUMIF(忠孝國際醫學3樓!B:B,B13,忠孝國際醫學3樓!G:G) -> 0 | J13: =SUMIF(忠孝健康7樓!B:B,B13,忠孝健康7樓!G:G) -> 0 | K13: 0 | L13: 0 | M13: 0 | N13: 0 | O13: 0 | P13: 0 | Q13: 0 | R13: 0 | S13: 0 | T13: 0 | U13: 0 | V13: 0 | W13: 0 | X13: 0 | Y13: 0 | Z13: 0 | AA13: 0 | AB13: 0 | AC13: 0 | AD13: 0 | AE13: 0 | AF13: 0 | AG13: 0 | AH13: 0 | AI13: 0 | AJ13: 0 | AK13: 0 | AL13: 0 | AM13: 0.4 | AN13: 0 | AO13: 0.4 | AP13: 0.2 | AQ13: 0.8 | AR13: 0.2 | AS13: 0.6 | AT13: 0 | AU13: 0 | AV13: =SUM(AJ13:AU13) -> 2.6 | AW13: =AV13/12 -> 0.21666667 | AX13: 23 | AY13: 0 | AZ13: 0 | BA13: 0 | BB13: 8 | BC13: =SUMIFS(領用表!$L:$L,領用表!$A:$A,BC$2,領用表!$E:$E,B13) -> 4 | BD13: =SUMIFS(領用表!$L:$L,領用表!$E:$E,$B13,領用表!$B:$B,BC$2&BD$2) -> 4 | BE13: =SUMIFS(領用表!$L:$L,領用表!$E:$E,$B13,領用表!$B:$B,$BC$2&BE$2) -> 0 | BF13: =SUMIFS(領用表!$L:$L,領用表!$E:$E,$B13,領用表!$B:$B,$BC$2&BF$2) -> 0 | BG13: =SUMIFS(領用表!$L:$L,領用表!$E:$E,$B13,領用表!$B:$B,$BC$2&BG$2) -> 0 | BH13: =SUMIFS(領用表!$L:$L,領用表!$A:$A,BH$2,領用表!$E:$E,B13) -> 8 | BI13: =SUMIFS(領用表!$L:$L,領用表!$E:$E,$B13,領用表!$B:$B,BH$2&BI$2) -> 8 | BJ13: =SUMIFS(領用表!$L:$L,領用表!$E:$E,$B13,領用表!$B:$B,$BH$2&BJ$2) -> 0 | BK13: =SUMIFS(領用表!$L:$L,領用表!$E:$E,$B13,領用表!$B:$B,$BH$2&BK$2) -> 0 | BL13: =SUMIFS(領用表!$L:$L,領用表!$E:$E,$B13,領用表!$B:$B,$BH$2&BL$2) -> 0 | BM13: =SUMIFS(領用表!$L:$L,領用表!$A:$A,BM$2,領用表!$E:$E,B13) -> 0 | BN13: =SUMIFS(領用表!$L:$L,領用表!$E:$E,$B13,領用表!$B:$B,BM$2&BN$2) -> 0 | BO13: =SUMIFS(領用表!$L:$L,領用表!$E:$E,$B13,領用表!$B:$B,$BM$2&BO$2) -> 0 | BP13: =SUMIFS(領用表!$L:$L,領用表!$E:$E,$B13,領用表!$B:$B,$BM$2&BP$2) -> 0 | BQ13: =SUMIFS(領用表!$L:$L,領用表!$E:$E,$B13,領用表!$B:$B,$BM$2&BQ$2) -> 0 | BR13: =SUMIFS(領用表!$L:$L,領用表!$A:$A,BR$2,領用表!$E:$E,B13) -> 0 | BS13: =SUMIFS(領用表!$L:$L,領用表!$E:$E,$B13,領用表!$B:$B,BR$2&BS$2) -> 0 | BT13: =SUMIFS(領用表!$L:$L,領用表!$E:$E,$B13,領用表!$B:$B,$BR$2&BT$2) -> 0 | BU13: =SUMIFS(領用表!$L:$L,領用表!$E:$E,$B13,領用表!$B:$B,$BR$2&BU$2) -> 0 | BV13: =SUMIFS(領用表!$L:$L,領用表!$E:$E,$B13,領用表!$B:$B,$BR$2&BV$2) -> 0 | BW13: =SUMIFS(領用表!$L:$L,領用表!$A:$A,BW$2,領用表!$E:$E,B13) -> 8 | BX13: =SUMIFS(領用表!$L:$L,領用表!$E:$E,$B13,領用表!$B:$B,BW$2&BX$2) -> 0 | BY13: =SUMIFS(領用表!$L:$L,領用表!$E:$E,$B13,領用表!$B:$B,$BW$2&BY$2) -> 0 | BZ13: =SUMIFS(領用表!$L:$L,領用表!$E:$E,$B13,領用表!$B:$B,$BW$2&BZ$2) -> 8 | CA13: =SUMIFS(領用表!$L:$L,領用表!$E:$E,$B13,領用表!$B:$B,$BW$2&CA$2) -> 0 | CB13: =SUMIFS(領用表!$L:$L,領用表!$A:$A,CB$2,領用表!$E:$E,B13) -> 8 | CC13: =SUMIFS(領用表!$L:$L,領用表!$E:$E,$B13,領用表!$B:$B,CB$2&CC$2) -> 0 | CD13: =SUMIFS(領用表!$L:$L,領用表!$E:$E,$B13,領用表!$B:$B,$CB$2&CD$2) -> 0 | CE13: =SUMIFS(領用表!$L:$L,領用表!$E:$E,$B13,領用表!$B:$B,$CB$2&CE$2) -> 8 | CF13: =SUMIFS(領用表!$L:$L,領用表!$E:$E,$B13,領用表!$B:$B,$CB$2&CF$2) -> 0 | CG13: =SUMIFS(領用表!$L:$L,領用表!$A:$A,CG$2,領用表!$E:$E,B13) -> 4 | CH13: =SUMIFS(領用表!$L:$L,領用表!$E:$E,$B13,領用表!$B:$B,CG$2&CH$2) -> 0 | CI13: =SUMIFS(領用表!$L:$L,領用表!$E:$E,$B13,領用表!$B:$B,CG$2&CI$2) -> 0 | CJ13: =SUMIFS(領用表!$L:$L,領用表!$E:$E,$B13,領用表!$B:$B,CG$2&CJ$2) -> 4 | CK13: =SUMIFS(領用表!$L:$L,領用表!$E:$E,$B13,領用表!$B:$B,$CG$2&CK$2) -> 0 | CL13: =SUM(AX13,AY13,AZ13,BA13,BB13,BC13,BH13,BM13,BR13,BW13,CB13,CG13) -> 63 | CM13: =AVERAGE(AX13,AY13,AZ13,BA13,BB13,BC13,BH13,BM13,BR13,BW13,CB13,CG13) -> 5.25 | CN13: =SUMIFS(領用表!$L:$L,領用表!$A:$A,CN$2,領用表!$E:$E,B13) -> 4 | CO13: =SUMIFS(領用表!$L:$L,領用表!$E:$E,$B13,領用表!$B:$B,CN$2&CO$2) -> 0 | CP13: =SUMIFS(領用表!$L:$L,領用表!$E:$E,$B13,領用表!$B:$B,$CN$2&CP$2) -> 0 | CQ13: =SUMIFS(領用表!$L:$L,領用表!$E:$E,$B13,領用表!$B:$B,$CN$2&CQ$2) -> 4 | CR13: =SUMIFS(領用表!$L:$L,領用表!$E:$E,$B13,領用表!$B:$B,$CN$2&CR$2) -> 0 | CS13: =SUMIFS(領用表!$L:$L,領用表!$A:$A,CS$2,領用表!$E:$E,B13) -> 0 | CT13: =SUMIFS(領用表!$L:$L,領用表!$E:$E,$B13,領用表!$B:$B,CS$2&CT$2) -> 0 | CU13: =SUMIFS(領用表!$L:$L,領用表!$E:$E,$B13,領用表!$B:$B,$CS$2&CU$2) -> 0 | CV13: =SUMIFS(領用表!$L:$L,領用表!$E:$E,$B13,領用表!$B:$B,$CS$2&CV$2) -> 0 | CW13: =SUMIFS(領用表!$L:$L,領用表!$E:$E,$B13,領用表!$B:$B,$CS$2&CW$2) -> 0 | CX13: =SUMIFS(領用表!$L:$L,領用表!$E:$E,$B13,領用表!$B:$B,$CS$2&CX$2) -> 0 | CY13: =SUMIFS(領用表!$L:$L,領用表!$A:$A,CY$2,領用表!$E:$E,B13) -> 12 | CZ13: =SUMIFS(領用表!$L:$L,領用表!$E:$E,$B13,領用表!$B:$B,CY$2&CZ$2) -> 0 | DA13: =SUMIFS(領用表!$L:$L,領用表!$E:$E,$B13,領用表!$B:$B,$CY$2&DA$2) -> 0 | DB13: =SUMIFS(領用表!$L:$L,領用表!$E:$E,$B13,領用表!$B:$B,$CY$2&DB$2) -> 0 | DC13: =SUMIFS(領用表!$L:$L,領用表!$E:$E,$B13,領用表!$B:$B,$CY$2&DC$2) -> 0 | DD13: =SUMIFS(領用表!$L:$L,領用表!$E:$E,$B13,領用表!$B:$B,$CY$2&DD$2) -> 12 | DE13: =SUMIFS(領用表!$L:$L,領用表!$A:$A,DE$2,領用表!$E:$E,B13) -> 8 | DF13: =SUMIFS(領用表!$L:$L,領用表!$E:$E,$B13,領用表!$B:$B,DE$2&DF$2) -> 0 | DG13: =SUMIFS(領用表!$L:$L,領用表!$E:$E,$B13,領用表!$B:$B,$DE$2&DG$2) -> 0 | DH13: =SUMIFS(領用表!$L:$L,領用表!$E:$E,$B13,領用表!$B:$B,$DE$2&DH$2) -> 8 | DI13: =SUMIFS(領用表!$L:$L,領用表!$E:$E,$B13,領用表!$B:$B,$DE$2&DI$2) -> 0 | DJ13: =SUMIFS(領用表!$L:$L,領用表!$E:$E,$B13,領用表!$B:$B,$DE$2&DJ$2) -> 0 | DK13: =SUMIFS(領用表!$L:$L,領用表!$A:$A,DK$2,領用表!$E:$E,$B13) -> 4 | DL13: =SUMIFS(領用表!$L:$L,領用表!$E:$E,$B13,領用表!$B:$B,DK$2&DL$2) -> 4 | DM13: =SUMIFS(領用表!$L:$L,領用表!$E:$E,$B13,領用表!$B:$B,$DK$2&DM$2) -> 0 | DN13: =SUMIFS(領用表!$L:$L,領用表!$E:$E,$B13,領用表!$B:$B,$DK$2&DN$2) -> 0 | DO13: =SUMIFS(領用表!$L:$L,領用表!$E:$E,$B13,領用表!$B:$B,$DK$2&DO$2) -> 0 | DP13: =SUMIFS(領用表!$L:$L,領用表!$E:$E,$B13,領用表!$B:$B,$DK$2&DP$2) -> 0 | DQ13: =SUM(CN13,CS13,CY13,DE13,DK13) -> 28 | DR13: =AVERAGEA(CN13,CS13,CY13,DE13,DK13) -> 5.6 | DS13: =SUM(DT13:DW13) -> 6 | DT13: 1 | DU13: 0 | DV13: 5 | DW13: 0 | DX13: 20 | ED13: =IFERROR(VLOOKUP(A13,站前4樓!A:BF,57,0),0) -> 0 | EE13: =IFERROR(VLOOKUP(A13,站前11樓!A:BE,57,0),0) -> 0 | EF13: =IFERROR(VLOOKUP(A13,忠孝7樓!A:N,57,0),0) -> 0 | EG13: =IFERROR(VLOOKUP(A13,忠孝國際醫學3樓!A:L,57,0),0) -> 0 | EH13: =SUM(ED13:EG13) -> 0 | EJ13: 40 | EK13: 24
A14: MP1MA010014A | B14: 6180007 | C14: MINT秘特拉提線PETIT 15CM(1支) | D14: 20 | E14: PCS | F14: =SUMIF(站前4樓!B:B,B14,站前4樓!F:F) -> 0 | G14: =SUMIF(站前11樓!B:B,B14,站前11樓!F:F) -> 0 | H14: =SUMIF(忠孝7樓!B:B,B14,忠孝7樓!G:G) -> 16 | I14: =SUMIF(忠孝國際醫學3樓!B:B,B14,忠孝國際醫學3樓!G:G) -> 0 | J14: =SUMIF(忠孝健康7樓!B:B,B14,忠孝健康7樓!G:G) -> 8 | K14: 0 | L14: 0 | M14: 0 | N14: 0 | O14: 0 | P14: 0 | Q14: 0 | R14: 0 | S14: 0 | T14: 0 | U14: 0 | V14: 0 | W14: 0 | X14: 0 | Y14: 0 | Z14: 0 | AA14: 0 | AB14: 0 | AC14: 0 | AD14: 0 | AE14: 0 | AF14: 0 | AG14: 0 | AH14: 0 | AI14: 0 | AJ14: 0 | AK14: 0 | AL14: 1 | AM14: 1.8 | AN14: 1.2 | AO14: 1.6 | AP14: 0.6 | AQ14: 2.2 | AR14: 0.8 | AS14: 1.2 | AT14: 0.6 | AU14: 24 | AV14: =SUM(AJ14:AU14) -> 35 | AW14: =AV14/12 -> 2.9166667 | AX14: 56 | AY14: 16 | AZ14: 0 | BA14: 0 | BB14: 4 | BC14: =SUMIFS(領用表!$L:$L,領用表!$A:$A,BC$2,領用表!$E:$E,B14) -> 16 | BD14: =SUMIFS(領用表!$L:$L,領用表!$E:$E,$B14,領用表!$B:$B,BC$2&BD$2) -> 16 | BE14: =SUMIFS(領用表!$L:$L,領用表!$E:$E,$B14,領用表!$B:$B,$BC$2&BE$2) -> 0 | BF14: =SUMIFS(領用表!$L:$L,領用表!$E:$E,$B14,領用表!$B:$B,$BC$2&BF$2) -> 0 | BG14: =SUMIFS(領用表!$L:$L,領用表!$E:$E,$B14,領用表!$B:$B,$BC$2&BG$2) -> 0 | BH14: =SUMIFS(領用表!$L:$L,領用表!$A:$A,BH$2,領用表!$E:$E,B14) -> 4 | BI14: =SUMIFS(領用表!$L:$L,領用表!$E:$E,$B14,領用表!$B:$B,BH$2&BI$2) -> 4 | BJ14: =SUMIFS(領用表!$L:$L,領用表!$E:$E,$B14,領用表!$B:$B,$BH$2&BJ$2) -> 0 | BK14: =SUMIFS(領用表!$L:$L,領用表!$E:$E,$B14,領用表!$B:$B,$BH$2&BK$2) -> 0 | BL14: =SUMIFS(領用表!$L:$L,領用表!$E:$E,$B14,領用表!$B:$B,$BH$2&BL$2) -> 0 | BM14: =SUMIFS(領用表!$L:$L,領用表!$A:$A,BM$2,領用表!$E:$E,B14) -> 4 | BN14: =SUMIFS(領用表!$L:$L,領用表!$E:$E,$B14,領用表!$B:$B,BM$2&BN$2) -> 0 | BO14: =SUMIFS(領用表!$L:$L,領用表!$E:$E,$B14,領用表!$B:$B,$BM$2&BO$2) -> 0 | BP14: =SUMIFS(領用表!$L:$L,領用表!$E:$E,$B14,領用表!$B:$B,$BM$2&BP$2) -> 4 | BQ14: =SUMIFS(領用表!$L:$L,領用表!$E:$E,$B14,領用表!$B:$B,$BM$2&BQ$2) -> 0 | BR14: =SUMIFS(領用表!$L:$L,領用表!$A:$A,BR$2,領用表!$E:$E,B14) -> 0 | BS14: =SUMIFS(領用表!$L:$L,領用表!$E:$E,$B14,領用表!$B:$B,BR$2&BS$2) -> 0 | BT14: =SUMIFS(領用表!$L:$L,領用表!$E:$E,$B14,領用表!$B:$B,$BR$2&BT$2) -> 0 | BU14: =SUMIFS(領用表!$L:$L,領用表!$E:$E,$B14,領用表!$B:$B,$BR$2&BU$2) -> 0 | BV14: =SUMIFS(領用表!$L:$L,領用表!$E:$E,$B14,領用表!$B:$B,$BR$2&BV$2) -> 0 | BW14: =SUMIFS(領用表!$L:$L,領用表!$A:$A,BW$2,領用表!$E:$E,B14) -> 4 | BX14: =SUMIFS(領用表!$L:$L,領用表!$E:$E,$B14,領用表!$B:$B,BW$2&BX$2) -> 0 | BY14: =SUMIFS(領用表!$L:$L,領用表!$E:$E,$B14,領用表!$B:$B,$BW$2&BY$2) -> 0 | BZ14: =SUMIFS(領用表!$L:$L,領用表!$E:$E,$B14,領用表!$B:$B,$BW$2&BZ$2) -> 4 | CA14: =SUMIFS(領用表!$L:$L,領用表!$E:$E,$B14,領用表!$B:$B,$BW$2&CA$2) -> 0 | CB14: =SUMIFS(領用表!$L:$L,領用表!$A:$A,CB$2,領用表!$E:$E,B14) -> 24 | CC14: =SUMIFS(領用表!$L:$L,領用表!$E:$E,$B14,領用表!$B:$B,CB$2&CC$2) -> 0 | CD14: =SUMIFS(領用表!$L:$L,領用表!$E:$E,$B14,領用表!$B:$B,$CB$2&CD$2) -> 0 | CE14: =SUMIFS(領用表!$L:$L,領用表!$E:$E,$B14,領用表!$B:$B,$CB$2&CE$2) -> 24 | CF14: =SUMIFS(領用表!$L:$L,領用表!$E:$E,$B14,領用表!$B:$B,$CB$2&CF$2) -> 0 | CG14: =SUMIFS(領用表!$L:$L,領用表!$A:$A,CG$2,領用表!$E:$E,B14) -> 44 | CH14: =SUMIFS(領用表!$L:$L,領用表!$E:$E,$B14,領用表!$B:$B,CG$2&CH$2) -> 4 | CI14: =SUMIFS(領用表!$L:$L,領用表!$E:$E,$B14,領用表!$B:$B,CG$2&CI$2) -> 0 | CJ14: =SUMIFS(領用表!$L:$L,領用表!$E:$E,$B14,領用表!$B:$B,CG$2&CJ$2) -> 40 | CK14: =SUMIFS(領用表!$L:$L,領用表!$E:$E,$B14,領用表!$B:$B,$CG$2&CK$2) -> 0 | CL14: =SUM(AX14,AY14,AZ14,BA14,BB14,BC14,BH14,BM14,BR14,BW14,CB14,CG14) -> 172 | CM14: =AVERAGE(AX14,AY14,AZ14,BA14,BB14,BC14,BH14,BM14,BR14,BW14,CB14,CG14) -> 14.333333 | CN14: =SUMIFS(領用表!$L:$L,領用表!$A:$A,CN$2,領用表!$E:$E,B14) -> 8 | CO14: =SUMIFS(領用表!$L:$L,領用表!$E:$E,$B14,領用表!$B:$B,CN$2&CO$2) -> 0 | CP14: =SUMIFS(領用表!$L:$L,領用表!$E:$E,$B14,領用表!$B:$B,$CN$2&CP$2) -> 0 | CQ14: =SUMIFS(領用表!$L:$L,領用表!$E:$E,$B14,領用表!$B:$B,$CN$2&CQ$2) -> 8 | CR14: =SUMIFS(領用表!$L:$L,領用表!$E:$E,$B14,領用表!$B:$B,$CN$2&CR$2) -> 0 | CS14: =SUMIFS(領用表!$L:$L,領用表!$A:$A,CS$2,領用表!$E:$E,B14) -> 16 | CT14: =SUMIFS(領用表!$L:$L,領用表!$E:$E,$B14,領用表!$B:$B,CS$2&CT$2) -> 0 | CU14: =SUMIFS(領用表!$L:$L,領用表!$E:$E,$B14,領用表!$B:$B,$CS$2&CU$2) -> 0 | CV14: =SUMIFS(領用表!$L:$L,領用表!$E:$E,$B14,領用表!$B:$B,$CS$2&CV$2) -> 16 | CW14: =SUMIFS(領用表!$L:$L,領用表!$E:$E,$B14,領用表!$B:$B,$CS$2&CW$2) -> 0 | CX14: =SUMIFS(領用表!$L:$L,領用表!$E:$E,$B14,領用表!$B:$B,$CS$2&CX$2) -> 0 | CY14: =SUMIFS(領用表!$L:$L,領用表!$A:$A,CY$2,領用表!$E:$E,B14) -> 16 | CZ14: =SUMIFS(領用表!$L:$L,領用表!$E:$E,$B14,領用表!$B:$B,CY$2&CZ$2) -> 0 | DA14: =SUMIFS(領用表!$L:$L,領用表!$E:$E,$B14,領用表!$B:$B,$CY$2&DA$2) -> 0 | DB14: =SUMIFS(領用表!$L:$L,領用表!$E:$E,$B14,領用表!$B:$B,$CY$2&DB$2) -> 8 | DC14: =SUMIFS(領用表!$L:$L,領用表!$E:$E,$B14,領用表!$B:$B,$CY$2&DC$2) -> 0 | DD14: =SUMIFS(領用表!$L:$L,領用表!$E:$E,$B14,領用表!$B:$B,$CY$2&DD$2) -> 8 | DE14: =SUMIFS(領用表!$L:$L,領用表!$A:$A,DE$2,領用表!$E:$E,B14) -> 0 | DF14: =SUMIFS(領用表!$L:$L,領用表!$E:$E,$B14,領用表!$B:$B,DE$2&DF$2) -> 0 | DG14: =SUMIFS(領用表!$L:$L,領用表!$E:$E,$B14,領用表!$B:$B,$DE$2&DG$2) -> 0 | DH14: =SUMIFS(領用表!$L:$L,領用表!$E:$E,$B14,領用表!$B:$B,$DE$2&DH$2) -> 0 | DI14: =SUMIFS(領用表!$L:$L,領用表!$E:$E,$B14,領用表!$B:$B,$DE$2&DI$2) -> 0 | DJ14: =SUMIFS(領用表!$L:$L,領用表!$E:$E,$B14,領用表!$B:$B,$DE$2&DJ$2) -> 0 | DK14: =SUMIFS(領用表!$L:$L,領用表!$A:$A,DK$2,領用表!$E:$E,$B14) -> 12 | DL14: =SUMIFS(領用表!$L:$L,領用表!$E:$E,$B14,領用表!$B:$B,DK$2&DL$2) -> 8 | DM14: =SUMIFS(領用表!$L:$L,領用表!$E:$E,$B14,領用表!$B:$B,$DK$2&DM$2) -> 0 | DN14: =SUMIFS(領用表!$L:$L,領用表!$E:$E,$B14,領用表!$B:$B,$DK$2&DN$2) -> 4 | DO14: =SUMIFS(領用表!$L:$L,領用表!$E:$E,$B14,領用表!$B:$B,$DK$2&DO$2) -> 0 | DP14: =SUMIFS(領用表!$L:$L,領用表!$E:$E,$B14,領用表!$B:$B,$DK$2&DP$2) -> 0 | DQ14: =SUM(CN14,CS14,CY14,DE14,DK14) -> 52 | DR14: =AVERAGEA(CN14,CS14,CY14,DE14,DK14) -> 10.4 | DS14: =SUM(DT14:DW14) -> 16 | DT14: 4 | DU14: 0 | DV14: 12 | DW14: 0 | DX14: 20 | ED14: =IFERROR(VLOOKUP(A14,站前4樓!A:BF,57,0),0) -> 0 | EE14: =IFERROR(VLOOKUP(A14,站前11樓!A:BE,57,0),0) -> 0 | EF14: =IFERROR(VLOOKUP(A14,忠孝7樓!A:N,57,0),0) -> 0 | EG14: =IFERROR(VLOOKUP(A14,忠孝國際醫學3樓!A:L,57,0),0) -> 0 | EH14: =SUM(ED14:EG14) -> 0 | EJ14: 8 | EK14: 32
A15: MP1MA010015A | B15: 6180009 | C15: MINT秘特拉提線TIP 4CM(1支) | D15: 10 | E15: PCS | F15: =SUMIF(站前4樓!B:B,B15,站前4樓!F:F) -> 22 | G15: =SUMIF(站前11樓!B:B,B15,站前11樓!F:F) -> 0 | H15: =SUMIF(忠孝7樓!B:B,B15,忠孝7樓!G:G) -> 20 | I15: =SUMIF(忠孝國際醫學3樓!B:B,B15,忠孝國際醫學3樓!G:G) -> 0 | J15: =SUMIF(忠孝健康7樓!B:B,B15,忠孝健康7樓!G:G) -> 6 | K15: 0 | L15: 0 | M15: 0 | N15: 0 | O15: 0 | P15: 0 | Q15: 0 | R15: 0 | S15: 0 | T15: 0 | U15: 0 | V15: 0 | W15: 0 | X15: 0 | Y15: 0 | Z15: 0 | AA15: 0 | AB15: 0 | AC15: 0 | AD15: 0 | AE15: 0 | AF15: 0 | AG15: 0 | AH15: 0 | AI15: 0 | AJ15: 0.4 | AK15: 0.2 | AL15: 0.8 | AM15: 0.2 | AN15: 1.4 | AO15: 0.8 | AP15: 0.6 | AQ15: 0.6 | AR15: 0.4 | AS15: 0.6 | AT15: 0.6 | AU15: 0 | AV15: =SUM(AJ15:AU15) -> 6.6 | AW15: =AV15/12 -> 0.55 | AX15: 4 | AY15: 4 | AZ15: 12 | BA15: 0 | BB15: 8 | BC15: =SUMIFS(領用表!$L:$L,領用表!$A:$A,BC$2,領用表!$E:$E,B15) -> 0 | BD15: =SUMIFS(領用表!$L:$L,領用表!$E:$E,$B15,領用表!$B:$B,BC$2&BD$2) -> 0 | BE15: =SUMIFS(領用表!$L:$L,領用表!$E:$E,$B15,領用表!$B:$B,$BC$2&BE$2) -> 0 | BF15: =SUMIFS(領用表!$L:$L,領用表!$E:$E,$B15,領用表!$B:$B,$BC$2&BF$2) -> 0 | BG15: =SUMIFS(領用表!$L:$L,領用表!$E:$E,$B15,領用表!$B:$B,$BC$2&BG$2) -> 0 | BH15: =SUMIFS(領用表!$L:$L,領用表!$A:$A,BH$2,領用表!$E:$E,B15) -> 8 | BI15: =SUMIFS(領用表!$L:$L,領用表!$E:$E,$B15,領用表!$B:$B,BH$2&BI$2) -> 4 | BJ15: =SUMIFS(領用表!$L:$L,領用表!$E:$E,$B15,領用表!$B:$B,$BH$2&BJ$2) -> 0 | BK15: =SUMIFS(領用表!$L:$L,領用表!$E:$E,$B15,領用表!$B:$B,$BH$2&BK$2) -> 4 | BL15: =SUMIFS(領用表!$L:$L,領用表!$E:$E,$B15,領用表!$B:$B,$BH$2&BL$2) -> 0 | BM15: =SUMIFS(領用表!$L:$L,領用表!$A:$A,BM$2,領用表!$E:$E,B15) -> 8 | BN15: =SUMIFS(領用表!$L:$L,領用表!$E:$E,$B15,領用表!$B:$B,BM$2&BN$2) -> 8 | BO15: =SUMIFS(領用表!$L:$L,領用表!$E:$E,$B15,領用表!$B:$B,$BM$2&BO$2) -> 0 | BP15: =SUMIFS(領用表!$L:$L,領用表!$E:$E,$B15,領用表!$B:$B,$BM$2&BP$2) -> 0 | BQ15: =SUMIFS(領用表!$L:$L,領用表!$E:$E,$B15,領用表!$B:$B,$BM$2&BQ$2) -> 0 | BR15: =SUMIFS(領用表!$L:$L,領用表!$A:$A,BR$2,領用表!$E:$E,B15) -> 8 | BS15: =SUMIFS(領用表!$L:$L,領用表!$E:$E,$B15,領用表!$B:$B,BR$2&BS$2) -> 8 | BT15: =SUMIFS(領用表!$L:$L,領用表!$E:$E,$B15,領用表!$B:$B,$BR$2&BT$2) -> 0 | BU15: =SUMIFS(領用表!$L:$L,領用表!$E:$E,$B15,領用表!$B:$B,$BR$2&BU$2) -> 0 | BV15: =SUMIFS(領用表!$L:$L,領用表!$E:$E,$B15,領用表!$B:$B,$BR$2&BV$2) -> 0 | BW15: =SUMIFS(領用表!$L:$L,領用表!$A:$A,BW$2,領用表!$E:$E,B15) -> 12 | BX15: =SUMIFS(領用表!$L:$L,領用表!$E:$E,$B15,領用表!$B:$B,BW$2&BX$2) -> 4 | BY15: =SUMIFS(領用表!$L:$L,領用表!$E:$E,$B15,領用表!$B:$B,$BW$2&BY$2) -> 0 | BZ15: =SUMIFS(領用表!$L:$L,領用表!$E:$E,$B15,領用表!$B:$B,$BW$2&BZ$2) -> 8 | CA15: =SUMIFS(領用表!$L:$L,領用表!$E:$E,$B15,領用表!$B:$B,$BW$2&CA$2) -> 0 | CB15: =SUMIFS(領用表!$L:$L,領用表!$A:$A,CB$2,領用表!$E:$E,B15) -> 12 | CC15: =SUMIFS(領用表!$L:$L,領用表!$E:$E,$B15,領用表!$B:$B,CB$2&CC$2) -> 12 | CD15: =SUMIFS(領用表!$L:$L,領用表!$E:$E,$B15,領用表!$B:$B,$CB$2&CD$2) -> 0 | CE15: =SUMIFS(領用表!$L:$L,領用表!$E:$E,$B15,領用表!$B:$B,$CB$2&CE$2) -> 0 | CF15: =SUMIFS(領用表!$L:$L,領用表!$E:$E,$B15,領用表!$B:$B,$CB$2&CF$2) -> 0 | CG15: =SUMIFS(領用表!$L:$L,領用表!$A:$A,CG$2,領用表!$E:$E,B15) -> 4 | CH15: =SUMIFS(領用表!$L:$L,領用表!$E:$E,$B15,領用表!$B:$B,CG$2&CH$2) -> 0 | CI15: =SUMIFS(領用表!$L:$L,領用表!$E:$E,$B15,領用表!$B:$B,CG$2&CI$2) -> 0 | CJ15: =SUMIFS(領用表!$L:$L,領用表!$E:$E,$B15,領用表!$B:$B,CG$2&CJ$2) -> 4 | CK15: =SUMIFS(領用表!$L:$L,領用表!$E:$E,$B15,領用表!$B:$B,$CG$2&CK$2) -> 0 | CL15: =SUM(AX15,AY15,AZ15,BA15,BB15,BC15,BH15,BM15,BR15,BW15,CB15,CG15) -> 80 | CM15: =AVERAGE(AX15,AY15,AZ15,BA15,BB15,BC15,BH15,BM15,BR15,BW15,CB15,CG15) -> 6.6666667 | CN15: =SUMIFS(領用表!$L:$L,領用表!$A:$A,CN$2,領用表!$E:$E,B15) -> 32 | CO15: =SUMIFS(領用表!$L:$L,領用表!$E:$E,$B15,領用表!$B:$B,CN$2&CO$2) -> 16 | CP15: =SUMIFS(領用表!$L:$L,領用表!$E:$E,$B15,領用表!$B:$B,$CN$2&CP$2) -> 0 | CQ15: =SUMIFS(領用表!$L:$L,領用表!$E:$E,$B15,領用表!$B:$B,$CN$2&CQ$2) -> 16 | CR15: =SUMIFS(領用表!$L:$L,領用表!$E:$E,$B15,領用表!$B:$B,$CN$2&CR$2) -> 0 | CS15: =SUMIFS(領用表!$L:$L,領用表!$A:$A,CS$2,領用表!$E:$E,B15) -> 28 | CT15: =SUMIFS(領用表!$L:$L,領用表!$E:$E,$B15,領用表!$B:$B,CS$2&CT$2) -> 12 | CU15: =SUMIFS(領用表!$L:$L,領用表!$E:$E,$B15,領用表!$B:$B,$CS$2&CU$2) -> 0 | CV15: =SUMIFS(領用表!$L:$L,領用表!$E:$E,$B15,領用表!$B:$B,$CS$2&CV$2) -> 16 | CW15: =SUMIFS(領用表!$L:$L,領用表!$E:$E,$B15,領用表!$B:$B,$CS$2&CW$2) -> 0 | CX15: =SUMIFS(領用表!$L:$L,領用表!$E:$E,$B15,領用表!$B:$B,$CS$2&CX$2) -> 0 | CY15: =SUMIFS(領用表!$L:$L,領用表!$A:$A,CY$2,領用表!$E:$E,B15) -> 20 | CZ15: =SUMIFS(領用表!$L:$L,領用表!$E:$E,$B15,領用表!$B:$B,CY$2&CZ$2) -> 4 | DA15: =SUMIFS(領用表!$L:$L,領用表!$E:$E,$B15,領用表!$B:$B,$CY$2&DA$2) -> 0 | DB15: =SUMIFS(領用表!$L:$L,領用表!$E:$E,$B15,領用表!$B:$B,$CY$2&DB$2) -> 16 | DC15: =SUMIFS(領用表!$L:$L,領用表!$E:$E,$B15,領用表!$B:$B,$CY$2&DC$2) -> 0 | DD15: =SUMIFS(領用表!$L:$L,領用表!$E:$E,$B15,領用表!$B:$B,$CY$2&DD$2) -> 0 | DE15: =SUMIFS(領用表!$L:$L,領用表!$A:$A,DE$2,領用表!$E:$E,B15) -> 8 | DF15: =SUMIFS(領用表!$L:$L,領用表!$E:$E,$B15,領用表!$B:$B,DE$2&DF$2) -> 0 | DG15: =SUMIFS(領用表!$L:$L,領用表!$E:$E,$B15,領用表!$B:$B,$DE$2&DG$2) -> 0 | DH15: =SUMIFS(領用表!$L:$L,領用表!$E:$E,$B15,領用表!$B:$B,$DE$2&DH$2) -> 0 | DI15: =SUMIFS(領用表!$L:$L,領用表!$E:$E,$B15,領用表!$B:$B,$DE$2&DI$2) -> 0 | DJ15: =SUMIFS(領用表!$L:$L,領用表!$E:$E,$B15,領用表!$B:$B,$DE$2&DJ$2) -> 8 | DK15: =SUMIFS(領用表!$L:$L,領用表!$A:$A,DK$2,領用表!$E:$E,$B15) -> 0 | DL15: =SUMIFS(領用表!$L:$L,領用表!$E:$E,$B15,領用表!$B:$B,DK$2&DL$2) -> 0 | DM15: =SUMIFS(領用表!$L:$L,領用表!$E:$E,$B15,領用表!$B:$B,$DK$2&DM$2) -> 0 | DN15: =SUMIFS(領用表!$L:$L,領用表!$E:$E,$B15,領用表!$B:$B,$DK$2&DN$2) -> 0 | DO15: =SUMIFS(領用表!$L:$L,領用表!$E:$E,$B15,領用表!$B:$B,$DK$2&DO$2) -> 0 | DP15: =SUMIFS(領用表!$L:$L,領用表!$E:$E,$B15,領用表!$B:$B,$DK$2&DP$2) -> 0 | DQ15: =SUM(CN15,CS15,CY15,DE15,DK15) -> 88 | DR15: =AVERAGEA(CN15,CS15,CY15,DE15,DK15) -> 17.6 | DS15: =SUM(DT15:DW15) -> 20 | DT15: 8 | DU15: 0 | DV15: 12 | DW15: 0 | DX15: 20 | ED15: =IFERROR(VLOOKUP(A15,站前4樓!A:BF,57,0),0) -> 12 | EE15: =IFERROR(VLOOKUP(A15,站前11樓!A:BE,57,0),0) -> 0 | EF15: =IFERROR(VLOOKUP(A15,忠孝7樓!A:N,57,0),0) -> 0 | EG15: =IFERROR(VLOOKUP(A15,忠孝國際醫學3樓!A:L,57,0),0) -> 0 | EH15: =SUM(ED15:EG15) -> 12 | EJ15: 36 | EK15: 52
A16: MP1MA010016A | B16: 6180011 | C16: MINT秘特拉提線UP 9.5CM(1支) | D16: 10 | E16: PCS | F16: =SUMIF(站前4樓!B:B,B16,站前4樓!F:F) -> 16 | G16: =SUMIF(站前11樓!B:B,B16,站前11樓!F:F) -> 0 | H16: =SUMIF(忠孝7樓!B:B,B16,忠孝7樓!G:G) -> 48 | I16: =SUMIF(忠孝國際醫學3樓!B:B,B16,忠孝國際醫學3樓!G:G) -> 0 | J16: =SUMIF(忠孝健康7樓!B:B,B16,忠孝健康7樓!G:G) -> 12 | K16: 0 | L16: 0 | M16: 0 | N16: 0 | O16: 0 | P16: 0 | Q16: 0 | R16: 0 | S16: 0 | T16: 0 | U16: 0 | V16: 0 | W16: 0 | X16: 0 | Y16: 0 | Z16: 0 | AA16: 0 | AB16: 0 | AC16: 0 | AD16: 0 | AE16: 0 | AF16: 0 | AG16: 0 | AH16: 0 | AI16: 0 | AJ16: 1.2 | AK16: 1.2 | AL16: 2.8 | AM16: 0.8 | AN16: 4 | AO16: 1 | AP16: 1.2 | AQ16: 0 | AR16: 0 | AS16: 0 | AT16: 0 | AU16: 4 | AV16: =SUM(AJ16:AU16) -> 16.2 | AW16: =AV16/12 -> 1.35 | AX16: 12 | AY16: 0 | AZ16: 40 | BA16: 4 | BB16: 16 | BC16: =SUMIFS(領用表!$L:$L,領用表!$A:$A,BC$2,領用表!$E:$E,B16) -> 8 | BD16: =SUMIFS(領用表!$L:$L,領用表!$E:$E,$B16,領用表!$B:$B,BC$2&BD$2) -> 8 | BE16: =SUMIFS(領用表!$L:$L,領用表!$E:$E,$B16,領用表!$B:$B,$BC$2&BE$2) -> 0 | BF16: =SUMIFS(領用表!$L:$L,領用表!$E:$E,$B16,領用表!$B:$B,$BC$2&BF$2) -> 0 | BG16: =SUMIFS(領用表!$L:$L,領用表!$E:$E,$B16,領用表!$B:$B,$BC$2&BG$2) -> 0 | BH16: =SUMIFS(領用表!$L:$L,領用表!$A:$A,BH$2,領用表!$E:$E,B16) -> 16 | BI16: =SUMIFS(領用表!$L:$L,領用表!$E:$E,$B16,領用表!$B:$B,BH$2&BI$2) -> 12 | BJ16: =SUMIFS(領用表!$L:$L,領用表!$E:$E,$B16,領用表!$B:$B,$BH$2&BJ$2) -> 0 | BK16: =SUMIFS(領用表!$L:$L,領用表!$E:$E,$B16,領用表!$B:$B,$BH$2&BK$2) -> 4 | BL16: =SUMIFS(領用表!$L:$L,領用表!$E:$E,$B16,領用表!$B:$B,$BH$2&BL$2) -> 0 | BM16: =SUMIFS(領用表!$L:$L,領用表!$A:$A,BM$2,領用表!$E:$E,B16) -> 32 | BN16: =SUMIFS(領用表!$L:$L,領用表!$E:$E,$B16,領用表!$B:$B,BM$2&BN$2) -> 16 | BO16: =SUMIFS(領用表!$L:$L,領用表!$E:$E,$B16,領用表!$B:$B,$BM$2&BO$2) -> 0 | BP16: =SUMIFS(領用表!$L:$L,領用表!$E:$E,$B16,領用表!$B:$B,$BM$2&BP$2) -> 16 | BQ16: =SUMIFS(領用表!$L:$L,領用表!$E:$E,$B16,領用表!$B:$B,$BM$2&BQ$2) -> 0 | BR16: =SUMIFS(領用表!$L:$L,領用表!$A:$A,BR$2,領用表!$E:$E,B16) -> 20 | BS16: =SUMIFS(領用表!$L:$L,領用表!$E:$E,$B16,領用表!$B:$B,BR$2&BS$2) -> 16 | BT16: =SUMIFS(領用表!$L:$L,領用表!$E:$E,$B16,領用表!$B:$B,$BR$2&BT$2) -> 0 | BU16: =SUMIFS(領用表!$L:$L,領用表!$E:$E,$B16,領用表!$B:$B,$BR$2&BU$2) -> 4 | BV16: =SUMIFS(領用表!$L:$L,領用表!$E:$E,$B16,領用表!$B:$B,$BR$2&BV$2) -> 0 | BW16: =SUMIFS(領用表!$L:$L,領用表!$A:$A,BW$2,領用表!$E:$E,B16) -> 24 | BX16: =SUMIFS(領用表!$L:$L,領用表!$E:$E,$B16,領用表!$B:$B,BW$2&BX$2) -> 20 | BY16: =SUMIFS(領用表!$L:$L,領用表!$E:$E,$B16,領用表!$B:$B,$BW$2&BY$2) -> 0 | BZ16: =SUMIFS(領用表!$L:$L,領用表!$E:$E,$B16,領用表!$B:$B,$BW$2&BZ$2) -> 4 | CA16: =SUMIFS(領用表!$L:$L,領用表!$E:$E,$B16,領用表!$B:$B,$BW$2&CA$2) -> 0 | CB16: =SUMIFS(領用表!$L:$L,領用表!$A:$A,CB$2,領用表!$E:$E,B16) -> 8 | CC16: =SUMIFS(領用表!$L:$L,領用表!$E:$E,$B16,領用表!$B:$B,CB$2&CC$2) -> 0 | CD16: =SUMIFS(領用表!$L:$L,領用表!$E:$E,$B16,領用表!$B:$B,$CB$2&CD$2) -> 0 | CE16: =SUMIFS(領用表!$L:$L,領用表!$E:$E,$B16,領用表!$B:$B,$CB$2&CE$2) -> 8 | CF16: =SUMIFS(領用表!$L:$L,領用表!$E:$E,$B16,領用表!$B:$B,$CB$2&CF$2) -> 0 | CG16: =SUMIFS(領用表!$L:$L,領用表!$A:$A,CG$2,領用表!$E:$E,B16) -> 44 | CH16: =SUMIFS(領用表!$L:$L,領用表!$E:$E,$B16,領用表!$B:$B,CG$2&CH$2) -> 8 | CI16: =SUMIFS(領用表!$L:$L,領用表!$E:$E,$B16,領用表!$B:$B,CG$2&CI$2) -> 0 | CJ16: =SUMIFS(領用表!$L:$L,領用表!$E:$E,$B16,領用表!$B:$B,CG$2&CJ$2) -> 36 | CK16: =SUMIFS(領用表!$L:$L,領用表!$E:$E,$B16,領用表!$B:$B,$CG$2&CK$2) -> 0 | CL16: =SUM(AX16,AY16,AZ16,BA16,BB16,BC16,BH16,BM16,BR16,BW16,CB16,CG16) -> 224 | CM16: =AVERAGE(AX16,AY16,AZ16,BA16,BB16,BC16,BH16,BM16,BR16,BW16,CB16,CG16) -> 18.666667 | CN16: =SUMIFS(領用表!$L:$L,領用表!$A:$A,CN$2,領用表!$E:$E,B16) -> 20 | CO16: =SUMIFS(領用表!$L:$L,領用表!$E:$E,$B16,領用表!$B:$B,CN$2&CO$2) -> 8 | CP16: =SUMIFS(領用表!$L:$L,領用表!$E:$E,$B16,領用表!$B:$B,$CN$2&CP$2) -> 0 | CQ16: =SUMIFS(領用表!$L:$L,領用表!$E:$E,$B16,領用表!$B:$B,$CN$2&CQ$2) -> 12 | CR16: =SUMIFS(領用表!$L:$L,領用表!$E:$E,$B16,領用表!$B:$B,$CN$2&CR$2) -> 0 | CS16: =SUMIFS(領用表!$L:$L,領用表!$A:$A,CS$2,領用表!$E:$E,B16) -> 72 | CT16: =SUMIFS(領用表!$L:$L,領用表!$E:$E,$B16,領用表!$B:$B,CS$2&CT$2) -> 36 | CU16: =SUMIFS(領用表!$L:$L,領用表!$E:$E,$B16,領用表!$B:$B,$CS$2&CU$2) -> 0 | CV16: =SUMIFS(領用表!$L:$L,領用表!$E:$E,$B16,領用表!$B:$B,$CS$2&CV$2) -> 36 | CW16: =SUMIFS(領用表!$L:$L,領用表!$E:$E,$B16,領用表!$B:$B,$CS$2&CW$2) -> 0 | CX16: =SUMIFS(領用表!$L:$L,領用表!$E:$E,$B16,領用表!$B:$B,$CS$2&CX$2) -> 0 | CY16: =SUMIFS(領用表!$L:$L,領用表!$A:$A,CY$2,領用表!$E:$E,B16) -> 18 | CZ16: =SUMIFS(領用表!$L:$L,領用表!$E:$E,$B16,領用表!$B:$B,CY$2&CZ$2) -> 4 | DA16: =SUMIFS(領用表!$L:$L,領用表!$E:$E,$B16,領用表!$B:$B,$CY$2&DA$2) -> 0 | DB16: =SUMIFS(領用表!$L:$L,領用表!$E:$E,$B16,領用表!$B:$B,$CY$2&DB$2) -> 14 | DC16: =SUMIFS(領用表!$L:$L,領用表!$E:$E,$B16,領用表!$B:$B,$CY$2&DC$2) -> 0 | DD16: =SUMIFS(領用表!$L:$L,領用表!$E:$E,$B16,領用表!$B:$B,$CY$2&DD$2) -> 0 | DE16: =SUMIFS(領用表!$L:$L,領用表!$A:$A,DE$2,領用表!$E:$E,B16) -> 10 | DF16: =SUMIFS(領用表!$L:$L,領用表!$E:$E,$B16,領用表!$B:$B,DE$2&DF$2) -> 8 | DG16: =SUMIFS(領用表!$L:$L,領用表!$E:$E,$B16,領用表!$B:$B,$DE$2&DG$2) -> 0 | DH16: =SUMIFS(領用表!$L:$L,領用表!$E:$E,$B16,領用表!$B:$B,$DE$2&DH$2) -> 2 | DI16: =SUMIFS(領用表!$L:$L,領用表!$E:$E,$B16,領用表!$B:$B,$DE$2&DI$2) -> 0 | DJ16: =SUMIFS(領用表!$L:$L,領用表!$E:$E,$B16,領用表!$B:$B,$DE$2&DJ$2) -> 0 | DK16: =SUMIFS(領用表!$L:$L,領用表!$A:$A,DK$2,領用表!$E:$E,$B16) -> 32 | DL16: =SUMIFS(領用表!$L:$L,領用表!$E:$E,$B16,領用表!$B:$B,DK$2&DL$2) -> 20 | DM16: =SUMIFS(領用表!$L:$L,領用表!$E:$E,$B16,領用表!$B:$B,$DK$2&DM$2) -> 0 | DN16: =SUMIFS(領用表!$L:$L,領用表!$E:$E,$B16,領用表!$B:$B,$DK$2&DN$2) -> 4 | DO16: =SUMIFS(領用表!$L:$L,領用表!$E:$E,$B16,領用表!$B:$B,$DK$2&DO$2) -> 0 | DP16: =SUMIFS(領用表!$L:$L,領用表!$E:$E,$B16,領用表!$B:$B,$DK$2&DP$2) -> 8 | DQ16: =SUM(CN16,CS16,CY16,DE16,DK16) -> 152 | DR16: =AVERAGEA(CN16,CS16,CY16,DE16,DK16) -> 30.4 | DS16: =SUM(DT16:DW16) -> 28 | DT16: 8 | DU16: 0 | DV16: 20 | DW16: 0 | DX16: 20 | ED16: =IFERROR(VLOOKUP(A16,站前4樓!A:BF,57,0),0) -> 0 | EE16: =IFERROR(VLOOKUP(A16,站前11樓!A:BE,57,0),0) -> 0 | EF16: =IFERROR(VLOOKUP(A16,忠孝7樓!A:N,57,0),0) -> 0 | EG16: =IFERROR(VLOOKUP(A16,忠孝國際醫學3樓!A:L,57,0),0) -> 0 | EH16: =SUM(ED16:EG16) -> 0 | EJ16: 20 | EK16: 34
A17: MP1MA070006A | B17: 6210001 | C17: 水光針針頭/ 31G/ 9pin/ 1.0mm(1支) | D17: 20 | E17: PCS | F17: =SUMIF(站前4樓!B:B,B17,站前4樓!F:F) -> 15 | G17: =SUMIF(站前11樓!B:B,B17,站前11樓!F:F) -> 0 | H17: =SUMIF(忠孝7樓!B:B,B17,忠孝7樓!G:G) -> 21 | I17: =SUMIF(忠孝國際醫學3樓!B:B,B17,忠孝國際醫學3樓!G:G) -> 0 | J17: =SUMIF(忠孝健康7樓!B:B,B17,忠孝健康7樓!G:G) -> 19 | K17: 0 | L17: 0 | M17: 0 | N17: 0 | O17: 0 | P17: 0 | Q17: 0 | R17: 0 | S17: 0 | T17: 0 | U17: 0 | V17: 0 | W17: 0 | X17: 0 | Y17: 0 | Z17: 0 | AA17: 0 | AB17: 1 | AC17: 0 | AD17: 0 | AE17: 0 | AF17: 0 | AG17: 1 | AH17: 0 | AI17: 0 | AJ17: 0.05 | AK17: 0.1 | AL17: 0.15 | AM17: 0.15 | AN17: 0.05 | AO17: 0.35 | AP17: 0.65 | AQ17: 1.2 | AR17: 0 | AS17: 0.3 | AT17: 0 | AU17: 0 | AV17: =SUM(AJ17:AU17) -> 3 | AW17: =AV17/12 -> 0.25 | AX17: 6 | AY17: 1 | AZ17: 7 | BA17: 10 | BB17: 0 | BC17: =SUMIFS(領用表!$L:$L,領用表!$A:$A,BC$2,領用表!$E:$E,B17) -> 2 | BD17: =SUMIFS(領用表!$L:$L,領用表!$E:$E,$B17,領用表!$B:$B,BC$2&BD$2) -> 2 | BE17: =SUMIFS(領用表!$L:$L,領用表!$E:$E,$B17,領用表!$B:$B,$BC$2&BE$2) -> 0 | BF17: =SUMIFS(領用表!$L:$L,領用表!$E:$E,$B17,領用表!$B:$B,$BC$2&BF$2) -> 0 | BG17: =SUMIFS(領用表!$L:$L,領用表!$E:$E,$B17,領用表!$B:$B,$BC$2&BG$2) -> 0 | BH17: =SUMIFS(領用表!$L:$L,領用表!$A:$A,BH$2,領用表!$E:$E,B17) -> 6 | BI17: =SUMIFS(領用表!$L:$L,領用表!$E:$E,$B17,領用表!$B:$B,BH$2&BI$2) -> 2 | BJ17: =SUMIFS(領用表!$L:$L,領用表!$E:$E,$B17,領用表!$B:$B,$BH$2&BJ$2) -> 0 | BK17: =SUMIFS(領用表!$L:$L,領用表!$E:$E,$B17,領用表!$B:$B,$BH$2&BK$2) -> 4 | BL17: =SUMIFS(領用表!$L:$L,領用表!$E:$E,$B17,領用表!$B:$B,$BH$2&BL$2) -> 0 | BM17: =SUMIFS(領用表!$L:$L,領用表!$A:$A,BM$2,領用表!$E:$E,B17) -> 5 | BN17: =SUMIFS(領用表!$L:$L,領用表!$E:$E,$B17,領用表!$B:$B,BM$2&BN$2) -> 0 | BO17: =SUMIFS(領用表!$L:$L,領用表!$E:$E,$B17,領用表!$B:$B,$BM$2&BO$2) -> 0 | BP17: =SUMIFS(領用表!$L:$L,領用表!$E:$E,$B17,領用表!$B:$B,$BM$2&BP$2) -> 5 | BQ17: =SUMIFS(領用表!$L:$L,領用表!$E:$E,$B17,領用表!$B:$B,$BM$2&BQ$2) -> 0 | BR17: =SUMIFS(領用表!$L:$L,領用表!$A:$A,BR$2,領用表!$E:$E,B17) -> 73 | BS17: =SUMIFS(領用表!$L:$L,領用表!$E:$E,$B17,領用表!$B:$B,BR$2&BS$2) -> 0 | BT17: =SUMIFS(領用表!$L:$L,領用表!$E:$E,$B17,領用表!$B:$B,$BR$2&BT$2) -> 0 | BU17: =SUMIFS(領用表!$L:$L,領用表!$E:$E,$B17,領用表!$B:$B,$BR$2&BU$2) -> 73 | BV17: =SUMIFS(領用表!$L:$L,領用表!$E:$E,$B17,領用表!$B:$B,$BR$2&BV$2) -> 0 | BW17: =SUMIFS(領用表!$L:$L,領用表!$A:$A,BW$2,領用表!$E:$E,B17) -> 16 | BX17: =SUMIFS(領用表!$L:$L,領用表!$E:$E,$B17,領用表!$B:$B,BW$2&BX$2) -> 2 | BY17: =SUMIFS(領用表!$L:$L,領用表!$E:$E,$B17,領用表!$B:$B,$BW$2&BY$2) -> 0 | BZ17: =SUMIFS(領用表!$L:$L,領用表!$E:$E,$B17,領用表!$B:$B,$BW$2&BZ$2) -> 14 | CA17: =SUMIFS(領用表!$L:$L,領用表!$E:$E,$B17,領用表!$B:$B,$BW$2&CA$2) -> 0 | CB17: =SUMIFS(領用表!$L:$L,領用表!$A:$A,CB$2,領用表!$E:$E,B17) -> 9 | CC17: =SUMIFS(領用表!$L:$L,領用表!$E:$E,$B17,領用表!$B:$B,CB$2&CC$2) -> 2 | CD17: =SUMIFS(領用表!$L:$L,領用表!$E:$E,$B17,領用表!$B:$B,$CB$2&CD$2) -> 0 | CE17: =SUMIFS(領用表!$L:$L,領用表!$E:$E,$B17,領用表!$B:$B,$CB$2&CE$2) -> 7 | CF17: =SUMIFS(領用表!$L:$L,領用表!$E:$E,$B17,領用表!$B:$B,$CB$2&CF$2) -> 0 | CG17: =SUMIFS(領用表!$L:$L,領用表!$A:$A,CG$2,領用表!$E:$E,B17) -> 5 | CH17: =SUMIFS(領用表!$L:$L,領用表!$E:$E,$B17,領用表!$B:$B,CG$2&CH$2) -> 0 | CI17: =SUMIFS(領用表!$L:$L,領用表!$E:$E,$B17,領用表!$B:$B,CG$2&CI$2) -> 0 | CJ17: =SUMIFS(領用表!$L:$L,領用表!$E:$E,$B17,領用表!$B:$B,CG$2&CJ$2) -> 5 | CK17: =SUMIFS(領用表!$L:$L,領用表!$E:$E,$B17,領用表!$B:$B,$CG$2&CK$2) -> 0 | CL17: =SUM(AX17,AY17,AZ17,BA17,BB17,BC17,BH17,BM17,BR17,BW17,CB17,CG17) -> 140 | CM17: =AVERAGE(AX17,AY17,AZ17,BA17,BB17,BC17,BH17,BM17,BR17,BW17,CB17,CG17) -> 11.666667 | CN17: =SUMIFS(領用表!$L:$L,領用表!$A:$A,CN$2,領用表!$E:$E,B17) -> 5 | CO17: =SUMIFS(領用表!$L:$L,領用表!$E:$E,$B17,領用表!$B:$B,CN$2&CO$2) -> 2 | CP17: =SUMIFS(領用表!$L:$L,領用表!$E:$E,$B17,領用表!$B:$B,$CN$2&CP$2) -> 1 | CQ17: =SUMIFS(領用表!$L:$L,領用表!$E:$E,$B17,領用表!$B:$B,$CN$2&CQ$2) -> 2 | CR17: =SUMIFS(領用表!$L:$L,領用表!$E:$E,$B17,領用表!$B:$B,$CN$2&CR$2) -> 0 | CS17: =SUMIFS(領用表!$L:$L,領用表!$A:$A,CS$2,領用表!$E:$E,B17) -> 4 | CT17: =SUMIFS(領用表!$L:$L,領用表!$E:$E,$B17,領用表!$B:$B,CS$2&CT$2) -> 4 | CU17: =SUMIFS(領用表!$L:$L,領用表!$E:$E,$B17,領用表!$B:$B,$CS$2&CU$2) -> 0 | CV17: =SUMIFS(領用表!$L:$L,領用表!$E:$E,$B17,領用表!$B:$B,$CS$2&CV$2) -> 0 | CW17: =SUMIFS(領用表!$L:$L,領用表!$E:$E,$B17,領用表!$B:$B,$CS$2&CW$2) -> 0 | CX17: =SUMIFS(領用表!$L:$L,領用表!$E:$E,$B17,領用表!$B:$B,$CS$2&CX$2) -> 0 | CY17: =SUMIFS(領用表!$L:$L,領用表!$A:$A,CY$2,領用表!$E:$E,B17) -> 11 | CZ17: =SUMIFS(領用表!$L:$L,領用表!$E:$E,$B17,領用表!$B:$B,CY$2&CZ$2) -> 0 | DA17: =SUMIFS(領用表!$L:$L,領用表!$E:$E,$B17,領用表!$B:$B,$CY$2&DA$2) -> 0 | DB17: =SUMIFS(領用表!$L:$L,領用表!$E:$E,$B17,領用表!$B:$B,$CY$2&DB$2) -> 10 | DC17: =SUMIFS(領用表!$L:$L,領用表!$E:$E,$B17,領用表!$B:$B,$CY$2&DC$2) -> 0 | DD17: =SUMIFS(領用表!$L:$L,領用表!$E:$E,$B17,領用表!$B:$B,$CY$2&DD$2) -> 1 | DE17: =SUMIFS(領用表!$L:$L,領用表!$A:$A,DE$2,領用表!$E:$E,B17) -> 2 | DF17: =SUMIFS(領用表!$L:$L,領用表!$E:$E,$B17,領用表!$B:$B,DE$2&DF$2) -> 0 | DG17: =SUMIFS(領用表!$L:$L,領用表!$E:$E,$B17,領用表!$B:$B,$DE$2&DG$2) -> 0 | DH17: =SUMIFS(領用表!$L:$L,領用表!$E:$E,$B17,領用表!$B:$B,$DE$2&DH$2) -> 2 | DI17: =SUMIFS(領用表!$L:$L,領用表!$E:$E,$B17,領用表!$B:$B,$DE$2&DI$2) -> 0 | DJ17: =SUMIFS(領用表!$L:$L,領用表!$E:$E,$B17,領用表!$B:$B,$DE$2&DJ$2) -> 0 | DK17: =SUMIFS(領用表!$L:$L,領用表!$A:$A,DK$2,領用表!$E:$E,$B17) -> 2 | DL17: =SUMIFS(領用表!$L:$L,領用表!$E:$E,$B17,領用表!$B:$B,DK$2&DL$2) -> 0 | DM17: =SUMIFS(領用表!$L:$L,領用表!$E:$E,$B17,領用表!$B:$B,$DK$2&DM$2) -> 0 | DN17: =SUMIFS(領用表!$L:$L,領用表!$E:$E,$B17,領用表!$B:$B,$DK$2&DN$2) -> 1 | DO17: =SUMIFS(領用表!$L:$L,領用表!$E:$E,$B17,領用表!$B:$B,$DK$2&DO$2) -> 0 | DP17: =SUMIFS(領用表!$L:$L,領用表!$E:$E,$B17,領用表!$B:$B,$DK$2&DP$2) -> 1 | DQ17: =SUM(CN17,CS17,CY17,DE17,DK17) -> 24 | DR17: =AVERAGEA(CN17,CS17,CY17,DE17,DK17) -> 4.8 | DS17: =SUM(DT17:DW17) -> 10 | DT17: 5 | DU17: 0 | DV17: 5 | DW17: 0 | DX17: 20 | ED17: =IFERROR(VLOOKUP(A17,站前4樓!A:BF,57,0),0) -> 2 | EE17: =IFERROR(VLOOKUP(A17,站前11樓!A:BE,57,0),0) -> 0 | EF17: =IFERROR(VLOOKUP(A17,忠孝7樓!A:N,57,0),0) -> 0 | EG17: =IFERROR(VLOOKUP(A17,忠孝國際醫學3樓!A:L,57,0),0) -> 0 | EH17: =SUM(ED17:EG17) -> 2 | EJ17: 60 | EK17: 23
A18: MP1MA070007A | B18: 6210002 | C18: 水光針針頭/ 31G/ 9pin/ 1.2mm(1支) | D18: 20 | E18: PCS | F18: =SUMIF(站前4樓!B:B,B18,站前4樓!F:F) -> 106 | G18: =SUMIF(站前11樓!B:B,B18,站前11樓!F:F) -> 0 | H18: =SUMIF(忠孝7樓!B:B,B18,忠孝7樓!G:G) -> 123 | I18: =SUMIF(忠孝國際醫學3樓!B:B,B18,忠孝國際醫學3樓!G:G) -> 0 | J18: =SUMIF(忠孝健康7樓!B:B,B18,忠孝健康7樓!G:G) -> 24 | K18: 0 | L18: 0 | M18: 0 | N18: 0 | O18: 0 | P18: 0 | Q18: 0 | R18: 0 | S18: 0 | T18: 0 | U18: 0 | V18: 0 | W18: 0 | X18: 0 | Y18: 0 | Z18: 0 | AA18: 0 | AB18: 0 | AC18: 0 | AD18: 0 | AE18: 0 | AF18: 0 | AG18: 0 | AH18: 0 | AI18: 0 | AJ18: 0 | AK18: 0 | AL18: 0 | AM18: 0 | AN18: 0 | AO18: 0 | AP18: 0 | AQ18: 0 | AR18: 0.9 | AS18: 1.1 | AT18: 0.65 | AU18: 9 | AV18: =SUM(AJ18:AU18) -> 11.65 | AW18: =AV18/12 -> 0.97083333 | AX18: 22 | AY18: 36 | AZ18: 35 | BA18: 26 | BB18: 17 | BC18: =SUMIFS(領用表!$L:$L,領用表!$A:$A,BC$2,領用表!$E:$E,B18) -> 26 | BD18: =SUMIFS(領用表!$L:$L,領用表!$E:$E,$B18,領用表!$B:$B,BC$2&BD$2) -> 26 | BE18: =SUMIFS(領用表!$L:$L,領用表!$E:$E,$B18,領用表!$B:$B,$BC$2&BE$2) -> 0 | BF18: =SUMIFS(領用表!$L:$L,領用表!$E:$E,$B18,領用表!$B:$B,$BC$2&BF$2) -> 0 | BG18: =SUMIFS(領用表!$L:$L,領用表!$E:$E,$B18,領用表!$B:$B,$BC$2&BG$2) -> 0 | BH18: =SUMIFS(領用表!$L:$L,領用表!$A:$A,BH$2,領用表!$E:$E,B18) -> 58 | BI18: =SUMIFS(領用表!$L:$L,領用表!$E:$E,$B18,領用表!$B:$B,BH$2&BI$2) -> 28 | BJ18: =SUMIFS(領用表!$L:$L,領用表!$E:$E,$B18,領用表!$B:$B,$BH$2&BJ$2) -> 0 | BK18: =SUMIFS(領用表!$L:$L,領用表!$E:$E,$B18,領用表!$B:$B,$BH$2&BK$2) -> 30 | BL18: =SUMIFS(領用表!$L:$L,領用表!$E:$E,$B18,領用表!$B:$B,$BH$2&BL$2) -> 0 | BM18: =SUMIFS(領用表!$L:$L,領用表!$A:$A,BM$2,領用表!$E:$E,B18) -> 121 | BN18: =SUMIFS(領用表!$L:$L,領用表!$E:$E,$B18,領用表!$B:$B,BM$2&BN$2) -> 39 | BO18: =SUMIFS(領用表!$L:$L,領用表!$E:$E,$B18,領用表!$B:$B,$BM$2&BO$2) -> 0 | BP18: =SUMIFS(領用表!$L:$L,領用表!$E:$E,$B18,領用表!$B:$B,$BM$2&BP$2) -> 82 | BQ18: =SUMIFS(領用表!$L:$L,領用表!$E:$E,$B18,領用表!$B:$B,$BM$2&BQ$2) -> 0 | BR18: =SUMIFS(領用表!$L:$L,領用表!$A:$A,BR$2,領用表!$E:$E,B18) -> 118 | BS18: =SUMIFS(領用表!$L:$L,領用表!$E:$E,$B18,領用表!$B:$B,BR$2&BS$2) -> 54 | BT18: =SUMIFS(領用表!$L:$L,領用表!$E:$E,$B18,領用表!$B:$B,$BR$2&BT$2) -> 0 | BU18: =SUMIFS(領用表!$L:$L,領用表!$E:$E,$B18,領用表!$B:$B,$BR$2&BU$2) -> 64 | BV18: =SUMIFS(領用表!$L:$L,領用表!$E:$E,$B18,領用表!$B:$B,$BR$2&BV$2) -> 0 | BW18: =SUMIFS(領用表!$L:$L,領用表!$A:$A,BW$2,領用表!$E:$E,B18) -> 194 | BX18: =SUMIFS(領用表!$L:$L,領用表!$E:$E,$B18,領用表!$B:$B,BW$2&BX$2) -> 76 | BY18: =SUMIFS(領用表!$L:$L,領用表!$E:$E,$B18,領用表!$B:$B,$BW$2&BY$2) -> 0 | BZ18: =SUMIFS(領用表!$L:$L,領用表!$E:$E,$B18,領用表!$B:$B,$BW$2&BZ$2) -> 118 | CA18: =SUMIFS(領用表!$L:$L,領用表!$E:$E,$B18,領用表!$B:$B,$BW$2&CA$2) -> 0 | CB18: =SUMIFS(領用表!$L:$L,領用表!$A:$A,CB$2,領用表!$E:$E,B18) -> 198 | CC18: =SUMIFS(領用表!$L:$L,領用表!$E:$E,$B18,領用表!$B:$B,CB$2&CC$2) -> 74 | CD18: =SUMIFS(領用表!$L:$L,領用表!$E:$E,$B18,領用表!$B:$B,$CB$2&CD$2) -> 0 | CE18: =SUMIFS(領用表!$L:$L,領用表!$E:$E,$B18,領用表!$B:$B,$CB$2&CE$2) -> 124 | CF18: =SUMIFS(領用表!$L:$L,領用表!$E:$E,$B18,領用表!$B:$B,$CB$2&CF$2) -> 0 | CG18: =SUMIFS(領用表!$L:$L,領用表!$A:$A,CG$2,領用表!$E:$E,B18) -> 316 | CH18: =SUMIFS(領用表!$L:$L,領用表!$E:$E,$B18,領用表!$B:$B,CG$2&CH$2) -> 97 | CI18: =SUMIFS(領用表!$L:$L,領用表!$E:$E,$B18,領用表!$B:$B,CG$2&CI$2) -> 0 | CJ18: =SUMIFS(領用表!$L:$L,領用表!$E:$E,$B18,領用表!$B:$B,CG$2&CJ$2) -> 219 | CK18: =SUMIFS(領用表!$L:$L,領用表!$E:$E,$B18,領用表!$B:$B,$CG$2&CK$2) -> 0 | CL18: =SUM(AX18,AY18,AZ18,BA18,BB18,BC18,BH18,BM18,BR18,BW18,CB18,CG18) -> 1167 | CM18: =AVERAGE(AX18,AY18,AZ18,BA18,BB18,BC18,BH18,BM18,BR18,BW18,CB18,CG18) -> 97.25 | CN18: =SUMIFS(領用表!$L:$L,領用表!$A:$A,CN$2,領用表!$E:$E,B18) -> 502 | CO18: =SUMIFS(領用表!$L:$L,領用表!$E:$E,$B18,領用表!$B:$B,CN$2&CO$2) -> 176 | CP18: =SUMIFS(領用表!$L:$L,領用表!$E:$E,$B18,領用表!$B:$B,$CN$2&CP$2) -> 1 | CQ18: =SUMIFS(領用表!$L:$L,領用表!$E:$E,$B18,領用表!$B:$B,$CN$2&CQ$2) -> 325 | CR18: =SUMIFS(領用表!$L:$L,領用表!$E:$E,$B18,領用表!$B:$B,$CN$2&CR$2) -> 0 | CS18: =SUMIFS(領用表!$L:$L,領用表!$A:$A,CS$2,領用表!$E:$E,B18) -> 458 | CT18: =SUMIFS(領用表!$L:$L,領用表!$E:$E,$B18,領用表!$B:$B,CS$2&CT$2) -> 153 | CU18: =SUMIFS(領用表!$L:$L,領用表!$E:$E,$B18,領用表!$B:$B,$CS$2&CU$2) -> 0 | CV18: =SUMIFS(領用表!$L:$L,領用表!$E:$E,$B18,領用表!$B:$B,$CS$2&CV$2) -> 288 | CW18: =SUMIFS(領用表!$L:$L,領用表!$E:$E,$B18,領用表!$B:$B,$CS$2&CW$2) -> 0 | CX18: =SUMIFS(領用表!$L:$L,領用表!$E:$E,$B18,領用表!$B:$B,$CS$2&CX$2) -> 17 | CY18: =SUMIFS(領用表!$L:$L,領用表!$A:$A,CY$2,領用表!$E:$E,B18) -> 515 | CZ18: =SUMIFS(領用表!$L:$L,領用表!$E:$E,$B18,領用表!$B:$B,CY$2&CZ$2) -> 184 | DA18: =SUMIFS(領用表!$L:$L,領用表!$E:$E,$B18,領用表!$B:$B,$CY$2&DA$2) -> 0 | DB18: =SUMIFS(領用表!$L:$L,領用表!$E:$E,$B18,領用表!$B:$B,$CY$2&DB$2) -> 280 | DC18: =SUMIFS(領用表!$L:$L,領用表!$E:$E,$B18,領用表!$B:$B,$CY$2&DC$2) -> 0 | DD18: =SUMIFS(領用表!$L:$L,領用表!$E:$E,$B18,領用表!$B:$B,$CY$2&DD$2) -> 51 | DE18: =SUMIFS(領用表!$L:$L,領用表!$A:$A,DE$2,領用表!$E:$E,B18) -> 555 | DF18: =SUMIFS(領用表!$L:$L,領用表!$E:$E,$B18,領用表!$B:$B,DE$2&DF$2) -> 179 | DG18: =SUMIFS(領用表!$L:$L,領用表!$E:$E,$B18,領用表!$B:$B,$DE$2&DG$2) -> 0 | DH18: =SUMIFS(領用表!$L:$L,領用表!$E:$E,$B18,領用表!$B:$B,$DE$2&DH$2) -> 284 | DI18: =SUMIFS(領用表!$L:$L,領用表!$E:$E,$B18,領用表!$B:$B,$DE$2&DI$2) -> 0 | DJ18: =SUMIFS(領用表!$L:$L,領用表!$E:$E,$B18,領用表!$B:$B,$DE$2&DJ$2) -> 92 | DK18: =SUMIFS(領用表!$L:$L,領用表!$A:$A,DK$2,領用表!$E:$E,$B18) -> 668 | DL18: =SUMIFS(領用表!$L:$L,領用表!$E:$E,$B18,領用表!$B:$B,DK$2&DL$2) -> 189 | DM18: =SUMIFS(領用表!$L:$L,領用表!$E:$E,$B18,領用表!$B:$B,$DK$2&DM$2) -> 0 | DN18: =SUMIFS(領用表!$L:$L,領用表!$E:$E,$B18,領用表!$B:$B,$DK$2&DN$2) -> 353 | DO18: =SUMIFS(領用表!$L:$L,領用表!$E:$E,$B18,領用表!$B:$B,$DK$2&DO$2) -> 0 | DP18: =SUMIFS(領用表!$L:$L,領用表!$E:$E,$B18,領用表!$B:$B,$DK$2&DP$2) -> 126 | DQ18: =SUM(CN18,CS18,CY18,DE18,DK18) -> 2698 | DR18: =AVERAGEA(CN18,CS18,CY18,DE18,DK18) -> 539.6 | DS18: =SUM(DT18:DW18) -> 330 | DT18: 130 | DU18: 0 | DV18: 200 | DW18: 0 | DX18: 40 | DZ18: 4盒(10/21) | EA18: 15盒(10/17) | ED18: =IFERROR(VLOOKUP(A18,站前4樓!A:BF,57,0),0) -> 74 | EE18: =IFERROR(VLOOKUP(A18,站前11樓!A:BE,57,0),0) -> 0 | EF18: =IFERROR(VLOOKUP(A18,忠孝7樓!A:N,57,0),0) -> 0 | EG18: =IFERROR(VLOOKUP(A18,忠孝國際醫學3樓!A:L,57,0),0) -> 0 | EH18: =SUM(ED18:EG18) -> 74 | EJ18: 132 | EK18: 43
A19: MP1MA070008A | B19: 6210003 | C19: 水光針針頭/ 31G/ 9pin/ 1.5mm(1支) | D19: 20 | E19: PCS | F19: =SUMIF(站前4樓!B:B,B19,站前4樓!F:F) -> 14 | G19: =SUMIF(站前11樓!B:B,B19,站前11樓!F:F) -> 0 | H19: =SUMIF(忠孝7樓!B:B,B19,忠孝7樓!G:G) -> 13 | I19: =SUMIF(忠孝國際醫學3樓!B:B,B19,忠孝國際醫學3樓!G:G) -> 0 | J19: =SUMIF(忠孝健康7樓!B:B,B19,忠孝健康7樓!G:G) -> 14 | K19: 0 | L19: 0 | M19: 0 | N19: 0 | O19: 0 | P19: 0 | Q19: 0 | R19: 0 | S19: 0 | T19: 0 | U19: 0 | V19: 0 | W19: 0 | X19: 0 | Y19: 0 | Z19: 0 | AA19: 0 | AB19: 1 | AC19: 0 | AD19: 0 | AE19: 0 | AF19: 0 | AG19: 0 | AH19: 0 | AI19: 0 | AJ19: 0.05 | AK19: 0.05 | AL19: 0 | AM19: 0.15 | AN19: 0.05 | AO19: 0.2 | AP19: 0.25 | AQ19: 1.7 | AR19: 0.35 | AS19: 0 | AT19: 0.35 | AU19: 2 | AV19: =SUM(AJ19:AU19) -> 5.15 | AW19: =AV19/12 -> 0.42916667 | AX19: 4 | AY19: 3 | AZ19: 5 | BA19: 13 | BB19: 8 | BC19: =SUMIFS(領用表!$L:$L,領用表!$A:$A,BC$2,領用表!$E:$E,B19) -> 32 | BD19: =SUMIFS(領用表!$L:$L,領用表!$E:$E,$B19,領用表!$B:$B,BC$2&BD$2) -> 32 | BE19: =SUMIFS(領用表!$L:$L,領用表!$E:$E,$B19,領用表!$B:$B,$BC$2&BE$2) -> 0 | BF19: =SUMIFS(領用表!$L:$L,領用表!$E:$E,$B19,領用表!$B:$B,$BC$2&BF$2) -> 0 | BG19: =SUMIFS(領用表!$L:$L,領用表!$E:$E,$B19,領用表!$B:$B,$BC$2&BG$2) -> 0 | BH19: =SUMIFS(領用表!$L:$L,領用表!$A:$A,BH$2,領用表!$E:$E,B19) -> 41 | BI19: =SUMIFS(領用表!$L:$L,領用表!$E:$E,$B19,領用表!$B:$B,BH$2&BI$2) -> 38 | BJ19: =SUMIFS(領用表!$L:$L,領用表!$E:$E,$B19,領用表!$B:$B,$BH$2&BJ$2) -> 0 | BK19: =SUMIFS(領用表!$L:$L,領用表!$E:$E,$B19,領用表!$B:$B,$BH$2&BK$2) -> 3 | BL19: =SUMIFS(領用表!$L:$L,領用表!$E:$E,$B19,領用表!$B:$B,$BH$2&BL$2) -> 0 | BM19: =SUMIFS(領用表!$L:$L,領用表!$A:$A,BM$2,領用表!$E:$E,B19) -> 53 | BN19: =SUMIFS(領用表!$L:$L,領用表!$E:$E,$B19,領用表!$B:$B,BM$2&BN$2) -> 48 | BO19: =SUMIFS(領用表!$L:$L,領用表!$E:$E,$B19,領用表!$B:$B,$BM$2&BO$2) -> 0 | BP19: =SUMIFS(領用表!$L:$L,領用表!$E:$E,$B19,領用表!$B:$B,$BM$2&BP$2) -> 5 | BQ19: =SUMIFS(領用表!$L:$L,領用表!$E:$E,$B19,領用表!$B:$B,$BM$2&BQ$2) -> 0 | BR19: =SUMIFS(領用表!$L:$L,領用表!$A:$A,BR$2,領用表!$E:$E,B19) -> 32 | BS19: =SUMIFS(領用表!$L:$L,領用表!$E:$E,$B19,領用表!$B:$B,BR$2&BS$2) -> 28 | BT19: =SUMIFS(領用表!$L:$L,領用表!$E:$E,$B19,領用表!$B:$B,$BR$2&BT$2) -> 0 | BU19: =SUMIFS(領用表!$L:$L,領用表!$E:$E,$B19,領用表!$B:$B,$BR$2&BU$2) -> 4 | BV19: =SUMIFS(領用表!$L:$L,領用表!$E:$E,$B19,領用表!$B:$B,$BR$2&BV$2) -> 0 | BW19: =SUMIFS(領用表!$L:$L,領用表!$A:$A,BW$2,領用表!$E:$E,B19) -> 49 | BX19: =SUMIFS(領用表!$L:$L,領用表!$E:$E,$B19,領用表!$B:$B,BW$2&BX$2) -> 18 | BY19: =SUMIFS(領用表!$L:$L,領用表!$E:$E,$B19,領用表!$B:$B,$BW$2&BY$2) -> 0 | BZ19: =SUMIFS(領用表!$L:$L,領用表!$E:$E,$B19,領用表!$B:$B,$BW$2&BZ$2) -> 31 | CA19: =SUMIFS(領用表!$L:$L,領用表!$E:$E,$B19,領用表!$B:$B,$BW$2&CA$2) -> 0 | CB19: =SUMIFS(領用表!$L:$L,領用表!$A:$A,CB$2,領用表!$E:$E,B19) -> 48 | CC19: =SUMIFS(領用表!$L:$L,領用表!$E:$E,$B19,領用表!$B:$B,CB$2&CC$2) -> 19 | CD19: =SUMIFS(領用表!$L:$L,領用表!$E:$E,$B19,領用表!$B:$B,$CB$2&CD$2) -> 0 | CE19: =SUMIFS(領用表!$L:$L,領用表!$E:$E,$B19,領用表!$B:$B,$CB$2&CE$2) -> 29 | CF19: =SUMIFS(領用表!$L:$L,領用表!$E:$E,$B19,領用表!$B:$B,$CB$2&CF$2) -> 0 | CG19: =SUMIFS(領用表!$L:$L,領用表!$A:$A,CG$2,領用表!$E:$E,B19) -> 78 | CH19: =SUMIFS(領用表!$L:$L,領用表!$E:$E,$B19,領用表!$B:$B,CG$2&CH$2) -> 24 | CI19: =SUMIFS(領用表!$L:$L,領用表!$E:$E,$B19,領用表!$B:$B,CG$2&CI$2) -> 0 | CJ19: =SUMIFS(領用表!$L:$L,領用表!$E:$E,$B19,領用表!$B:$B,CG$2&CJ$2) -> 54 | CK19: =SUMIFS(領用表!$L:$L,領用表!$E:$E,$B19,領用表!$B:$B,$CG$2&CK$2) -> 0 | CL19: =SUM(AX19,AY19,AZ19,BA19,BB19,BC19,BH19,BM19,BR19,BW19,CB19,CG19) -> 366 | CM19: =AVERAGE(AX19,AY19,AZ19,BA19,BB19,BC19,BH19,BM19,BR19,BW19,CB19,CG19) -> 30.5 | CN19: =SUMIFS(領用表!$L:$L,領用表!$A:$A,CN$2,領用表!$E:$E,B19) -> 40 | CO19: =SUMIFS(領用表!$L:$L,領用表!$E:$E,$B19,領用表!$B:$B,CN$2&CO$2) -> 15 | CP19: =SUMIFS(領用表!$L:$L,領用表!$E:$E,$B19,領用表!$B:$B,$CN$2&CP$2) -> 1 | CQ19: =SUMIFS(領用表!$L:$L,領用表!$E:$E,$B19,領用表!$B:$B,$CN$2&CQ$2) -> 24 | CR19: =SUMIFS(領用表!$L:$L,領用表!$E:$E,$B19,領用表!$B:$B,$CN$2&CR$2) -> 0 | CS19: =SUMIFS(領用表!$L:$L,領用表!$A:$A,CS$2,領用表!$E:$E,B19) -> 24 | CT19: =SUMIFS(領用表!$L:$L,領用表!$E:$E,$B19,領用表!$B:$B,CS$2&CT$2) -> 9 | CU19: =SUMIFS(領用表!$L:$L,領用表!$E:$E,$B19,領用表!$B:$B,$CS$2&CU$2) -> 0 | CV19: =SUMIFS(領用表!$L:$L,領用表!$E:$E,$B19,領用表!$B:$B,$CS$2&CV$2) -> 15 | CW19: =SUMIFS(領用表!$L:$L,領用表!$E:$E,$B19,領用表!$B:$B,$CS$2&CW$2) -> 0 | CX19: =SUMIFS(領用表!$L:$L,領用表!$E:$E,$B19,領用表!$B:$B,$CS$2&CX$2) -> 0 | CY19: =SUMIFS(領用表!$L:$L,領用表!$A:$A,CY$2,領用表!$E:$E,B19) -> 43 | CZ19: =SUMIFS(領用表!$L:$L,領用表!$E:$E,$B19,領用表!$B:$B,CY$2&CZ$2) -> 15 | DA19: =SUMIFS(領用表!$L:$L,領用表!$E:$E,$B19,領用表!$B:$B,$CY$2&DA$2) -> 0 | DB19: =SUMIFS(領用表!$L:$L,領用表!$E:$E,$B19,領用表!$B:$B,$CY$2&DB$2) -> 22 | DC19: =SUMIFS(領用表!$L:$L,領用表!$E:$E,$B19,領用表!$B:$B,$CY$2&DC$2) -> 0 | DD19: =SUMIFS(領用表!$L:$L,領用表!$E:$E,$B19,領用表!$B:$B,$CY$2&DD$2) -> 6 | DE19: =SUMIFS(領用表!$L:$L,領用表!$A:$A,DE$2,領用表!$E:$E,B19) -> 46 | DF19: =SUMIFS(領用表!$L:$L,領用表!$E:$E,$B19,領用表!$B:$B,DE$2&DF$2) -> 14 | DG19: =SUMIFS(領用表!$L:$L,領用表!$E:$E,$B19,領用表!$B:$B,$DE$2&DG$2) -> 0 | DH19: =SUMIFS(領用表!$L:$L,領用表!$E:$E,$B19,領用表!$B:$B,$DE$2&DH$2) -> 26 | DI19: =SUMIFS(領用表!$L:$L,領用表!$E:$E,$B19,領用表!$B:$B,$DE$2&DI$2) -> 0 | DJ19: =SUMIFS(領用表!$L:$L,領用表!$E:$E,$B19,領用表!$B:$B,$DE$2&DJ$2) -> 6 | DK19: =SUMIFS(領用表!$L:$L,領用表!$A:$A,DK$2,領用表!$E:$E,$B19) -> 49 | DL19: =SUMIFS(領用表!$L:$L,領用表!$E:$E,$B19,領用表!$B:$B,DK$2&DL$2) -> 18 | DM19: =SUMIFS(領用表!$L:$L,領用表!$E:$E,$B19,領用表!$B:$B,$DK$2&DM$2) -> 0 | DN19: =SUMIFS(領用表!$L:$L,領用表!$E:$E,$B19,領用表!$B:$B,$DK$2&DN$2) -> 28 | DO19: =SUMIFS(領用表!$L:$L,領用表!$E:$E,$B19,領用表!$B:$B,$DK$2&DO$2) -> 0 | DP19: =SUMIFS(領用表!$L:$L,領用表!$E:$E,$B19,領用表!$B:$B,$DK$2&DP$2) -> 3 | DQ19: =SUM(CN19,CS19,CY19,DE19,DK19) -> 202 | DR19: =AVERAGEA(CN19,CS19,CY19,DE19,DK19) -> 40.4 | DS19: =SUM(DT19:DW19) -> 50 | DT19: 20 | DU19: 0 | DV19: 30 | DW19: 0 | DX19: 20 | DZ19: 1盒(10/21) | EA19: 1盒(10/17) | ED19: =IFERROR(VLOOKUP(A19,站前4樓!A:BF,57,0),0) -> 19 | EE19: =IFERROR(VLOOKUP(A19,站前11樓!A:BE,57,0),0) -> 0 | EF19: =IFERROR(VLOOKUP(A19,忠孝7樓!A:N,57,0),0) -> 0 | EG19: =IFERROR(VLOOKUP(A19,忠孝國際醫學3樓!A:L,57,0),0) -> 0 | EH19: =SUM(ED19:EG19) -> 19 | EJ19: 28 | EK19: 9
A20: MP1MA070005A | B20: 6210005 | C20: 水光針針頭/ 32G/ 9pin/ 1.0mm(1支) | D20: 20 | E20: PCS | F20: =SUMIF(站前4樓!B:B,B20,站前4樓!F:F) -> 7 | G20: =SUMIF(站前11樓!B:B,B20,站前11樓!F:F) -> 0 | H20: =SUMIF(忠孝7樓!B:B,B20,忠孝7樓!G:G) -> 0 | I20: =SUMIF(忠孝國際醫學3樓!B:B,B20,忠孝國際醫學3樓!G:G) -> 0 | J20: =SUMIF(忠孝健康7樓!B:B,B20,忠孝健康7樓!G:G) -> 0 | AQ20: 0 | AR20: 0 | AS20: 0 | AT20: 0 | AU20: 0 | AV20: =SUM(AJ20:AU20) -> 0 | AW20: =AV20/12 -> 0 | AX20: 0 | AY20: 63 | AZ20: 1 | BA20: 3 | BB20: 3 | BC20: =SUMIFS(領用表!$L:$L,領用表!$A:$A,BC$2,領用表!$E:$E,B20) -> 1 | BD20: =SUMIFS(領用表!$L:$L,領用表!$E:$E,$B20,領用表!$B:$B,BC$2&BD$2) -> 1 | BE20: =SUMIFS(領用表!$L:$L,領用表!$E:$E,$B20,領用表!$B:$B,$BC$2&BE$2) -> 0 | BF20: =SUMIFS(領用表!$L:$L,領用表!$E:$E,$B20,領用表!$B:$B,$BC$2&BF$2) -> 0 | BG20: =SUMIFS(領用表!$L:$L,領用表!$E:$E,$B20,領用表!$B:$B,$BC$2&BG$2) -> 0 | BH20: =SUMIFS(領用表!$L:$L,領用表!$A:$A,BH$2,領用表!$E:$E,B20) -> 2 | BI20: =SUMIFS(領用表!$L:$L,領用表!$E:$E,$B20,領用表!$B:$B,BH$2&BI$2) -> 2 | BJ20: =SUMIFS(領用表!$L:$L,領用表!$E:$E,$B20,領用表!$B:$B,$BH$2&BJ$2) -> 0 | BK20: =SUMIFS(領用表!$L:$L,領用表!$E:$E,$B20,領用表!$B:$B,$BH$2&BK$2) -> 0 | BL20: =SUMIFS(領用表!$L:$L,領用表!$E:$E,$B20,領用表!$B:$B,$BH$2&BL$2) -> 0 | BM20: =SUMIFS(領用表!$L:$L,領用表!$A:$A,BM$2,領用表!$E:$E,B20) -> 1 | BN20: =SUMIFS(領用表!$L:$L,領用表!$E:$E,$B20,領用表!$B:$B,BM$2&BN$2) -> 1 | BO20: =SUMIFS(領用表!$L:$L,領用表!$E:$E,$B20,領用表!$B:$B,$BM$2&BO$2) -> 0 | BP20: =SUMIFS(領用表!$L:$L,領用表!$E:$E,$B20,領用表!$B:$B,$BM$2&BP$2) -> 0 | BQ20: =SUMIFS(領用表!$L:$L,領用表!$E:$E,$B20,領用表!$B:$B,$BM$2&BQ$2) -> 0 | BR20: =SUMIFS(領用表!$L:$L,領用表!$A:$A,BR$2,領用表!$E:$E,B20) -> 6 | BS20: =SUMIFS(領用表!$L:$L,領用表!$E:$E,$B20,領用表!$B:$B,BR$2&BS$2) -> 6 | BT20: =SUMIFS(領用表!$L:$L,領用表!$E:$E,$B20,領用表!$B:$B,$BR$2&BT$2) -> 0 | BU20: =SUMIFS(領用表!$L:$L,領用表!$E:$E,$B20,領用表!$B:$B,$BR$2&BU$2) -> 0 | BV20: =SUMIFS(領用表!$L:$L,領用表!$E:$E,$B20,領用表!$B:$B,$BR$2&BV$2) -> 0 | BW20: =SUMIFS(領用表!$L:$L,領用表!$A:$A,BW$2,領用表!$E:$E,B20) -> 4 | BX20: =SUMIFS(領用表!$L:$L,領用表!$E:$E,$B20,領用表!$B:$B,BW$2&BX$2) -> 4 | BY20: =SUMIFS(領用表!$L:$L,領用表!$E:$E,$B20,領用表!$B:$B,$BW$2&BY$2) -> 0 | BZ20: =SUMIFS(領用表!$L:$L,領用表!$E:$E,$B20,領用表!$B:$B,$BW$2&BZ$2) -> 0 | CA20: =SUMIFS(領用表!$L:$L,領用表!$E:$E,$B20,領用表!$B:$B,$BW$2&CA$2) -> 0 | CB20: =SUMIFS(領用表!$L:$L,領用表!$A:$A,CB$2,領用表!$E:$E,B20) -> 3 | CC20: =SUMIFS(領用表!$L:$L,領用表!$E:$E,$B20,領用表!$B:$B,CB$2&CC$2) -> 3 | CD20: =SUMIFS(領用表!$L:$L,領用表!$E:$E,$B20,領用表!$B:$B,$CB$2&CD$2) -> 0 | CE20: =SUMIFS(領用表!$L:$L,領用表!$E:$E,$B20,領用表!$B:$B,$CB$2&CE$2) -> 0 | CF20: =SUMIFS(領用表!$L:$L,領用表!$E:$E,$B20,領用表!$B:$B,$CB$2&CF$2) -> 0 | CG20: =SUMIFS(領用表!$L:$L,領用表!$A:$A,CG$2,領用表!$E:$E,B20) -> 5 | CH20: =SUMIFS(領用表!$L:$L,領用表!$E:$E,$B20,領用表!$B:$B,CG$2&CH$2) -> 5 | CI20: =SUMIFS(領用表!$L:$L,領用表!$E:$E,$B20,領用表!$B:$B,CG$2&CI$2) -> 0 | CJ20: =SUMIFS(領用表!$L:$L,領用表!$E:$E,$B20,領用表!$B:$B,CG$2&CJ$2) -> 0 | CK20: =SUMIFS(領用表!$L:$L,領用表!$E:$E,$B20,領用表!$B:$B,$CG$2&CK$2) -> 0 | CL20: =SUM(AX20,AY20,AZ20,BA20,BB20,BC20,BH20,BM20,BR20,BW20,CB20,CG20) -> 92 | CM20: =AVERAGE(AX20,AY20,AZ20,BA20,BB20,BC20,BH20,BM20,BR20,BW20,CB20,CG20) -> 7.6666667 | CN20: =SUMIFS(領用表!$L:$L,領用表!$A:$A,CN$2,領用表!$E:$E,B20) -> 2 | CO20: =SUMIFS(領用表!$L:$L,領用表!$E:$E,$B20,領用表!$B:$B,CN$2&CO$2) -> 1 | CP20: =SUMIFS(領用表!$L:$L,領用表!$E:$E,$B20,領用表!$B:$B,$CN$2&CP$2) -> 1 | CQ20: =SUMIFS(領用表!$L:$L,領用表!$E:$E,$B20,領用表!$B:$B,$CN$2&CQ$2) -> 0 | CR20: =SUMIFS(領用表!$L:$L,領用表!$E:$E,$B20,領用表!$B:$B,$CN$2&CR$2) -> 0 | CS20: =SUMIFS(領用表!$L:$L,領用表!$A:$A,CS$2,領用表!$E:$E,B20) -> 1 | CT20: =SUMIFS(領用表!$L:$L,領用表!$E:$E,$B20,領用表!$B:$B,CS$2&CT$2) -> 1 | CU20: =SUMIFS(領用表!$L:$L,領用表!$E:$E,$B20,領用表!$B:$B,$CS$2&CU$2) -> 0 | CV20: =SUMIFS(領用表!$L:$L,領用表!$E:$E,$B20,領用表!$B:$B,$CS$2&CV$2) -> 0 | CW20: =SUMIFS(領用表!$L:$L,領用表!$E:$E,$B20,領用表!$B:$B,$CS$2&CW$2) -> 0 | CX20: =SUMIFS(領用表!$L:$L,領用表!$E:$E,$B20,領用表!$B:$B,$CS$2&CX$2) -> 0 | CY20: =SUMIFS(領用表!$L:$L,領用表!$A:$A,CY$2,領用表!$E:$E,B20) -> 6 | CZ20: =SUMIFS(領用表!$L:$L,領用表!$E:$E,$B20,領用表!$B:$B,CY$2&CZ$2) -> 6 | DA20: =SUMIFS(領用表!$L:$L,領用表!$E:$E,$B20,領用表!$B:$B,$CY$2&DA$2) -> 0 | DB20: =SUMIFS(領用表!$L:$L,領用表!$E:$E,$B20,領用表!$B:$B,$CY$2&DB$2) -> 0 | DC20: =SUMIFS(領用表!$L:$L,領用表!$E:$E,$B20,領用表!$B:$B,$CY$2&DC$2) -> 0 | DD20: =SUMIFS(領用表!$L:$L,領用表!$E:$E,$B20,領用表!$B:$B,$CY$2&DD$2) -> 0 | DE20: =SUMIFS(領用表!$L:$L,領用表!$A:$A,DE$2,領用表!$E:$E,B20) -> 0 | DF20: =SUMIFS(領用表!$L:$L,領用表!$E:$E,$B20,領用表!$B:$B,DE$2&DF$2) -> 0 | DG20: =SUMIFS(領用表!$L:$L,領用表!$E:$E,$B20,領用表!$B:$B,$DE$2&DG$2) -> 0 | DH20: =SUMIFS(領用表!$L:$L,領用表!$E:$E,$B20,領用表!$B:$B,$DE$2&DH$2) -> 0 | DI20: =SUMIFS(領用表!$L:$L,領用表!$E:$E,$B20,領用表!$B:$B,$DE$2&DI$2) -> 0 | DJ20: =SUMIFS(領用表!$L:$L,領用表!$E:$E,$B20,領用表!$B:$B,$DE$2&DJ$2) -> 0 | DK20: =SUMIFS(領用表!$L:$L,領用表!$A:$A,DK$2,領用表!$E:$E,$B20) -> 0 | DL20: =SUMIFS(領用表!$L:$L,領用表!$E:$E,$B20,領用表!$B:$B,DK$2&DL$2) -> 0 | DM20: =SUMIFS(領用表!$L:$L,領用表!$E:$E,$B20,領用表!$B:$B,$DK$2&DM$2) -> 0 | DN20: =SUMIFS(領用表!$L:$L,領用表!$E:$E,$B20,領用表!$B:$B,$DK$2&DN$2) -> 0 | DO20: =SUMIFS(領用表!$L:$L,領用表!$E:$E,$B20,領用表!$B:$B,$DK$2&DO$2) -> 0 | DP20: =SUMIFS(領用表!$L:$L,領用表!$E:$E,$B20,領用表!$B:$B,$DK$2&DP$2) -> 0 | DQ20: =SUM(CN20,CS20,CY20,DE20,DK20) -> 9 | DR20: =AVERAGEA(CN20,CS20,CY20,DE20,DK20) -> 1.8 | DS20: =SUM(DT20:DW20) -> 5 | DT20: 5 | DU20: 0 | DV20: 0 | DW20: 0 | DX20: 20 | ED20: =IFERROR(VLOOKUP(A20,站前4樓!A:BF,57,0),0) -> 3 | EE20: =IFERROR(VLOOKUP(A20,站前11樓!A:BE,57,0),0) -> 0 | EF20: =IFERROR(VLOOKUP(A20,忠孝7樓!A:N,57,0),0) -> 0 | EG20: =IFERROR(VLOOKUP(A20,忠孝國際醫學3樓!A:L,57,0),0) -> 0 | EH20: =SUM(ED20:EG20) -> 3 | EJ20: 17 | EK20: 0
A21: MM2MA070005A | B21: 6210008 | C21: 得美微針筆 33G針頭(支) | D21: 33 | E21: PCS | F21: =SUMIF(站前4樓!B:B,B21,站前4樓!F:F) -> 34 | G21: =SUMIF(站前11樓!B:B,B21,站前11樓!F:F) -> 0 | H21: =SUMIF(忠孝7樓!B:B,B21,忠孝7樓!G:G) -> 24 | I21: =SUMIF(忠孝國際醫學3樓!B:B,B21,忠孝國際醫學3樓!G:G) -> 0 | J21: =SUMIF(忠孝健康7樓!B:B,B21,忠孝健康7樓!G:G) -> 0 | BC21: =SUMIFS(領用表!$L:$L,領用表!$A:$A,BC$2,領用表!$E:$E,B21) -> 0 | BD21: =SUMIFS(領用表!$L:$L,領用表!$E:$E,$B21,領用表!$B:$B,BC$2&BD$2) -> 0 | BE21: =SUMIFS(領用表!$L:$L,領用表!$E:$E,$B21,領用表!$B:$B,$BC$2&BE$2) -> 0 | BF21: =SUMIFS(領用表!$L:$L,領用表!$E:$E,$B21,領用表!$B:$B,$BC$2&BF$2) -> 0 | BG21: =SUMIFS(領用表!$L:$L,領用表!$E:$E,$B21,領用表!$B:$B,$BC$2&BG$2) -> 0 | BH21: =SUMIFS(領用表!$L:$L,領用表!$A:$A,BH$2,領用表!$E:$E,B21) -> 0 | BI21: =SUMIFS(領用表!$L:$L,領用表!$E:$E,$B21,領用表!$B:$B,BH$2&BI$2) -> 0 | BJ21: =SUMIFS(領用表!$L:$L,領用表!$E:$E,$B21,領用表!$B:$B,$BH$2&BJ$2) -> 0 | BK21: =SUMIFS(領用表!$L:$L,領用表!$E:$E,$B21,領用表!$B:$B,$BH$2&BK$2) -> 0 | BL21: =SUMIFS(領用表!$L:$L,領用表!$E:$E,$B21,領用表!$B:$B,$BH$2&BL$2) -> 0 | BM21: =SUMIFS(領用表!$L:$L,領用表!$A:$A,BM$2,領用表!$E:$E,B21) -> 0 | BN21: =SUMIFS(領用表!$L:$L,領用表!$E:$E,$B21,領用表!$B:$B,BM$2&BN$2) -> 0 | BO21: =SUMIFS(領用表!$L:$L,領用表!$E:$E,$B21,領用表!$B:$B,$BM$2&BO$2) -> 0 | BP21: =SUMIFS(領用表!$L:$L,領用表!$E:$E,$B21,領用表!$B:$B,$BM$2&BP$2) -> 0 | BQ21: =SUMIFS(領用表!$L:$L,領用表!$E:$E,$B21,領用表!$B:$B,$BM$2&BQ$2) -> 0 | BR21: =SUMIFS(領用表!$L:$L,領用表!$A:$A,BR$2,領用表!$E:$E,B21) -> 0 | BS21: =SUMIFS(領用表!$L:$L,領用表!$E:$E,$B21,領用表!$B:$B,BR$2&BS$2) -> 0 | BT21: =SUMIFS(領用表!$L:$L,領用表!$E:$E,$B21,領用表!$B:$B,$BR$2&BT$2) -> 0 | BU21: =SUMIFS(領用表!$L:$L,領用表!$E:$E,$B21,領用表!$B:$B,$BR$2&BU$2) -> 0 | BV21: =SUMIFS(領用表!$L:$L,領用表!$E:$E,$B21,領用表!$B:$B,$BR$2&BV$2) -> 0 | BW21: =SUMIFS(領用表!$L:$L,領用表!$A:$A,BW$2,領用表!$E:$E,B21) -> 0 | BX21: =SUMIFS(領用表!$L:$L,領用表!$E:$E,$B21,領用表!$B:$B,BW$2&BX$2) -> 0 | BY21: =SUMIFS(領用表!$L:$L,領用表!$E:$E,$B21,領用表!$B:$B,$BW$2&BY$2) -> 0 | BZ21: =SUMIFS(領用表!$L:$L,領用表!$E:$E,$B21,領用表!$B:$B,$BW$2&BZ$2) -> 0 | CA21: =SUMIFS(領用表!$L:$L,領用表!$E:$E,$B21,領用表!$B:$B,$BW$2&CA$2) -> 0 | CB21: =SUMIFS(領用表!$L:$L,領用表!$A:$A,CB$2,領用表!$E:$E,B21) -> 0 | CC21: =SUMIFS(領用表!$L:$L,領用表!$E:$E,$B21,領用表!$B:$B,CB$2&CC$2) -> 0 | CD21: =SUMIFS(領用表!$L:$L,領用表!$E:$E,$B21,領用表!$B:$B,$CB$2&CD$2) -> 0 | CE21: =SUMIFS(領用表!$L:$L,領用表!$E:$E,$B21,領用表!$B:$B,$CB$2&CE$2) -> 0 | CF21: =SUMIFS(領用表!$L:$L,領用表!$E:$E,$B21,領用表!$B:$B,$CB$2&CF$2) -> 0 | CG21: =SUMIFS(領用表!$L:$L,領用表!$A:$A,CG$2,領用表!$E:$E,B21) -> 5 | CH21: =SUMIFS(領用表!$L:$L,領用表!$E:$E,$B21,領用表!$B:$B,CG$2&CH$2) -> 3 | CI21: =SUMIFS(領用表!$L:$L,領用表!$E:$E,$B21,領用表!$B:$B,CG$2&CI$2) -> 0 | CJ21: =SUMIFS(領用表!$L:$L,領用表!$E:$E,$B21,領用表!$B:$B,CG$2&CJ$2) -> 2 | CK21: =SUMIFS(領用表!$L:$L,領用表!$E:$E,$B21,領用表!$B:$B,$CG$2&CK$2) -> 0 | CL21: =SUM(AX21,AY21,AZ21,BA21,BB21,BC21,BH21,BM21,BR21,BW21,CB21,CG21) -> 5 | CM21: =AVERAGE(AX21,AY21,AZ21,BA21,BB21,BC21,BH21,BM21,BR21,BW21,CB21,CG21) -> 0.71428571 | CN21: =SUMIFS(領用表!$L:$L,領用表!$A:$A,CN$2,領用表!$E:$E,B21) -> 9 | CO21: =SUMIFS(領用表!$L:$L,領用表!$E:$E,$B21,領用表!$B:$B,CN$2&CO$2) -> 3 | CP21: =SUMIFS(領用表!$L:$L,領用表!$E:$E,$B21,領用表!$B:$B,$CN$2&CP$2) -> 0 | CQ21: =SUMIFS(領用表!$L:$L,領用表!$E:$E,$B21,領用表!$B:$B,$CN$2&CQ$2) -> 6 | CR21: =SUMIFS(領用表!$L:$L,領用表!$E:$E,$B21,領用表!$B:$B,$CN$2&CR$2) -> 0 | CS21: =SUMIFS(領用表!$L:$L,領用表!$A:$A,CS$2,領用表!$E:$E,B21) -> 11 | CT21: =SUMIFS(領用表!$L:$L,領用表!$E:$E,$B21,領用表!$B:$B,CS$2&CT$2) -> 5 | CU21: =SUMIFS(領用表!$L:$L,領用表!$E:$E,$B21,領用表!$B:$B,$CS$2&CU$2) -> 0 | CV21: =SUMIFS(領用表!$L:$L,領用表!$E:$E,$B21,領用表!$B:$B,$CS$2&CV$2) -> 4 | CW21: =SUMIFS(領用表!$L:$L,領用表!$E:$E,$B21,領用表!$B:$B,$CS$2&CW$2) -> 0 | CX21: =SUMIFS(領用表!$L:$L,領用表!$E:$E,$B21,領用表!$B:$B,$CS$2&CX$2) -> 2 | CY21: =SUMIFS(領用表!$L:$L,領用表!$A:$A,CY$2,領用表!$E:$E,B21) -> 7 | CZ21: =SUMIFS(領用表!$L:$L,領用表!$E:$E,$B21,領用表!$B:$B,CY$2&CZ$2) -> 5 | DA21: =SUMIFS(領用表!$L:$L,領用表!$E:$E,$B21,領用表!$B:$B,$CY$2&DA$2) -> 0 | DB21: =SUMIFS(領用表!$L:$L,領用表!$E:$E,$B21,領用表!$B:$B,$CY$2&DB$2) -> 2 | DC21: =SUMIFS(領用表!$L:$L,領用表!$E:$E,$B21,領用表!$B:$B,$CY$2&DC$2) -> 0 | DD21: =SUMIFS(領用表!$L:$L,領用表!$E:$E,$B21,領用表!$B:$B,$CY$2&DD$2) -> 0 | DE21: =SUMIFS(領用表!$L:$L,領用表!$A:$A,DE$2,領用表!$E:$E,B21) -> 18 | DF21: =SUMIFS(領用表!$L:$L,領用表!$E:$E,$B21,領用表!$B:$B,DE$2&DF$2) -> 6 | DG21: =SUMIFS(領用表!$L:$L,領用表!$E:$E,$B21,領用表!$B:$B,$DE$2&DG$2) -> 0 | DH21: =SUMIFS(領用表!$L:$L,領用表!$E:$E,$B21,領用表!$B:$B,$DE$2&DH$2) -> 9 | DI21: =SUMIFS(領用表!$L:$L,領用表!$E:$E,$B21,領用表!$B:$B,$DE$2&DI$2) -> 0 | DJ21: =SUMIFS(領用表!$L:$L,領用表!$E:$E,$B21,領用表!$B:$B,$DE$2&DJ$2) -> 3 | DK21: =SUMIFS(領用表!$L:$L,領用表!$A:$A,DK$2,領用表!$E:$E,$B21) -> 21 | DL21: =SUMIFS(領用表!$L:$L,領用表!$E:$E,$B21,領用表!$B:$B,DK$2&DL$2) -> 9 | DM21: =SUMIFS(領用表!$L:$L,領用表!$E:$E,$B21,領用表!$B:$B,$DK$2&DM$2) -> 0 | DN21: =SUMIFS(領用表!$L:$L,領用表!$E:$E,$B21,領用表!$B:$B,$DK$2&DN$2) -> 6 | DO21: =SUMIFS(領用表!$L:$L,領用表!$E:$E,$B21,領用表!$B:$B,$DK$2&DO$2) -> 0 | DP21: =SUMIFS(領用表!$L:$L,領用表!$E:$E,$B21,領用表!$B:$B,$DK$2&DP$2) -> 6 | DQ21: =SUM(CN21,CS21,CY21,DE21,DK21) -> 66 | DR21: =AVERAGEA(CN21,CS21,CY21,DE21,DK21) -> 13.2 | DS21: =SUM(DT21:DW21) -> 6 | DT21: 3 | DU21: 0 | DV21: 3 | DW21: 0 | DX21: 33 | DY21: 726支 | ED21: =IFERROR(VLOOKUP(A21,站前4樓!A:BF,57,0),0) -> 0 | EE21: =IFERROR(VLOOKUP(A21,站前11樓!A:BE,57,0),0) -> 0 | EF21: =IFERROR(VLOOKUP(A21,忠孝7樓!A:N,57,0),0) -> 0 | EG21: =IFERROR(VLOOKUP(A21,忠孝國際醫學3樓!A:L,57,0),0) -> 0 | EH21: =SUM(ED21:EG21) -> 0 | EJ21: 63 | EK21: 31
A22: MP1MA020016A | C22: 薇貝拉軟組織植入劑-小分子白童針 50mg | D22: 1 | E22: PCS | F22: =SUMIF(站前4樓!B:B,B22,站前4樓!F:F) -> 0 | G22: =SUMIF(站前11樓!B:B,B22,站前11樓!F:F) -> 0 | H22: =SUMIF(忠孝7樓!B:B,B22,忠孝7樓!G:G) -> 0 | I22: =SUMIF(忠孝國際醫學3樓!B:B,B22,忠孝國際醫學3樓!G:G) -> 0 | J22: =SUMIF(忠孝健康7樓!B:B,B22,忠孝健康7樓!G:G) -> 0 | K22: 0 | L22: 0 | M22: 0 | N22: 0 | O22: 0 | P22: 0 | Q22: 0 | R22: 0 | S22: 0 | T22: 0 | U22: 0 | V22: 0 | W22: 0 | X22: 0 | Y22: 0 | Z22: 0 | AA22: 0 | AB22: 0 | AC22: 0 | AD22: 0 | AE22: 0 | AF22: 0 | AG22: 0 | AH22: 0 | AI22: 0 | AJ22: 0 | AK22: 0 | AL22: 0 | AM22: 0 | AN22: 0 | AO22: 0 | AP22: 0 | AQ22: 0 | AR22: 3 | AS22: 9 | AT22: 9 | AU22: 16 | AV22: =SUM(AJ22:AU22) -> 37 | AW22: =AV22/4 -> 9.25 | AX22: 25 | AY22: 28 | AZ22: 23 | BA22: 30 | BB22: 31 | BC22: =SUMIFS(領用表!$L:$L,領用表!$A:$A,BC$2,領用表!$E:$E,B22) -> 0 | BD22: =SUMIFS(領用表!$L:$L,領用表!$E:$E,$B22,領用表!$B:$B,BC$2&BD$2) -> 0 | BE22: =SUMIFS(領用表!$L:$L,領用表!$E:$E,$B22,領用表!$B:$B,$BC$2&BE$2) -> 0 | BF22: =SUMIFS(領用表!$L:$L,領用表!$E:$E,$B22,領用表!$B:$B,$BC$2&BF$2) -> 0 | BG22: =SUMIFS(領用表!$L:$L,領用表!$E:$E,$B22,領用表!$B:$B,$BC$2&BG$2) -> 0 | BH22: =SUMIFS(領用表!$L:$L,領用表!$A:$A,BH$2,領用表!$E:$E,B22) -> 0 | BI22: =SUMIFS(領用表!$L:$L,領用表!$E:$E,$B22,領用表!$B:$B,BH$2&BI$2) -> 0 | BJ22: =SUMIFS(領用表!$L:$L,領用表!$E:$E,$B22,領用表!$B:$B,$BH$2&BJ$2) -> 0 | BK22: =SUMIFS(領用表!$L:$L,領用表!$E:$E,$B22,領用表!$B:$B,$BH$2&BK$2) -> 0 | BL22: =SUMIFS(領用表!$L:$L,領用表!$E:$E,$B22,領用表!$B:$B,$BH$2&BL$2) -> 0 | BM22: =SUMIFS(領用表!$L:$L,領用表!$A:$A,BM$2,領用表!$E:$E,B22) -> 0 | BN22: =SUMIFS(領用表!$L:$L,領用表!$E:$E,$B22,領用表!$B:$B,BM$2&BN$2) -> 0 | BO22: =SUMIFS(領用表!$L:$L,領用表!$E:$E,$B22,領用表!$B:$B,$BM$2&BO$2) -> 0 | BP22: =SUMIFS(領用表!$L:$L,領用表!$E:$E,$B22,領用表!$B:$B,$BM$2&BP$2) -> 0 | BQ22: =SUMIFS(領用表!$L:$L,領用表!$E:$E,$B22,領用表!$B:$B,$BM$2&BQ$2) -> 0 | BR22: =SUMIFS(領用表!$L:$L,領用表!$A:$A,BR$2,領用表!$E:$E,B22) -> 0 | BS22: =SUMIFS(領用表!$L:$L,領用表!$E:$E,$B22,領用表!$B:$B,BR$2&BS$2) -> 0 | BT22: =SUMIFS(領用表!$L:$L,領用表!$E:$E,$B22,領用表!$B:$B,$BR$2&BT$2) -> 0 | BU22: =SUMIFS(領用表!$L:$L,領用表!$E:$E,$B22,領用表!$B:$B,$BR$2&BU$2) -> 0 | BV22: =SUMIFS(領用表!$L:$L,領用表!$E:$E,$B22,領用表!$B:$B,$BR$2&BV$2) -> 0 | BW22: =SUMIFS(領用表!$L:$L,領用表!$A:$A,BW$2,領用表!$E:$E,B22) -> 0 | BX22: =SUMIFS(領用表!$L:$L,領用表!$E:$E,$B22,領用表!$B:$B,BW$2&BX$2) -> 0 | BY22: =SUMIFS(領用表!$L:$L,領用表!$E:$E,$B22,領用表!$B:$B,$BW$2&BY$2) -> 0 | BZ22: =SUMIFS(領用表!$L:$L,領用表!$E:$E,$B22,領用表!$B:$B,$BW$2&BZ$2) -> 0 | CA22: =SUMIFS(領用表!$L:$L,領用表!$E:$E,$B22,領用表!$B:$B,$BW$2&CA$2) -> 0 | CB22: =SUMIFS(領用表!$L:$L,領用表!$A:$A,CB$2,領用表!$E:$E,B22) -> 0 | CC22: =SUMIFS(領用表!$L:$L,領用表!$E:$E,$B22,領用表!$B:$B,CB$2&CC$2) -> 0 | CD22: =SUMIFS(領用表!$L:$L,領用表!$E:$E,$B22,領用表!$B:$B,$CB$2&CD$2) -> 0 | CE22: =SUMIFS(領用表!$L:$L,領用表!$E:$E,$B22,領用表!$B:$B,$CB$2&CE$2) -> 0 | CF22: =SUMIFS(領用表!$L:$L,領用表!$E:$E,$B22,領用表!$B:$B,$CB$2&CF$2) -> 0 | CG22: =SUMIFS(領用表!$L:$L,領用表!$A:$A,CG$2,領用表!$E:$E,B22) -> 0 | CH22: =SUMIFS(領用表!$L:$L,領用表!$E:$E,$B22,領用表!$B:$B,CG$2&CH$2) -> 0 | CI22: =SUMIFS(領用表!$L:$L,領用表!$E:$E,$B22,領用表!$B:$B,CG$2&CI$2) -> 0 | CJ22: =SUMIFS(領用表!$L:$L,領用表!$E:$E,$B22,領用表!$B:$B,CG$2&CJ$2) -> 0 | CK22: =SUMIFS(領用表!$L:$L,領用表!$E:$E,$B22,領用表!$B:$B,$CG$2&CK$2) -> 0 | CL22: =SUM(AX22,AY22,AZ22,BA22,BB22,BC22,BH22,BM22,BR22,BW22,CB22,CG22) -> 137 | CM22: =AVERAGE(AX22,AY22,AZ22,BA22,BB22,BC22,BH22,BM22,BR22,BW22,CB22,CG22) -> 11.416667 | CN22: =SUMIFS(領用表!$L:$L,領用表!$A:$A,CN$2,領用表!$E:$E,B22) -> 0 | CO22: =SUMIFS(領用表!$L:$L,領用表!$E:$E,$B22,領用表!$B:$B,CN$2&CO$2) -> 0 | CP22: =SUMIFS(領用表!$L:$L,領用表!$E:$E,$B22,領用表!$B:$B,$CN$2&CP$2) -> 0 | CQ22: =SUMIFS(領用表!$L:$L,領用表!$E:$E,$B22,領用表!$B:$B,$CN$2&CQ$2) -> 0 | CR22: =SUMIFS(領用表!$L:$L,領用表!$E:$E,$B22,領用表!$B:$B,$CN$2&CR$2) -> 0 | CS22: =SUMIFS(領用表!$L:$L,領用表!$A:$A,CS$2,領用表!$E:$E,B22) -> 0 | CT22: =SUMIFS(領用表!$L:$L,領用表!$E:$E,$B22,領用表!$B:$B,CS$2&CT$2) -> 0 | CU22: =SUMIFS(領用表!$L:$L,領用表!$E:$E,$B22,領用表!$B:$B,$CS$2&CU$2) -> 0 | CV22: =SUMIFS(領用表!$L:$L,領用表!$E:$E,$B22,領用表!$B:$B,$CS$2&CV$2) -> 0 | CW22: =SUMIFS(領用表!$L:$L,領用表!$E:$E,$B22,領用表!$B:$B,$CS$2&CW$2) -> 0 | CX22: =SUMIFS(領用表!$L:$L,領用表!$E:$E,$B22,領用表!$B:$B,$CS$2&CX$2) -> 0 | CY22: =SUMIFS(領用表!$L:$L,領用表!$A:$A,CY$2,領用表!$E:$E,B22) -> 0 | CZ22: =SUMIFS(領用表!$L:$L,領用表!$E:$E,$B22,領用表!$B:$B,CY$2&CZ$2) -> 0 | DA22: =SUMIFS(領用表!$L:$L,領用表!$E:$E,$B22,領用表!$B:$B,$CY$2&DA$2) -> 0 | DB22: =SUMIFS(領用表!$L:$L,領用表!$E:$E,$B22,領用表!$B:$B,$CY$2&DB$2) -> 0 | DC22: =SUMIFS(領用表!$L:$L,領用表!$E:$E,$B22,領用表!$B:$B,$CY$2&DC$2) -> 0 | DD22: =SUMIFS(領用表!$L:$L,領用表!$E:$E,$B22,領用表!$B:$B,$CY$2&DD$2) -> 0 | DE22: =SUMIFS(領用表!$L:$L,領用表!$A:$A,DE$2,領用表!$E:$E,B22) -> 0 | DF22: =SUMIFS(領用表!$L:$L,領用表!$E:$E,$B22,領用表!$B:$B,DE$2&DF$2) -> 0 | DG22: =SUMIFS(領用表!$L:$L,領用表!$E:$E,$B22,領用表!$B:$B,$DE$2&DG$2) -> 0 | DH22: =SUMIFS(領用表!$L:$L,領用表!$E:$E,$B22,領用表!$B:$B,$DE$2&DH$2) -> 0 | DI22: =SUMIFS(領用表!$L:$L,領用表!$E:$E,$B22,領用表!$B:$B,$DE$2&DI$2) -> 0 | DJ22: =SUMIFS(領用表!$L:$L,領用表!$E:$E,$B22,領用表!$B:$B,$DE$2&DJ$2) -> 0 | DK22: =SUMIFS(領用表!$L:$L,領用表!$A:$A,DK$2,領用表!$E:$E,$B22) -> 0 | DL22: =SUMIFS(領用表!$L:$L,領用表!$E:$E,$B22,領用表!$B:$B,DK$2&DL$2) -> 0 | DM22: =SUMIFS(領用表!$L:$L,領用表!$E:$E,$B22,領用表!$B:$B,$DK$2&DM$2) -> 0 | DN22: =SUMIFS(領用表!$L:$L,領用表!$E:$E,$B22,領用表!$B:$B,$DK$2&DN$2) -> 0 | DO22: =SUMIFS(領用表!$L:$L,領用表!$E:$E,$B22,領用表!$B:$B,$DK$2&DO$2) -> 0 | DP22: =SUMIFS(領用表!$L:$L,領用表!$E:$E,$B22,領用表!$B:$B,$DK$2&DP$2) -> 0 | DQ22: =SUM(CN22,CS22,CY22,DE22,DK22) -> 0 | DR22: =AVERAGEA(CN22,CS22,CY22,DE22,DK22) -> 0 | DS22: =SUM(DT22:DW22) -> 0 | DT22: 0 | DU22: 0 | DV22: 0 | DW22: 0 | ED22: =IFERROR(VLOOKUP(A22,站前4樓!A:BF,57,0),0) -> 0 | EE22: =IFERROR(VLOOKUP(A22,站前11樓!A:BE,57,0),0) -> 0 | EF22: =IFERROR(VLOOKUP(A22,忠孝7樓!A:N,57,0),0) -> 0 | EG22: =IFERROR(VLOOKUP(A22,忠孝國際醫學3樓!A:L,57,0),0) -> 0 | EH22: =SUM(ED22:EG22) -> 0 | EJ22: 38 | EK22: 0
A23: MP1MA020017A | C23: 薇貝拉軟組織植入劑-大分子黑童針 200mg | D23: 1 | E23: PCS | F23: =SUMIF(站前4樓!B:B,B23,站前4樓!F:F) -> 0 | G23: =SUMIF(站前11樓!B:B,B23,站前11樓!F:F) -> 0 | H23: =SUMIF(忠孝7樓!B:B,B23,忠孝7樓!G:G) -> 0 | I23: =SUMIF(忠孝國際醫學3樓!B:B,B23,忠孝國際醫學3樓!G:G) -> 0 | J23: =SUMIF(忠孝健康7樓!B:B,B23,忠孝健康7樓!G:G) -> 0 | K23: 0 | L23: 0 | M23: 0 | N23: 0 | O23: 0 | P23: 0 | Q23: 0 | R23: 0 | S23: 0 | T23: 0 | U23: 0 | V23: 0 | W23: 0 | X23: 0 | Y23: 0 | Z23: 0 | AA23: 0 | AB23: 0 | AC23: 0 | AD23: 0 | AE23: 0 | AF23: 0 | AG23: 0 | AH23: 0 | AI23: 0 | AJ23: 0 | AK23: 0 | AL23: 0 | AM23: 0 | AN23: 0 | AO23: 0 | AP23: 0 | AQ23: 0 | AR23: 3 | AS23: 11 | AT23: 15 | AU23: 15 | AV23: =SUM(AJ23:AU23) -> 44 | AW23: =AV23/4 -> 11 | AX23: 15 | AY23: 11 | AZ23: 27 | BA23: 30 | BB23: 28 | BC23: =SUMIFS(領用表!$L:$L,領用表!$A:$A,BC$2,領用表!$E:$E,B23) -> 0 | BD23: =SUMIFS(領用表!$L:$L,領用表!$E:$E,$B23,領用表!$B:$B,BC$2&BD$2) -> 0 | BE23: =SUMIFS(領用表!$L:$L,領用表!$E:$E,$B23,領用表!$B:$B,$BC$2&BE$2) -> 0 | BF23: =SUMIFS(領用表!$L:$L,領用表!$E:$E,$B23,領用表!$B:$B,$BC$2&BF$2) -> 0 | BG23: =SUMIFS(領用表!$L:$L,領用表!$E:$E,$B23,領用表!$B:$B,$BC$2&BG$2) -> 0 | BH23: =SUMIFS(領用表!$L:$L,領用表!$A:$A,BH$2,領用表!$E:$E,B23) -> 0 | BI23: =SUMIFS(領用表!$L:$L,領用表!$E:$E,$B23,領用表!$B:$B,BH$2&BI$2) -> 0 | BJ23: =SUMIFS(領用表!$L:$L,領用表!$E:$E,$B23,領用表!$B:$B,$BH$2&BJ$2) -> 0 | BK23: =SUMIFS(領用表!$L:$L,領用表!$E:$E,$B23,領用表!$B:$B,$BH$2&BK$2) -> 0 | BL23: =SUMIFS(領用表!$L:$L,領用表!$E:$E,$B23,領用表!$B:$B,$BH$2&BL$2) -> 0 | BM23: =SUMIFS(領用表!$L:$L,領用表!$A:$A,BM$2,領用表!$E:$E,B23) -> 0 | BN23: =SUMIFS(領用表!$L:$L,領用表!$E:$E,$B23,領用表!$B:$B,BM$2&BN$2) -> 0 | BO23: =SUMIFS(領用表!$L:$L,領用表!$E:$E,$B23,領用表!$B:$B,$BM$2&BO$2) -> 0 | BP23: =SUMIFS(領用表!$L:$L,領用表!$E:$E,$B23,領用表!$B:$B,$BM$2&BP$2) -> 0 | BQ23: =SUMIFS(領用表!$L:$L,領用表!$E:$E,$B23,領用表!$B:$B,$BM$2&BQ$2) -> 0 | BR23: =SUMIFS(領用表!$L:$L,領用表!$A:$A,BR$2,領用表!$E:$E,B23) -> 0 | BS23: =SUMIFS(領用表!$L:$L,領用表!$E:$E,$B23,領用表!$B:$B,BR$2&BS$2) -> 0 | BT23: =SUMIFS(領用表!$L:$L,領用表!$E:$E,$B23,領用表!$B:$B,$BR$2&BT$2) -> 0 | BU23: =SUMIFS(領用表!$L:$L,領用表!$E:$E,$B23,領用表!$B:$B,$BR$2&BU$2) -> 0 | BV23: =SUMIFS(領用表!$L:$L,領用表!$E:$E,$B23,領用表!$B:$B,$BR$2&BV$2) -> 0 | BW23: =SUMIFS(領用表!$L:$L,領用表!$A:$A,BW$2,領用表!$E:$E,B23) -> 0 | BX23: =SUMIFS(領用表!$L:$L,領用表!$E:$E,$B23,領用表!$B:$B,BW$2&BX$2) -> 0 | BY23: =SUMIFS(領用表!$L:$L,領用表!$E:$E,$B23,領用表!$B:$B,$BW$2&BY$2) -> 0 | BZ23: =SUMIFS(領用表!$L:$L,領用表!$E:$E,$B23,領用表!$B:$B,$BW$2&BZ$2) -> 0 | CA23: =SUMIFS(領用表!$L:$L,領用表!$E:$E,$B23,領用表!$B:$B,$BW$2&CA$2) -> 0 | CB23: =SUMIFS(領用表!$L:$L,領用表!$A:$A,CB$2,領用表!$E:$E,B23) -> 0 | CC23: =SUMIFS(領用表!$L:$L,領用表!$E:$E,$B23,領用表!$B:$B,CB$2&CC$2) -> 0 | CD23: =SUMIFS(領用表!$L:$L,領用表!$E:$E,$B23,領用表!$B:$B,$CB$2&CD$2) -> 0 | CE23: =SUMIFS(領用表!$L:$L,領用表!$E:$E,$B23,領用表!$B:$B,$CB$2&CE$2) -> 0 | CF23: =SUMIFS(領用表!$L:$L,領用表!$E:$E,$B23,領用表!$B:$B,$CB$2&CF$2) -> 0 | CG23: =SUMIFS(領用表!$L:$L,領用表!$A:$A,CG$2,領用表!$E:$E,B23) -> 0 | CH23: =SUMIFS(領用表!$L:$L,領用表!$E:$E,$B23,領用表!$B:$B,CG$2&CH$2) -> 0 | CI23: =SUMIFS(領用表!$L:$L,領用表!$E:$E,$B23,領用表!$B:$B,CG$2&CI$2) -> 0 | CJ23: =SUMIFS(領用表!$L:$L,領用表!$E:$E,$B23,領用表!$B:$B,CG$2&CJ$2) -> 0 | CK23: =SUMIFS(領用表!$L:$L,領用表!$E:$E,$B23,領用表!$B:$B,$CG$2&CK$2) -> 0 | CL23: =SUM(AX23,AY23,AZ23,BA23,BB23,BC23,BH23,BM23,BR23,BW23,CB23,CG23) -> 111 | CM23: =AVERAGE(AX23,AY23,AZ23,BA23,BB23,BC23,BH23,BM23,BR23,BW23,CB23,CG23) -> 9.25 | CN23: =SUMIFS(領用表!$L:$L,領用表!$A:$A,CN$2,領用表!$E:$E,B23) -> 0 | CO23: =SUMIFS(領用表!$L:$L,領用表!$E:$E,$B23,領用表!$B:$B,CN$2&CO$2) -> 0 | CP23: =SUMIFS(領用表!$L:$L,領用表!$E:$E,$B23,領用表!$B:$B,$CN$2&CP$2) -> 0 | CQ23: =SUMIFS(領用表!$L:$L,領用表!$E:$E,$B23,領用表!$B:$B,$CN$2&CQ$2) -> 0 | CR23: =SUMIFS(領用表!$L:$L,領用表!$E:$E,$B23,領用表!$B:$B,$CN$2&CR$2) -> 0 | CS23: =SUMIFS(領用表!$L:$L,領用表!$A:$A,CS$2,領用表!$E:$E,B23) -> 0 | CT23: =SUMIFS(領用表!$L:$L,領用表!$E:$E,$B23,領用表!$B:$B,CS$2&CT$2) -> 0 | CU23: =SUMIFS(領用表!$L:$L,領用表!$E:$E,$B23,領用表!$B:$B,$CS$2&CU$2) -> 0 | CV23: =SUMIFS(領用表!$L:$L,領用表!$E:$E,$B23,領用表!$B:$B,$CS$2&CV$2) -> 0 | CW23: =SUMIFS(領用表!$L:$L,領用表!$E:$E,$B23,領用表!$B:$B,$CS$2&CW$2) -> 0 | CX23: =SUMIFS(領用表!$L:$L,領用表!$E:$E,$B23,領用表!$B:$B,$CS$2&CX$2) -> 0 | CY23: =SUMIFS(領用表!$L:$L,領用表!$A:$A,CY$2,領用表!$E:$E,B23) -> 0 | CZ23: =SUMIFS(領用表!$L:$L,領用表!$E:$E,$B23,領用表!$B:$B,CY$2&CZ$2) -> 0 | DA23: =SUMIFS(領用表!$L:$L,領用表!$E:$E,$B23,領用表!$B:$B,$CY$2&DA$2) -> 0 | DB23: =SUMIFS(領用表!$L:$L,領用表!$E:$E,$B23,領用表!$B:$B,$CY$2&DB$2) -> 0 | DC23: =SUMIFS(領用表!$L:$L,領用表!$E:$E,$B23,領用表!$B:$B,$CY$2&DC$2) -> 0 | DD23: =SUMIFS(領用表!$L:$L,領用表!$E:$E,$B23,領用表!$B:$B,$CY$2&DD$2) -> 0 | DE23: =SUMIFS(領用表!$L:$L,領用表!$A:$A,DE$2,領用表!$E:$E,B23) -> 0 | DF23: =SUMIFS(領用表!$L:$L,領用表!$E:$E,$B23,領用表!$B:$B,DE$2&DF$2) -> 0 | DG23: =SUMIFS(領用表!$L:$L,領用表!$E:$E,$B23,領用表!$B:$B,$DE$2&DG$2) -> 0 | DH23: =SUMIFS(領用表!$L:$L,領用表!$E:$E,$B23,領用表!$B:$B,$DE$2&DH$2) -> 0 | DI23: =SUMIFS(領用表!$L:$L,領用表!$E:$E,$B23,領用表!$B:$B,$DE$2&DI$2) -> 0 | DJ23: =SUMIFS(領用表!$L:$L,領用表!$E:$E,$B23,領用表!$B:$B,$DE$2&DJ$2) -> 0 | DK23: =SUMIFS(領用表!$L:$L,領用表!$A:$A,DK$2,領用表!$E:$E,$B23) -> 0 | DL23: =SUMIFS(領用表!$L:$L,領用表!$E:$E,$B23,領用表!$B:$B,DK$2&DL$2) -> 0 | DM23: =SUMIFS(領用表!$L:$L,領用表!$E:$E,$B23,領用表!$B:$B,$DK$2&DM$2) -> 0 | DN23: =SUMIFS(領用表!$L:$L,領用表!$E:$E,$B23,領用表!$B:$B,$DK$2&DN$2) -> 0 | DO23: =SUMIFS(領用表!$L:$L,領用表!$E:$E,$B23,領用表!$B:$B,$DK$2&DO$2) -> 0 | DP23: =SUMIFS(領用表!$L:$L,領用表!$E:$E,$B23,領用表!$B:$B,$DK$2&DP$2) -> 0 | DQ23: =SUM(CN23,CS23,CY23,DE23,DK23) -> 0 | DR23: =AVERAGEA(CN23,CS23,CY23,DE23,DK23) -> 0 | DS23: =SUM(DT23:DW23) -> 0 | DT23: 0 | DU23: 0 | DV23: 0 | DW23: 0 | ED23: =IFERROR(VLOOKUP(A23,站前4樓!A:BF,57,0),0) -> 0 | EE23: =IFERROR(VLOOKUP(A23,站前11樓!A:BE,57,0),0) -> 0 | EF23: =IFERROR(VLOOKUP(A23,忠孝7樓!A:N,57,0),0) -> 0 | EG23: =IFERROR(VLOOKUP(A23,忠孝國際醫學3樓!A:L,57,0),0) -> 0 | EH23: =SUM(ED23:EG23) -> 0 | EJ23: 43 | EK23: 14.75
A24: MP1MA020032A | B24: 6160008 | C24: 薇貝拉軟組織植入劑-小分子白童針(1cc) | D24: 6 | E24: ml | F24: =SUMIF(站前4樓!B:B,B24,站前4樓!F:F) -> 318 | G24: =SUMIF(站前11樓!B:B,B24,站前11樓!F:F) -> 0 | H24: =SUMIF(忠孝7樓!B:B,B24,忠孝7樓!G:G) -> 484 | I24: =SUMIF(忠孝國際醫學3樓!B:B,B24,忠孝國際醫學3樓!G:G) -> 0 | J24: =SUMIF(忠孝健康7樓!B:B,B24,忠孝健康7樓!G:G) -> 179 | BC24: =SUMIFS(領用表!$L:$L,領用表!$A:$A,BC$2,領用表!$E:$E,B24) -> 196 | BD24: =SUMIFS(領用表!$L:$L,領用表!$E:$E,$B24,領用表!$B:$B,BC$2&BD$2) -> 196 | BE24: =SUMIFS(領用表!$L:$L,領用表!$E:$E,$B24,領用表!$B:$B,$BC$2&BE$2) -> 0 | BF24: =SUMIFS(領用表!$L:$L,領用表!$E:$E,$B24,領用表!$B:$B,$BC$2&BF$2) -> 0 | BG24: =SUMIFS(領用表!$L:$L,領用表!$E:$E,$B24,領用表!$B:$B,$BC$2&BG$2) -> 0 | BH24: =SUMIFS(領用表!$L:$L,領用表!$A:$A,BH$2,領用表!$E:$E,B24) -> 52 | BI24: =SUMIFS(領用表!$L:$L,領用表!$E:$E,$B24,領用表!$B:$B,BH$2&BI$2) -> 25 | BJ24: =SUMIFS(領用表!$L:$L,領用表!$E:$E,$B24,領用表!$B:$B,$BH$2&BJ$2) -> 0 | BK24: =SUMIFS(領用表!$L:$L,領用表!$E:$E,$B24,領用表!$B:$B,$BH$2&BK$2) -> 27 | BL24: =SUMIFS(領用表!$L:$L,領用表!$E:$E,$B24,領用表!$B:$B,$BH$2&BL$2) -> 0 | BM24: =SUMIFS(領用表!$L:$L,領用表!$A:$A,BM$2,領用表!$E:$E,B24) -> 29 | BN24: =SUMIFS(領用表!$L:$L,領用表!$E:$E,$B24,領用表!$B:$B,BM$2&BN$2) -> 19 | BO24: =SUMIFS(領用表!$L:$L,領用表!$E:$E,$B24,領用表!$B:$B,$BM$2&BO$2) -> 0 | BP24: =SUMIFS(領用表!$L:$L,領用表!$E:$E,$B24,領用表!$B:$B,$BM$2&BP$2) -> 10 | BQ24: =SUMIFS(領用表!$L:$L,領用表!$E:$E,$B24,領用表!$B:$B,$BM$2&BQ$2) -> 0 | BR24: =SUMIFS(領用表!$L:$L,領用表!$A:$A,BR$2,領用表!$E:$E,B24) -> 397 | BS24: =SUMIFS(領用表!$L:$L,領用表!$E:$E,$B24,領用表!$B:$B,BR$2&BS$2) -> 40 | BT24: =SUMIFS(領用表!$L:$L,領用表!$E:$E,$B24,領用表!$B:$B,$BR$2&BT$2) -> 0 | BU24: =SUMIFS(領用表!$L:$L,領用表!$E:$E,$B24,領用表!$B:$B,$BR$2&BU$2) -> 357 | BV24: =SUMIFS(領用表!$L:$L,領用表!$E:$E,$B24,領用表!$B:$B,$BR$2&BV$2) -> 0 | BW24: =SUMIFS(領用表!$L:$L,領用表!$A:$A,BW$2,領用表!$E:$E,B24) -> 662 | BX24: =SUMIFS(領用表!$L:$L,領用表!$E:$E,$B24,領用表!$B:$B,BW$2&BX$2) -> 221 | BY24: =SUMIFS(領用表!$L:$L,領用表!$E:$E,$B24,領用表!$B:$B,$BW$2&BY$2) -> 0 | BZ24: =SUMIFS(領用表!$L:$L,領用表!$E:$E,$B24,領用表!$B:$B,$BW$2&BZ$2) -> 441 | CA24: =SUMIFS(領用表!$L:$L,領用表!$E:$E,$B24,領用表!$B:$B,$BW$2&CA$2) -> 0 | CB24: =SUMIFS(領用表!$L:$L,領用表!$A:$A,CB$2,領用表!$E:$E,B24) -> 613 | CC24: =SUMIFS(領用表!$L:$L,領用表!$E:$E,$B24,領用表!$B:$B,CB$2&CC$2) -> 188 | CD24: =SUMIFS(領用表!$L:$L,領用表!$E:$E,$B24,領用表!$B:$B,$CB$2&CD$2) -> 0 | CE24: =SUMIFS(領用表!$L:$L,領用表!$E:$E,$B24,領用表!$B:$B,$CB$2&CE$2) -> 425 | CF24: =SUMIFS(領用表!$L:$L,領用表!$E:$E,$B24,領用表!$B:$B,$CB$2&CF$2) -> 0 | CG24: =SUMIFS(領用表!$L:$L,領用表!$A:$A,CG$2,領用表!$E:$E,B24) -> 122 | CH24: =SUMIFS(領用表!$L:$L,領用表!$E:$E,$B24,領用表!$B:$B,CG$2&CH$2) -> 108 | CI24: =SUMIFS(領用表!$L:$L,領用表!$E:$E,$B24,領用表!$B:$B,CG$2&CI$2) -> 0 | CJ24: =SUMIFS(領用表!$L:$L,領用表!$E:$E,$B24,領用表!$B:$B,CG$2&CJ$2) -> 14 | CK24: =SUMIFS(領用表!$L:$L,領用表!$E:$E,$B24,領用表!$B:$B,$CG$2&CK$2) -> 0 | CL24: =SUM(AX24,AY24,AZ24,BA24,BB24,BC24,BH24,BM24,BR24,BW24,CB24,CG24) -> 2071 | CM24: =AVERAGE(AX24,AY24,AZ24,BA24,BB24,BC24,BH24,BM24,BR24,BW24,CB24,CG24) -> 295.85714 | CN24: =SUMIFS(領用表!$L:$L,領用表!$A:$A,CN$2,領用表!$E:$E,B24) -> 210 | CO24: =SUMIFS(領用表!$L:$L,領用表!$E:$E,$B24,領用表!$B:$B,CN$2&CO$2) -> 202 | CP24: =SUMIFS(領用表!$L:$L,領用表!$E:$E,$B24,領用表!$B:$B,$CN$2&CP$2) -> 2 | CQ24: =SUMIFS(領用表!$L:$L,領用表!$E:$E,$B24,領用表!$B:$B,$CN$2&CQ$2) -> 6 | CR24: =SUMIFS(領用表!$L:$L,領用表!$E:$E,$B24,領用表!$B:$B,$CN$2&CR$2) -> 0 | CS24: =SUMIFS(領用表!$L:$L,領用表!$A:$A,CS$2,領用表!$E:$E,B24) -> 9 | CT24: =SUMIFS(領用表!$L:$L,領用表!$E:$E,$B24,領用表!$B:$B,CS$2&CT$2) -> 8 | CU24: =SUMIFS(領用表!$L:$L,領用表!$E:$E,$B24,領用表!$B:$B,$CS$2&CU$2) -> 0 | CV24: =SUMIFS(領用表!$L:$L,領用表!$E:$E,$B24,領用表!$B:$B,$CS$2&CV$2) -> 1 | CW24: =SUMIFS(領用表!$L:$L,領用表!$E:$E,$B24,領用表!$B:$B,$CS$2&CW$2) -> 0 | CX24: =SUMIFS(領用表!$L:$L,領用表!$E:$E,$B24,領用表!$B:$B,$CS$2&CX$2) -> 0 | CY24: =SUMIFS(領用表!$L:$L,領用表!$A:$A,CY$2,領用表!$E:$E,B24) -> 0 | CZ24: =SUMIFS(領用表!$L:$L,領用表!$E:$E,$B24,領用表!$B:$B,CY$2&CZ$2) -> 0 | DA24: =SUMIFS(領用表!$L:$L,領用表!$E:$E,$B24,領用表!$B:$B,$CY$2&DA$2) -> 0 | DB24: =SUMIFS(領用表!$L:$L,領用表!$E:$E,$B24,領用表!$B:$B,$CY$2&DB$2) -> 0 | DC24: =SUMIFS(領用表!$L:$L,領用表!$E:$E,$B24,領用表!$B:$B,$CY$2&DC$2) -> 0 | DD24: =SUMIFS(領用表!$L:$L,領用表!$E:$E,$B24,領用表!$B:$B,$CY$2&DD$2) -> 0 | DE24: =SUMIFS(領用表!$L:$L,領用表!$A:$A,DE$2,領用表!$E:$E,B24) -> 3 | DF24: =SUMIFS(領用表!$L:$L,領用表!$E:$E,$B24,領用表!$B:$B,DE$2&DF$2) -> 0 | DG24: =SUMIFS(領用表!$L:$L,領用表!$E:$E,$B24,領用表!$B:$B,$DE$2&DG$2) -> 0 | DH24: =SUMIFS(領用表!$L:$L,領用表!$E:$E,$B24,領用表!$B:$B,$DE$2&DH$2) -> 3 | DI24: =SUMIFS(領用表!$L:$L,領用表!$E:$E,$B24,領用表!$B:$B,$DE$2&DI$2) -> 0 | DJ24: =SUMIFS(領用表!$L:$L,領用表!$E:$E,$B24,領用表!$B:$B,$DE$2&DJ$2) -> 0 | DK24: =SUMIFS(領用表!$L:$L,領用表!$A:$A,DK$2,領用表!$E:$E,$B24) -> 326 | DL24: =SUMIFS(領用表!$L:$L,領用表!$E:$E,$B24,領用表!$B:$B,DK$2&DL$2) -> 97 | DM24: =SUMIFS(領用表!$L:$L,領用表!$E:$E,$B24,領用表!$B:$B,$DK$2&DM$2) -> 0 | DN24: =SUMIFS(領用表!$L:$L,領用表!$E:$E,$B24,領用表!$B:$B,$DK$2&DN$2) -> 166 | DO24: =SUMIFS(領用表!$L:$L,領用表!$E:$E,$B24,領用表!$B:$B,$DK$2&DO$2) -> 0 | DP24: =SUMIFS(領用表!$L:$L,領用表!$E:$E,$B24,領用表!$B:$B,$DK$2&DP$2) -> 63 | DQ24: =SUM(CN24,CS24,CY24,DE24,DK24) -> 548 | DR24: =AVERAGEA(CN24,CS24,CY24,DE24,DK24) -> 109.6 | DS24: =SUM(DT24:DW24) -> 245 | DT24: 35 | DU24: 0 | DV24: 210 | DW24: 0 | DX24: 240 | DZ24: 110瓶(10/21) | EA24: 40瓶(10/17) | ED24: =IFERROR(VLOOKUP(A24,站前4樓!A:BF,57,0),0) -> 188 | EE24: =IFERROR(VLOOKUP(A24,站前11樓!A:BE,57,0),0) -> 0 | EF24: =IFERROR(VLOOKUP(A24,忠孝7樓!A:N,57,0),0) -> 0 | EG24: =IFERROR(VLOOKUP(A24,忠孝國際醫學3樓!A:L,57,0),0) -> 0 | EH24: =SUM(ED24:EG24) -> 188 | EJ24: 228 | EK24: 0
A25: MP1MA020033A | B25: 6160009 | C25: 薇貝拉軟組織植入劑-大分子黑童針(1cc) | D25: 8 | E25: ml | F25: =SUMIF(站前4樓!B:B,B25,站前4樓!F:F) -> 119 | G25: =SUMIF(站前11樓!B:B,B25,站前11樓!F:F) -> 0 | H25: =SUMIF(忠孝7樓!B:B,B25,忠孝7樓!G:G) -> 112 | I25: =SUMIF(忠孝國際醫學3樓!B:B,B25,忠孝國際醫學3樓!G:G) -> 0 | J25: =SUMIF(忠孝健康7樓!B:B,B25,忠孝健康7樓!G:G) -> 7 | BC25: =SUMIFS(領用表!$L:$L,領用表!$A:$A,BC$2,領用表!$E:$E,B25) -> 210 | BD25: =SUMIFS(領用表!$L:$L,領用表!$E:$E,$B25,領用表!$B:$B,BC$2&BD$2) -> 210 | BE25: =SUMIFS(領用表!$L:$L,領用表!$E:$E,$B25,領用表!$B:$B,$BC$2&BE$2) -> 0 | BF25: =SUMIFS(領用表!$L:$L,領用表!$E:$E,$B25,領用表!$B:$B,$BC$2&BF$2) -> 0 | BG25: =SUMIFS(領用表!$L:$L,領用表!$E:$E,$B25,領用表!$B:$B,$BC$2&BG$2) -> 0 | BH25: =SUMIFS(領用表!$L:$L,領用表!$A:$A,BH$2,領用表!$E:$E,B25) -> 27 | BI25: =SUMIFS(領用表!$L:$L,領用表!$E:$E,$B25,領用表!$B:$B,BH$2&BI$2) -> 19 | BJ25: =SUMIFS(領用表!$L:$L,領用表!$E:$E,$B25,領用表!$B:$B,$BH$2&BJ$2) -> 0 | BK25: =SUMIFS(領用表!$L:$L,領用表!$E:$E,$B25,領用表!$B:$B,$BH$2&BK$2) -> 8 | BL25: =SUMIFS(領用表!$L:$L,領用表!$E:$E,$B25,領用表!$B:$B,$BH$2&BL$2) -> 0 | BM25: =SUMIFS(領用表!$L:$L,領用表!$A:$A,BM$2,領用表!$E:$E,B25) -> 26 | BN25: =SUMIFS(領用表!$L:$L,領用表!$E:$E,$B25,領用表!$B:$B,BM$2&BN$2) -> 20 | BO25: =SUMIFS(領用表!$L:$L,領用表!$E:$E,$B25,領用表!$B:$B,$BM$2&BO$2) -> 0 | BP25: =SUMIFS(領用表!$L:$L,領用表!$E:$E,$B25,領用表!$B:$B,$BM$2&BP$2) -> 6 | BQ25: =SUMIFS(領用表!$L:$L,領用表!$E:$E,$B25,領用表!$B:$B,$BM$2&BQ$2) -> 0 | BR25: =SUMIFS(領用表!$L:$L,領用表!$A:$A,BR$2,領用表!$E:$E,B25) -> 40 | BS25: =SUMIFS(領用表!$L:$L,領用表!$E:$E,$B25,領用表!$B:$B,BR$2&BS$2) -> 4 | BT25: =SUMIFS(領用表!$L:$L,領用表!$E:$E,$B25,領用表!$B:$B,$BR$2&BT$2) -> 0 | BU25: =SUMIFS(領用表!$L:$L,領用表!$E:$E,$B25,領用表!$B:$B,$BR$2&BU$2) -> 36 | BV25: =SUMIFS(領用表!$L:$L,領用表!$E:$E,$B25,領用表!$B:$B,$BR$2&BV$2) -> 0 | BW25: =SUMIFS(領用表!$L:$L,領用表!$A:$A,BW$2,領用表!$E:$E,B25) -> 73 | BX25: =SUMIFS(領用表!$L:$L,領用表!$E:$E,$B25,領用表!$B:$B,BW$2&BX$2) -> 67 | BY25: =SUMIFS(領用表!$L:$L,領用表!$E:$E,$B25,領用表!$B:$B,$BW$2&BY$2) -> 0 | BZ25: =SUMIFS(領用表!$L:$L,領用表!$E:$E,$B25,領用表!$B:$B,$BW$2&BZ$2) -> 6 | CA25: =SUMIFS(領用表!$L:$L,領用表!$E:$E,$B25,領用表!$B:$B,$BW$2&CA$2) -> 0 | CB25: =SUMIFS(領用表!$L:$L,領用表!$A:$A,CB$2,領用表!$E:$E,B25) -> 48 | CC25: =SUMIFS(領用表!$L:$L,領用表!$E:$E,$B25,領用表!$B:$B,CB$2&CC$2) -> 45 | CD25: =SUMIFS(領用表!$L:$L,領用表!$E:$E,$B25,領用表!$B:$B,$CB$2&CD$2) -> 0 | CE25: =SUMIFS(領用表!$L:$L,領用表!$E:$E,$B25,領用表!$B:$B,$CB$2&CE$2) -> 3 | CF25: =SUMIFS(領用表!$L:$L,領用表!$E:$E,$B25,領用表!$B:$B,$CB$2&CF$2) -> 0 | CG25: =SUMIFS(領用表!$L:$L,領用表!$A:$A,CG$2,領用表!$E:$E,B25) -> 22 | CH25: =SUMIFS(領用表!$L:$L,領用表!$E:$E,$B25,領用表!$B:$B,CG$2&CH$2) -> 22 | CI25: =SUMIFS(領用表!$L:$L,領用表!$E:$E,$B25,領用表!$B:$B,CG$2&CI$2) -> 0 | CJ25: =SUMIFS(領用表!$L:$L,領用表!$E:$E,$B25,領用表!$B:$B,CG$2&CJ$2) -> 0 | CK25: =SUMIFS(領用表!$L:$L,領用表!$E:$E,$B25,領用表!$B:$B,$CG$2&CK$2) -> 0 | CL25: =SUM(AX25,AY25,AZ25,BA25,BB25,BC25,BH25,BM25,BR25,BW25,CB25,CG25) -> 446 | CM25: =AVERAGE(AX25,AY25,AZ25,BA25,BB25,BC25,BH25,BM25,BR25,BW25,CB25,CG25) -> 63.714286 | CN25: =SUMIFS(領用表!$L:$L,領用表!$A:$A,CN$2,領用表!$E:$E,B25) -> 21 | CO25: =SUMIFS(領用表!$L:$L,領用表!$E:$E,$B25,領用表!$B:$B,CN$2&CO$2) -> 8 | CP25: =SUMIFS(領用表!$L:$L,領用表!$E:$E,$B25,領用表!$B:$B,$CN$2&CP$2) -> 0 | CQ25: =SUMIFS(領用表!$L:$L,領用表!$E:$E,$B25,領用表!$B:$B,$CN$2&CQ$2) -> 13 | CR25: =SUMIFS(領用表!$L:$L,領用表!$E:$E,$B25,領用表!$B:$B,$CN$2&CR$2) -> 0 | CS25: =SUMIFS(領用表!$L:$L,領用表!$A:$A,CS$2,領用表!$E:$E,B25) -> 44 | CT25: =SUMIFS(領用表!$L:$L,領用表!$E:$E,$B25,領用表!$B:$B,CS$2&CT$2) -> 27 | CU25: =SUMIFS(領用表!$L:$L,領用表!$E:$E,$B25,領用表!$B:$B,$CS$2&CU$2) -> 0 | CV25: =SUMIFS(領用表!$L:$L,領用表!$E:$E,$B25,領用表!$B:$B,$CS$2&CV$2) -> 17 | CW25: =SUMIFS(領用表!$L:$L,領用表!$E:$E,$B25,領用表!$B:$B,$CS$2&CW$2) -> 0 | CX25: =SUMIFS(領用表!$L:$L,領用表!$E:$E,$B25,領用表!$B:$B,$CS$2&CX$2) -> 0 | CY25: =SUMIFS(領用表!$L:$L,領用表!$A:$A,CY$2,領用表!$E:$E,B25) -> 169 | CZ25: =SUMIFS(領用表!$L:$L,領用表!$E:$E,$B25,領用表!$B:$B,CY$2&CZ$2) -> 83 | DA25: =SUMIFS(領用表!$L:$L,領用表!$E:$E,$B25,領用表!$B:$B,$CY$2&DA$2) -> 0 | DB25: =SUMIFS(領用表!$L:$L,領用表!$E:$E,$B25,領用表!$B:$B,$CY$2&DB$2) -> 86 | DC25: =SUMIFS(領用表!$L:$L,領用表!$E:$E,$B25,領用表!$B:$B,$CY$2&DC$2) -> 0 | DD25: =SUMIFS(領用表!$L:$L,領用表!$E:$E,$B25,領用表!$B:$B,$CY$2&DD$2) -> 0 | DE25: =SUMIFS(領用表!$L:$L,領用表!$A:$A,DE$2,領用表!$E:$E,B25) -> 65 | DF25: =SUMIFS(領用表!$L:$L,領用表!$E:$E,$B25,領用表!$B:$B,DE$2&DF$2) -> 63 | DG25: =SUMIFS(領用表!$L:$L,領用表!$E:$E,$B25,領用表!$B:$B,$DE$2&DG$2) -> 0 | DH25: =SUMIFS(領用表!$L:$L,領用表!$E:$E,$B25,領用表!$B:$B,$DE$2&DH$2) -> 2 | DI25: =SUMIFS(領用表!$L:$L,領用表!$E:$E,$B25,領用表!$B:$B,$DE$2&DI$2) -> 0 | DJ25: =SUMIFS(領用表!$L:$L,領用表!$E:$E,$B25,領用表!$B:$B,$DE$2&DJ$2) -> 0 | DK25: =SUMIFS(領用表!$L:$L,領用表!$A:$A,DK$2,領用表!$E:$E,$B25) -> 138 | DL25: =SUMIFS(領用表!$L:$L,領用表!$E:$E,$B25,領用表!$B:$B,DK$2&DL$2) -> 97 | DM25: =SUMIFS(領用表!$L:$L,領用表!$E:$E,$B25,領用表!$B:$B,$DK$2&DM$2) -> 0 | DN25: =SUMIFS(領用表!$L:$L,領用表!$E:$E,$B25,領用表!$B:$B,$DK$2&DN$2) -> 25 | DO25: =SUMIFS(領用表!$L:$L,領用表!$E:$E,$B25,領用表!$B:$B,$DK$2&DO$2) -> 0 | DP25: =SUMIFS(領用表!$L:$L,領用表!$E:$E,$B25,領用表!$B:$B,$DK$2&DP$2) -> 16 | DQ25: =SUM(CN25,CS25,CY25,DE25,DK25) -> 437 | DR25: =AVERAGEA(CN25,CS25,CY25,DE25,DK25) -> 87.4 | DS25: =SUM(DT25:DW25) -> 40 | DT25: 20 | DU25: 0 | DV25: 20 | DW25: 0 | DX25: 160 | DZ25: 40瓶(10/21) | EA25: 10瓶(10/17) | ED25: =IFERROR(VLOOKUP(A25,站前4樓!A:BF,57,0),0) -> 45 | EE25: =IFERROR(VLOOKUP(A25,站前11樓!A:BE,57,0),0) -> 0 | EF25: =IFERROR(VLOOKUP(A25,忠孝7樓!A:N,57,0),0) -> 0 | EG25: =IFERROR(VLOOKUP(A25,忠孝國際醫學3樓!A:L,57,0),0) -> 0 | EH25: =SUM(ED25:EG25) -> 45 | EJ25: 344 | EK25: 118
A26: MP1MA020026A | C26: (喬雅露)芳蜜軟組織注射植入物-Juvelook 50mg | D26: 1 | E26: PCS | F26: =SUMIF(站前4樓!B:B,B26,站前4樓!F:F) -> 0 | G26: =SUMIF(站前11樓!B:B,B26,站前11樓!F:F) -> 0 | H26: =SUMIF(忠孝7樓!B:B,B26,忠孝7樓!G:G) -> 0 | I26: =SUMIF(忠孝國際醫學3樓!B:B,B26,忠孝國際醫學3樓!G:G) -> 0 | J26: =SUMIF(忠孝健康7樓!B:B,B26,忠孝健康7樓!G:G) -> 0 | K26: 0 | L26: 0 | M26: 0 | N26: 0 | O26: 0 | P26: 0 | Q26: 0 | R26: 0 | S26: 0 | T26: 0 | U26: 0 | V26: 0 | W26: 0 | X26: 0 | Y26: 0 | Z26: 0 | AA26: 0 | AB26: 0 | AC26: 0 | AD26: 0 | AE26: 0 | AF26: 0 | AG26: 0 | AH26: 0 | AI26: 0 | AJ26: 0 | AK26: 0 | AL26: 0 | AM26: 0 | AN26: 0 | AO26: 0 | AP26: 0 | AQ26: 0 | AR26: 0 | AS26: 0 | AT26: 0 | AU26: 0 | AV26: - | AW26: - | AX26: - | AY26: - | AZ26: - | BA26: 0 | BB26: 0 | BC26: =SUMIFS(領用表!$L:$L,領用表!$A:$A,BC$2,領用表!$E:$E,B26) -> 0 | BD26: =SUMIFS(領用表!$L:$L,領用表!$E:$E,$B26,領用表!$B:$B,BC$2&BD$2) -> 0 | BE26: =SUMIFS(領用表!$L:$L,領用表!$E:$E,$B26,領用表!$B:$B,$BC$2&BE$2) -> 0 | BF26: =SUMIFS(領用表!$L:$L,領用表!$E:$E,$B26,領用表!$B:$B,$BC$2&BF$2) -> 0 | BG26: =SUMIFS(領用表!$L:$L,領用表!$E:$E,$B26,領用表!$B:$B,$BC$2&BG$2) -> 0 | BH26: =SUMIFS(領用表!$L:$L,領用表!$A:$A,BH$2,領用表!$E:$E,B26) -> 0 | BI26: =SUMIFS(領用表!$L:$L,領用表!$E:$E,$B26,領用表!$B:$B,BH$2&BI$2) -> 0 | BJ26: =SUMIFS(領用表!$L:$L,領用表!$E:$E,$B26,領用表!$B:$B,$BH$2&BJ$2) -> 0 | BK26: =SUMIFS(領用表!$L:$L,領用表!$E:$E,$B26,領用表!$B:$B,$BH$2&BK$2) -> 0 | BL26: =SUMIFS(領用表!$L:$L,領用表!$E:$E,$B26,領用表!$B:$B,$BH$2&BL$2) -> 0 | BM26: =SUMIFS(領用表!$L:$L,領用表!$A:$A,BM$2,領用表!$E:$E,B26) -> 0 | BN26: =SUMIFS(領用表!$L:$L,領用表!$E:$E,$B26,領用表!$B:$B,BM$2&BN$2) -> 0 | BO26: =SUMIFS(領用表!$L:$L,領用表!$E:$E,$B26,領用表!$B:$B,$BM$2&BO$2) -> 0 | BP26: =SUMIFS(領用表!$L:$L,領用表!$E:$E,$B26,領用表!$B:$B,$BM$2&BP$2) -> 0 | BQ26: =SUMIFS(領用表!$L:$L,領用表!$E:$E,$B26,領用表!$B:$B,$BM$2&BQ$2) -> 0 | BR26: =SUMIFS(領用表!$L:$L,領用表!$A:$A,BR$2,領用表!$E:$E,B26) -> 0 | BS26: =SUMIFS(領用表!$L:$L,領用表!$E:$E,$B26,領用表!$B:$B,BR$2&BS$2) -> 0 | BT26: =SUMIFS(領用表!$L:$L,領用表!$E:$E,$B26,領用表!$B:$B,$BR$2&BT$2) -> 0 | BU26: =SUMIFS(領用表!$L:$L,領用表!$E:$E,$B26,領用表!$B:$B,$BR$2&BU$2) -> 0 | BV26: =SUMIFS(領用表!$L:$L,領用表!$E:$E,$B26,領用表!$B:$B,$BR$2&BV$2) -> 0 | BW26: =SUMIFS(領用表!$L:$L,領用表!$A:$A,BW$2,領用表!$E:$E,B26) -> 0 | BX26: =SUMIFS(領用表!$L:$L,領用表!$E:$E,$B26,領用表!$B:$B,BW$2&BX$2) -> 0 | BY26: =SUMIFS(領用表!$L:$L,領用表!$E:$E,$B26,領用表!$B:$B,$BW$2&BY$2) -> 0 | BZ26: =SUMIFS(領用表!$L:$L,領用表!$E:$E,$B26,領用表!$B:$B,$BW$2&BZ$2) -> 0 | CA26: =SUMIFS(領用表!$L:$L,領用表!$E:$E,$B26,領用表!$B:$B,$BW$2&CA$2) -> 0 | CB26: =SUMIFS(領用表!$L:$L,領用表!$A:$A,CB$2,領用表!$E:$E,B26) -> 0 | CC26: =SUMIFS(領用表!$L:$L,領用表!$E:$E,$B26,領用表!$B:$B,CB$2&CC$2) -> 0 | CD26: =SUMIFS(領用表!$L:$L,領用表!$E:$E,$B26,領用表!$B:$B,$CB$2&CD$2) -> 0 | CE26: =SUMIFS(領用表!$L:$L,領用表!$E:$E,$B26,領用表!$B:$B,$CB$2&CE$2) -> 0 | CF26: =SUMIFS(領用表!$L:$L,領用表!$E:$E,$B26,領用表!$B:$B,$CB$2&CF$2) -> 0 | CG26: =SUMIFS(領用表!$L:$L,領用表!$A:$A,CG$2,領用表!$E:$E,B26) -> 0 | CH26: =SUMIFS(領用表!$L:$L,領用表!$E:$E,$B26,領用表!$B:$B,CG$2&CH$2) -> 0 | CI26: =SUMIFS(領用表!$L:$L,領用表!$E:$E,$B26,領用表!$B:$B,CG$2&CI$2) -> 0 | CJ26: =SUMIFS(領用表!$L:$L,領用表!$E:$E,$B26,領用表!$B:$B,CG$2&CJ$2) -> 0 | CK26: =SUMIFS(領用表!$L:$L,領用表!$E:$E,$B26,領用表!$B:$B,$CG$2&CK$2) -> 0 | CL26: =SUM(AX26,AY26,AZ26,BA26,BB26,BC26,BH26,BM26,BR26,BW26,CB26,CG26) -> 0 | CM26: =AVERAGE(AX26,AY26,AZ26,BA26,BB26,BC26,BH26,BM26,BR26,BW26,CB26,CG26) -> 0 | CN26: =SUMIFS(領用表!$L:$L,領用表!$A:$A,CN$2,領用表!$E:$E,B26) -> 0 | CO26: =SUMIFS(領用表!$L:$L,領用表!$E:$E,$B26,領用表!$B:$B,CN$2&CO$2) -> 0 | CP26: =SUMIFS(領用表!$L:$L,領用表!$E:$E,$B26,領用表!$B:$B,$CN$2&CP$2) -> 0 | CQ26: =SUMIFS(領用表!$L:$L,領用表!$E:$E,$B26,領用表!$B:$B,$CN$2&CQ$2) -> 0 | CR26: =SUMIFS(領用表!$L:$L,領用表!$E:$E,$B26,領用表!$B:$B,$CN$2&CR$2) -> 0 | CS26: =SUMIFS(領用表!$L:$L,領用表!$A:$A,CS$2,領用表!$E:$E,B26) -> 0 | CT26: =SUMIFS(領用表!$L:$L,領用表!$E:$E,$B26,領用表!$B:$B,CS$2&CT$2) -> 0 | CU26: =SUMIFS(領用表!$L:$L,領用表!$E:$E,$B26,領用表!$B:$B,$CS$2&CU$2) -> 0 | CV26: =SUMIFS(領用表!$L:$L,領用表!$E:$E,$B26,領用表!$B:$B,$CS$2&CV$2) -> 0 | CW26: =SUMIFS(領用表!$L:$L,領用表!$E:$E,$B26,領用表!$B:$B,$CS$2&CW$2) -> 0 | CX26: =SUMIFS(領用表!$L:$L,領用表!$E:$E,$B26,領用表!$B:$B,$CS$2&CX$2) -> 0 | CY26: =SUMIFS(領用表!$L:$L,領用表!$A:$A,CY$2,領用表!$E:$E,B26) -> 0 | CZ26: =SUMIFS(領用表!$L:$L,領用表!$E:$E,$B26,領用表!$B:$B,CY$2&CZ$2) -> 0 | DA26: =SUMIFS(領用表!$L:$L,領用表!$E:$E,$B26,領用表!$B:$B,$CY$2&DA$2) -> 0 | DB26: =SUMIFS(領用表!$L:$L,領用表!$E:$E,$B26,領用表!$B:$B,$CY$2&DB$2) -> 0 | DC26: =SUMIFS(領用表!$L:$L,領用表!$E:$E,$B26,領用表!$B:$B,$CY$2&DC$2) -> 0 | DD26: =SUMIFS(領用表!$L:$L,領用表!$E:$E,$B26,領用表!$B:$B,$CY$2&DD$2) -> 0 | DE26: =SUMIFS(領用表!$L:$L,領用表!$A:$A,DE$2,領用表!$E:$E,B26) -> 0 | DF26: =SUMIFS(領用表!$L:$L,領用表!$E:$E,$B26,領用表!$B:$B,DE$2&DF$2) -> 0 | DG26: =SUMIFS(領用表!$L:$L,領用表!$E:$E,$B26,領用表!$B:$B,$DE$2&DG$2) -> 0 | DH26: =SUMIFS(領用表!$L:$L,領用表!$E:$E,$B26,領用表!$B:$B,$DE$2&DH$2) -> 0 | DI26: =SUMIFS(領用表!$L:$L,領用表!$E:$E,$B26,領用表!$B:$B,$DE$2&DI$2) -> 0 | DJ26: =SUMIFS(領用表!$L:$L,領用表!$E:$E,$B26,領用表!$B:$B,$DE$2&DJ$2) -> 0 | DK26: =SUMIFS(領用表!$L:$L,領用表!$A:$A,DK$2,領用表!$E:$E,$B26) -> 0 | DL26: =SUMIFS(領用表!$L:$L,領用表!$E:$E,$B26,領用表!$B:$B,DK$2&DL$2) -> 0 | DM26: =SUMIFS(領用表!$L:$L,領用表!$E:$E,$B26,領用表!$B:$B,$DK$2&DM$2) -> 0 | DN26: =SUMIFS(領用表!$L:$L,領用表!$E:$E,$B26,領用表!$B:$B,$DK$2&DN$2) -> 0 | DO26: =SUMIFS(領用表!$L:$L,領用表!$E:$E,$B26,領用表!$B:$B,$DK$2&DO$2) -> 0 | DP26: =SUMIFS(領用表!$L:$L,領用表!$E:$E,$B26,領用表!$B:$B,$DK$2&DP$2) -> 0 | DQ26: =SUM(CN26,CS26,CY26,DE26,DK26) -> 0 | DR26: =AVERAGEA(CN26,CS26,CY26,DE26,DK26) -> 0 | DS26: =SUM(DT26:DW26) -> 0 | DT26: 0 | DU26: 0 | DV26: 0 | DW26: 0 | EB26: 叫貨單位「盒(10瓶)」 | ED26: =IFERROR(VLOOKUP(A26,站前4樓!A:BF,57,0),0) -> 0 | EE26: =IFERROR(VLOOKUP(A26,站前11樓!A:BE,57,0),0) -> 0 | EF26: =IFERROR(VLOOKUP(A26,忠孝7樓!A:N,57,0),0) -> 0 | EG26: =IFERROR(VLOOKUP(A26,忠孝國際醫學3樓!A:L,57,0),0) -> 0 | EH26: =SUM(ED26:EG26) -> 0 | EJ26: 23 | EK26: 62.5
A27: MP1MA020027A | C27: (喬雅露)芳蜜軟組織注射植入物-Lenisna 200mg | D27: 1 | E27: PCS | F27: =SUMIF(站前4樓!B:B,B27,站前4樓!F:F) -> 0 | G27: =SUMIF(站前11樓!B:B,B27,站前11樓!F:F) -> 0 | H27: =SUMIF(忠孝7樓!B:B,B27,忠孝7樓!G:G) -> 0 | I27: =SUMIF(忠孝國際醫學3樓!B:B,B27,忠孝國際醫學3樓!G:G) -> 0 | J27: =SUMIF(忠孝健康7樓!B:B,B27,忠孝健康7樓!G:G) -> 0 | K27: 0 | L27: 0 | M27: 0 | N27: 0 | O27: 0 | P27: 0 | Q27: 0 | R27: 0 | S27: 0 | T27: 0 | U27: 0 | V27: 0 | W27: 0 | X27: 0 | Y27: 0 | Z27: 0 | AA27: 0 | AB27: 0 | AC27: 0 | AD27: 0 | AE27: 0 | AF27: 0 | AG27: 0 | AH27: 0 | AI27: 0 | AJ27: 0 | AK27: 0 | AL27: 0 | AM27: 0 | AN27: 0 | AO27: 0 | AP27: 0 | AQ27: 0 | AR27: 0 | AS27: 0 | AT27: 0 | AU27: 0 | AV27: - | AW27: - | AX27: - | AY27: - | AZ27: - | BA27: 0 | BB27: 10 | BC27: =SUMIFS(領用表!$L:$L,領用表!$A:$A,BC$2,領用表!$E:$E,B27) -> 0 | BD27: =SUMIFS(領用表!$L:$L,領用表!$E:$E,$B27,領用表!$B:$B,BC$2&BD$2) -> 0 | BE27: =SUMIFS(領用表!$L:$L,領用表!$E:$E,$B27,領用表!$B:$B,$BC$2&BE$2) -> 0 | BF27: =SUMIFS(領用表!$L:$L,領用表!$E:$E,$B27,領用表!$B:$B,$BC$2&BF$2) -> 0 | BG27: =SUMIFS(領用表!$L:$L,領用表!$E:$E,$B27,領用表!$B:$B,$BC$2&BG$2) -> 0 | BH27: =SUMIFS(領用表!$L:$L,領用表!$A:$A,BH$2,領用表!$E:$E,B27) -> 0 | BI27: =SUMIFS(領用表!$L:$L,領用表!$E:$E,$B27,領用表!$B:$B,BH$2&BI$2) -> 0 | BJ27: =SUMIFS(領用表!$L:$L,領用表!$E:$E,$B27,領用表!$B:$B,$BH$2&BJ$2) -> 0 | BK27: =SUMIFS(領用表!$L:$L,領用表!$E:$E,$B27,領用表!$B:$B,$BH$2&BK$2) -> 0 | BL27: =SUMIFS(領用表!$L:$L,領用表!$E:$E,$B27,領用表!$B:$B,$BH$2&BL$2) -> 0 | BM27: =SUMIFS(領用表!$L:$L,領用表!$A:$A,BM$2,領用表!$E:$E,B27) -> 0 | BN27: =SUMIFS(領用表!$L:$L,領用表!$E:$E,$B27,領用表!$B:$B,BM$2&BN$2) -> 0 | BO27: =SUMIFS(領用表!$L:$L,領用表!$E:$E,$B27,領用表!$B:$B,$BM$2&BO$2) -> 0 | BP27: =SUMIFS(領用表!$L:$L,領用表!$E:$E,$B27,領用表!$B:$B,$BM$2&BP$2) -> 0 | BQ27: =SUMIFS(領用表!$L:$L,領用表!$E:$E,$B27,領用表!$B:$B,$BM$2&BQ$2) -> 0 | BR27: =SUMIFS(領用表!$L:$L,領用表!$A:$A,BR$2,領用表!$E:$E,B27) -> 0 | BS27: =SUMIFS(領用表!$L:$L,領用表!$E:$E,$B27,領用表!$B:$B,BR$2&BS$2) -> 0 | BT27: =SUMIFS(領用表!$L:$L,領用表!$E:$E,$B27,領用表!$B:$B,$BR$2&BT$2) -> 0 | BU27: =SUMIFS(領用表!$L:$L,領用表!$E:$E,$B27,領用表!$B:$B,$BR$2&BU$2) -> 0 | BV27: =SUMIFS(領用表!$L:$L,領用表!$E:$E,$B27,領用表!$B:$B,$BR$2&BV$2) -> 0 | BW27: =SUMIFS(領用表!$L:$L,領用表!$A:$A,BW$2,領用表!$E:$E,B27) -> 0 | BX27: =SUMIFS(領用表!$L:$L,領用表!$E:$E,$B27,領用表!$B:$B,BW$2&BX$2) -> 0 | BY27: =SUMIFS(領用表!$L:$L,領用表!$E:$E,$B27,領用表!$B:$B,$BW$2&BY$2) -> 0 | BZ27: =SUMIFS(領用表!$L:$L,領用表!$E:$E,$B27,領用表!$B:$B,$BW$2&BZ$2) -> 0 | CA27: =SUMIFS(領用表!$L:$L,領用表!$E:$E,$B27,領用表!$B:$B,$BW$2&CA$2) -> 0 | CB27: =SUMIFS(領用表!$L:$L,領用表!$A:$A,CB$2,領用表!$E:$E,B27) -> 0 | CC27: =SUMIFS(領用表!$L:$L,領用表!$E:$E,$B27,領用表!$B:$B,CB$2&CC$2) -> 0 | CD27: =SUMIFS(領用表!$L:$L,領用表!$E:$E,$B27,領用表!$B:$B,$CB$2&CD$2) -> 0 | CE27: =SUMIFS(領用表!$L:$L,領用表!$E:$E,$B27,領用表!$B:$B,$CB$2&CE$2) -> 0 | CF27: =SUMIFS(領用表!$L:$L,領用表!$E:$E,$B27,領用表!$B:$B,$CB$2&CF$2) -> 0 | CG27: =SUMIFS(領用表!$L:$L,領用表!$A:$A,CG$2,領用表!$E:$E,B27) -> 0 | CH27: =SUMIFS(領用表!$L:$L,領用表!$E:$E,$B27,領用表!$B:$B,CG$2&CH$2) -> 0 | CI27: =SUMIFS(領用表!$L:$L,領用表!$E:$E,$B27,領用表!$B:$B,CG$2&CI$2) -> 0 | CJ27: =SUMIFS(領用表!$L:$L,領用表!$E:$E,$B27,領用表!$B:$B,CG$2&CJ$2) -> 0 | CK27: =SUMIFS(領用表!$L:$L,領用表!$E:$E,$B27,領用表!$B:$B,$CG$2&CK$2) -> 0 | CL27: =SUM(AX27,AY27,AZ27,BA27,BB27,BC27,BH27,BM27,BR27,BW27,CB27,CG27) -> 10 | CM27: =AVERAGE(AX27,AY27,AZ27,BA27,BB27,BC27,BH27,BM27,BR27,BW27,CB27,CG27) -> 1.1111111 | CN27: =SUMIFS(領用表!$L:$L,領用表!$A:$A,CN$2,領用表!$E:$E,B27) -> 0 | CO27: =SUMIFS(領用表!$L:$L,領用表!$E:$E,$B27,領用表!$B:$B,CN$2&CO$2) -> 0 | CP27: =SUMIFS(領用表!$L:$L,領用表!$E:$E,$B27,領用表!$B:$B,$CN$2&CP$2) -> 0 | CQ27: =SUMIFS(領用表!$L:$L,領用表!$E:$E,$B27,領用表!$B:$B,$CN$2&CQ$2) -> 0 | CR27: =SUMIFS(領用表!$L:$L,領用表!$E:$E,$B27,領用表!$B:$B,$CN$2&CR$2) -> 0 | CS27: =SUMIFS(領用表!$L:$L,領用表!$A:$A,CS$2,領用表!$E:$E,B27) -> 0 | CT27: =SUMIFS(領用表!$L:$L,領用表!$E:$E,$B27,領用表!$B:$B,CS$2&CT$2) -> 0 | CU27: =SUMIFS(領用表!$L:$L,領用表!$E:$E,$B27,領用表!$B:$B,$CS$2&CU$2) -> 0 | CV27: =SUMIFS(領用表!$L:$L,領用表!$E:$E,$B27,領用表!$B:$B,$CS$2&CV$2) -> 0 | CW27: =SUMIFS(領用表!$L:$L,領用表!$E:$E,$B27,領用表!$B:$B,$CS$2&CW$2) -> 0 | CX27: =SUMIFS(領用表!$L:$L,領用表!$E:$E,$B27,領用表!$B:$B,$CS$2&CX$2) -> 0 | CY27: =SUMIFS(領用表!$L:$L,領用表!$A:$A,CY$2,領用表!$E:$E,B27) -> 0 | CZ27: =SUMIFS(領用表!$L:$L,領用表!$E:$E,$B27,領用表!$B:$B,CY$2&CZ$2) -> 0 | DA27: =SUMIFS(領用表!$L:$L,領用表!$E:$E,$B27,領用表!$B:$B,$CY$2&DA$2) -> 0 | DB27: =SUMIFS(領用表!$L:$L,領用表!$E:$E,$B27,領用表!$B:$B,$CY$2&DB$2) -> 0 | DC27: =SUMIFS(領用表!$L:$L,領用表!$E:$E,$B27,領用表!$B:$B,$CY$2&DC$2) -> 0 | DD27: =SUMIFS(領用表!$L:$L,領用表!$E:$E,$B27,領用表!$B:$B,$CY$2&DD$2) -> 0 | DE27: =SUMIFS(領用表!$L:$L,領用表!$A:$A,DE$2,領用表!$E:$E,B27) -> 0 | DF27: =SUMIFS(領用表!$L:$L,領用表!$E:$E,$B27,領用表!$B:$B,DE$2&DF$2) -> 0 | DG27: =SUMIFS(領用表!$L:$L,領用表!$E:$E,$B27,領用表!$B:$B,$DE$2&DG$2) -> 0 | DH27: =SUMIFS(領用表!$L:$L,領用表!$E:$E,$B27,領用表!$B:$B,$DE$2&DH$2) -> 0 | DI27: =SUMIFS(領用表!$L:$L,領用表!$E:$E,$B27,領用表!$B:$B,$DE$2&DI$2) -> 0 | DJ27: =SUMIFS(領用表!$L:$L,領用表!$E:$E,$B27,領用表!$B:$B,$DE$2&DJ$2) -> 0 | DK27: =SUMIFS(領用表!$L:$L,領用表!$A:$A,DK$2,領用表!$E:$E,$B27) -> 0 | DL27: =SUMIFS(領用表!$L:$L,領用表!$E:$E,$B27,領用表!$B:$B,DK$2&DL$2) -> 0 | DM27: =SUMIFS(領用表!$L:$L,領用表!$E:$E,$B27,領用表!$B:$B,$DK$2&DM$2) -> 0 | DN27: =SUMIFS(領用表!$L:$L,領用表!$E:$E,$B27,領用表!$B:$B,$DK$2&DN$2) -> 0 | DO27: =SUMIFS(領用表!$L:$L,領用表!$E:$E,$B27,領用表!$B:$B,$DK$2&DO$2) -> 0 | DP27: =SUMIFS(領用表!$L:$L,領用表!$E:$E,$B27,領用表!$B:$B,$DK$2&DP$2) -> 0 | DQ27: =SUM(CN27,CS27,CY27,DE27,DK27) -> 0 | DR27: =AVERAGEA(CN27,CS27,CY27,DE27,DK27) -> 0 | DS27: =SUM(DT27:DW27) -> 0 | DT27: 0 | DU27: 0 | DV27: 0 | DW27: 0 | EB27: 叫貨單位「盒(10瓶)」 | ED27: =IFERROR(VLOOKUP(A27,站前4樓!A:BF,57,0),0) -> 0 | EE27: =IFERROR(VLOOKUP(A27,站前11樓!A:BE,57,0),0) -> 0 | EF27: =IFERROR(VLOOKUP(A27,忠孝7樓!A:N,57,0),0) -> 0 | EG27: =IFERROR(VLOOKUP(A27,忠孝國際醫學3樓!A:L,57,0),0) -> 0 | EH27: =SUM(ED27:EG27) -> 0 | EJ27: 13 | EK27: 16
A28: MP1MA020030A | B28: 6160011 | C28: (喬雅露)芳蜜軟組織注射植入物-Juvelook 50mg (1cc) | D28: 6 | E28: ml | F28: =SUMIF(站前4樓!B:B,B28,站前4樓!F:F) -> 155 | G28: =SUMIF(站前11樓!B:B,B28,站前11樓!F:F) -> 0 | H28: =SUMIF(忠孝7樓!B:B,B28,忠孝7樓!G:G) -> 216.5 | I28: =SUMIF(忠孝國際醫學3樓!B:B,B28,忠孝國際醫學3樓!G:G) -> 0 | J28: =SUMIF(忠孝健康7樓!B:B,B28,忠孝健康7樓!G:G) -> 3 | BC28: =SUMIFS(領用表!$L:$L,領用表!$A:$A,BC$2,領用表!$E:$E,B28) -> 153 | BD28: =SUMIFS(領用表!$L:$L,領用表!$E:$E,$B28,領用表!$B:$B,BC$2&BD$2) -> 153 | BE28: =SUMIFS(領用表!$L:$L,領用表!$E:$E,$B28,領用表!$B:$B,$BC$2&BE$2) -> 0 | BF28: =SUMIFS(領用表!$L:$L,領用表!$E:$E,$B28,領用表!$B:$B,$BC$2&BF$2) -> 0 | BG28: =SUMIFS(領用表!$L:$L,領用表!$E:$E,$B28,領用表!$B:$B,$BC$2&BG$2) -> 0 | BH28: =SUMIFS(領用表!$L:$L,領用表!$A:$A,BH$2,領用表!$E:$E,B28) -> 458 | BI28: =SUMIFS(領用表!$L:$L,領用表!$E:$E,$B28,領用表!$B:$B,BH$2&BI$2) -> 278 | BJ28: =SUMIFS(領用表!$L:$L,領用表!$E:$E,$B28,領用表!$B:$B,$BH$2&BJ$2) -> 0 | BK28: =SUMIFS(領用表!$L:$L,領用表!$E:$E,$B28,領用表!$B:$B,$BH$2&BK$2) -> 180 | BL28: =SUMIFS(領用表!$L:$L,領用表!$E:$E,$B28,領用表!$B:$B,$BH$2&BL$2) -> 0 | BM28: =SUMIFS(領用表!$L:$L,領用表!$A:$A,BM$2,領用表!$E:$E,B28) -> 609 | BN28: =SUMIFS(領用表!$L:$L,領用表!$E:$E,$B28,領用表!$B:$B,BM$2&BN$2) -> 285 | BO28: =SUMIFS(領用表!$L:$L,領用表!$E:$E,$B28,領用表!$B:$B,$BM$2&BO$2) -> 0 | BP28: =SUMIFS(領用表!$L:$L,領用表!$E:$E,$B28,領用表!$B:$B,$BM$2&BP$2) -> 324 | BQ28: =SUMIFS(領用表!$L:$L,領用表!$E:$E,$B28,領用表!$B:$B,$BM$2&BQ$2) -> 0 | BR28: =SUMIFS(領用表!$L:$L,領用表!$A:$A,BR$2,領用表!$E:$E,B28) -> 295 | BS28: =SUMIFS(領用表!$L:$L,領用表!$E:$E,$B28,領用表!$B:$B,BR$2&BS$2) -> 227 | BT28: =SUMIFS(領用表!$L:$L,領用表!$E:$E,$B28,領用表!$B:$B,$BR$2&BT$2) -> 0 | BU28: =SUMIFS(領用表!$L:$L,領用表!$E:$E,$B28,領用表!$B:$B,$BR$2&BU$2) -> 68 | BV28: =SUMIFS(領用表!$L:$L,領用表!$E:$E,$B28,領用表!$B:$B,$BR$2&BV$2) -> 0 | BW28: =SUMIFS(領用表!$L:$L,領用表!$A:$A,BW$2,領用表!$E:$E,B28) -> 114 | BX28: =SUMIFS(領用表!$L:$L,領用表!$E:$E,$B28,領用表!$B:$B,BW$2&BX$2) -> 74 | BY28: =SUMIFS(領用表!$L:$L,領用表!$E:$E,$B28,領用表!$B:$B,$BW$2&BY$2) -> 0 | BZ28: =SUMIFS(領用表!$L:$L,領用表!$E:$E,$B28,領用表!$B:$B,$BW$2&BZ$2) -> 40 | CA28: =SUMIFS(領用表!$L:$L,領用表!$E:$E,$B28,領用表!$B:$B,$BW$2&CA$2) -> 0 | CB28: =SUMIFS(領用表!$L:$L,領用表!$A:$A,CB$2,領用表!$E:$E,B28) -> 165 | CC28: =SUMIFS(領用表!$L:$L,領用表!$E:$E,$B28,領用表!$B:$B,CB$2&CC$2) -> 114 | CD28: =SUMIFS(領用表!$L:$L,領用表!$E:$E,$B28,領用表!$B:$B,$CB$2&CD$2) -> 0 | CE28: =SUMIFS(領用表!$L:$L,領用表!$E:$E,$B28,領用表!$B:$B,$CB$2&CE$2) -> 51 | CF28: =SUMIFS(領用表!$L:$L,領用表!$E:$E,$B28,領用表!$B:$B,$CB$2&CF$2) -> 0 | CG28: =SUMIFS(領用表!$L:$L,領用表!$A:$A,CG$2,領用表!$E:$E,B28) -> 1022 | CH28: =SUMIFS(領用表!$L:$L,領用表!$E:$E,$B28,領用表!$B:$B,CG$2&CH$2) -> 240 | CI28: =SUMIFS(領用表!$L:$L,領用表!$E:$E,$B28,領用表!$B:$B,CG$2&CI$2) -> 0 | CJ28: =SUMIFS(領用表!$L:$L,領用表!$E:$E,$B28,領用表!$B:$B,CG$2&CJ$2) -> 782 | CK28: =SUMIFS(領用表!$L:$L,領用表!$E:$E,$B28,領用表!$B:$B,$CG$2&CK$2) -> 0 | CL28: =SUM(AX28,AY28,AZ28,BA28,BB28,BC28,BH28,BM28,BR28,BW28,CB28,CG28) -> 2816 | CM28: =AVERAGE(AX28,AY28,AZ28,BA28,BB28,BC28,BH28,BM28,BR28,BW28,CB28,CG28) -> 402.28571 | CN28: =SUMIFS(領用表!$L:$L,領用表!$A:$A,CN$2,領用表!$E:$E,B28) -> 1359 | CO28: =SUMIFS(領用表!$L:$L,領用表!$E:$E,$B28,領用表!$B:$B,CN$2&CO$2) -> 356 | CP28: =SUMIFS(領用表!$L:$L,領用表!$E:$E,$B28,領用表!$B:$B,$CN$2&CP$2) -> 0 | CQ28: =SUMIFS(領用表!$L:$L,領用表!$E:$E,$B28,領用表!$B:$B,$CN$2&CQ$2) -> 1003 | CR28: =SUMIFS(領用表!$L:$L,領用表!$E:$E,$B28,領用表!$B:$B,$CN$2&CR$2) -> 0 | CS28: =SUMIFS(領用表!$L:$L,領用表!$A:$A,CS$2,領用表!$E:$E,B28) -> 1368 | CT28: =SUMIFS(領用表!$L:$L,領用表!$E:$E,$B28,領用表!$B:$B,CS$2&CT$2) -> 452 | CU28: =SUMIFS(領用表!$L:$L,領用表!$E:$E,$B28,領用表!$B:$B,$CS$2&CU$2) -> 0 | CV28: =SUMIFS(領用表!$L:$L,領用表!$E:$E,$B28,領用表!$B:$B,$CS$2&CV$2) -> 865 | CW28: =SUMIFS(領用表!$L:$L,領用表!$E:$E,$B28,領用表!$B:$B,$CS$2&CW$2) -> 0 | CX28: =SUMIFS(領用表!$L:$L,領用表!$E:$E,$B28,領用表!$B:$B,$CS$2&CX$2) -> 51 | CY28: =SUMIFS(領用表!$L:$L,領用表!$A:$A,CY$2,領用表!$E:$E,B28) -> 1559 | CZ28: =SUMIFS(領用表!$L:$L,領用表!$E:$E,$B28,領用表!$B:$B,CY$2&CZ$2) -> 520 | DA28: =SUMIFS(領用表!$L:$L,領用表!$E:$E,$B28,領用表!$B:$B,$CY$2&DA$2) -> 0 | DB28: =SUMIFS(領用表!$L:$L,領用表!$E:$E,$B28,領用表!$B:$B,$CY$2&DB$2) -> 881 | DC28: =SUMIFS(領用表!$L:$L,領用表!$E:$E,$B28,領用表!$B:$B,$CY$2&DC$2) -> 0 | DD28: =SUMIFS(領用表!$L:$L,領用表!$E:$E,$B28,領用表!$B:$B,$CY$2&DD$2) -> 158 | DE28: =SUMIFS(領用表!$L:$L,領用表!$A:$A,DE$2,領用表!$E:$E,B28) -> 1669 | DF28: =SUMIFS(領用表!$L:$L,領用表!$E:$E,$B28,領用表!$B:$B,DE$2&DF$2) -> 508 | DG28: =SUMIFS(領用表!$L:$L,領用表!$E:$E,$B28,領用表!$B:$B,$DE$2&DG$2) -> 0 | DH28: =SUMIFS(領用表!$L:$L,領用表!$E:$E,$B28,領用表!$B:$B,$DE$2&DH$2) -> 914 | DI28: =SUMIFS(領用表!$L:$L,領用表!$E:$E,$B28,領用表!$B:$B,$DE$2&DI$2) -> 0 | DJ28: =SUMIFS(領用表!$L:$L,領用表!$E:$E,$B28,領用表!$B:$B,$DE$2&DJ$2) -> 247 | DK28: =SUMIFS(領用表!$L:$L,領用表!$A:$A,DK$2,領用表!$E:$E,$B28) -> 1518 | DL28: =SUMIFS(領用表!$L:$L,領用表!$E:$E,$B28,領用表!$B:$B,DK$2&DL$2) -> 422 | DM28: =SUMIFS(領用表!$L:$L,領用表!$E:$E,$B28,領用表!$B:$B,$DK$2&DM$2) -> 0 | DN28: =SUMIFS(領用表!$L:$L,領用表!$E:$E,$B28,領用表!$B:$B,$DK$2&DN$2) -> 853 | DO28: =SUMIFS(領用表!$L:$L,領用表!$E:$E,$B28,領用表!$B:$B,$DK$2&DO$2) -> 0 | DP28: =SUMIFS(領用表!$L:$L,領用表!$E:$E,$B28,領用表!$B:$B,$DK$2&DP$2) -> 243 | DQ28: =SUM(CN28,CS28,CY28,DE28,DK28) -> 7473 | DR28: =AVERAGEA(CN28,CS28,CY28,DE28,DK28) -> 1494.6 | DS28: =SUM(DT28:DW28) -> 1350 | DT28: 350 | DU28: 0 | DV28: 1000 | DW28: 0 | DX28: 480 | DY28: 25 (出完改叫薇貝拉) | DZ28: 10瓶(10/21) | EB28: 叫貨單位「盒(10瓶)」 | ED28: =IFERROR(VLOOKUP(A28,站前4樓!A:BF,57,0),0) -> 114 | EE28: =IFERROR(VLOOKUP(A28,站前11樓!A:BE,57,0),0) -> 0 | EF28: =IFERROR(VLOOKUP(A28,忠孝7樓!A:N,57,0),0) -> 0 | EG28: =IFERROR(VLOOKUP(A28,忠孝國際醫學3樓!A:L,57,0),0) -> 0 | EH28: =SUM(ED28:EG28) -> 114 | EJ28: 138 | EK28: 375
A29: MP1MA020031A | B29: 6160010 | C29: (喬雅露)芳蜜軟組織注射植入物-Lenisna 200mg(1cc) | D29: 8 | E29: ml | F29: =SUMIF(站前4樓!B:B,B29,站前4樓!F:F) -> 80 | G29: =SUMIF(站前11樓!B:B,B29,站前11樓!F:F) -> 0 | H29: =SUMIF(忠孝7樓!B:B,B29,忠孝7樓!G:G) -> 193 | I29: =SUMIF(忠孝國際醫學3樓!B:B,B29,忠孝國際醫學3樓!G:G) -> 0 | J29: =SUMIF(忠孝健康7樓!B:B,B29,忠孝健康7樓!G:G) -> 18 | BC29: =SUMIFS(領用表!$L:$L,領用表!$A:$A,BC$2,領用表!$E:$E,B29) -> 38 | BD29: =SUMIFS(領用表!$L:$L,領用表!$E:$E,$B29,領用表!$B:$B,BC$2&BD$2) -> 38 | BE29: =SUMIFS(領用表!$L:$L,領用表!$E:$E,$B29,領用表!$B:$B,$BC$2&BE$2) -> 0 | BF29: =SUMIFS(領用表!$L:$L,領用表!$E:$E,$B29,領用表!$B:$B,$BC$2&BF$2) -> 0 | BG29: =SUMIFS(領用表!$L:$L,領用表!$E:$E,$B29,領用表!$B:$B,$BC$2&BG$2) -> 0 | BH29: =SUMIFS(領用表!$L:$L,領用表!$A:$A,BH$2,領用表!$E:$E,B29) -> 163 | BI29: =SUMIFS(領用表!$L:$L,領用表!$E:$E,$B29,領用表!$B:$B,BH$2&BI$2) -> 85 | BJ29: =SUMIFS(領用表!$L:$L,領用表!$E:$E,$B29,領用表!$B:$B,$BH$2&BJ$2) -> 0 | BK29: =SUMIFS(領用表!$L:$L,領用表!$E:$E,$B29,領用表!$B:$B,$BH$2&BK$2) -> 78 | BL29: =SUMIFS(領用表!$L:$L,領用表!$E:$E,$B29,領用表!$B:$B,$BH$2&BL$2) -> 0 | BM29: =SUMIFS(領用表!$L:$L,領用表!$A:$A,BM$2,領用表!$E:$E,B29) -> 124 | BN29: =SUMIFS(領用表!$L:$L,領用表!$E:$E,$B29,領用表!$B:$B,BM$2&BN$2) -> 49 | BO29: =SUMIFS(領用表!$L:$L,領用表!$E:$E,$B29,領用表!$B:$B,$BM$2&BO$2) -> 0 | BP29: =SUMIFS(領用表!$L:$L,領用表!$E:$E,$B29,領用表!$B:$B,$BM$2&BP$2) -> 75 | BQ29: =SUMIFS(領用表!$L:$L,領用表!$E:$E,$B29,領用表!$B:$B,$BM$2&BQ$2) -> 0 | BR29: =SUMIFS(領用表!$L:$L,領用表!$A:$A,BR$2,領用表!$E:$E,B29) -> 105 | BS29: =SUMIFS(領用表!$L:$L,領用表!$E:$E,$B29,領用表!$B:$B,BR$2&BS$2) -> 76 | BT29: =SUMIFS(領用表!$L:$L,領用表!$E:$E,$B29,領用表!$B:$B,$BR$2&BT$2) -> 0 | BU29: =SUMIFS(領用表!$L:$L,領用表!$E:$E,$B29,領用表!$B:$B,$BR$2&BU$2) -> 29 | BV29: =SUMIFS(領用表!$L:$L,領用表!$E:$E,$B29,領用表!$B:$B,$BR$2&BV$2) -> 0 | BW29: =SUMIFS(領用表!$L:$L,領用表!$A:$A,BW$2,領用表!$E:$E,B29) -> 70 | BX29: =SUMIFS(領用表!$L:$L,領用表!$E:$E,$B29,領用表!$B:$B,BW$2&BX$2) -> 19 | BY29: =SUMIFS(領用表!$L:$L,領用表!$E:$E,$B29,領用表!$B:$B,$BW$2&BY$2) -> 0 | BZ29: =SUMIFS(領用表!$L:$L,領用表!$E:$E,$B29,領用表!$B:$B,$BW$2&BZ$2) -> 51 | CA29: =SUMIFS(領用表!$L:$L,領用表!$E:$E,$B29,領用表!$B:$B,$BW$2&CA$2) -> 0 | CB29: =SUMIFS(領用表!$L:$L,領用表!$A:$A,CB$2,領用表!$E:$E,B29) -> 122 | CC29: =SUMIFS(領用表!$L:$L,領用表!$E:$E,$B29,領用表!$B:$B,CB$2&CC$2) -> 10 | CD29: =SUMIFS(領用表!$L:$L,領用表!$E:$E,$B29,領用表!$B:$B,$CB$2&CD$2) -> 0 | CE29: =SUMIFS(領用表!$L:$L,領用表!$E:$E,$B29,領用表!$B:$B,$CB$2&CE$2) -> 112 | CF29: =SUMIFS(領用表!$L:$L,領用表!$E:$E,$B29,領用表!$B:$B,$CB$2&CF$2) -> 0 | CG29: =SUMIFS(領用表!$L:$L,領用表!$A:$A,CG$2,領用表!$E:$E,B29) -> 211 | CH29: =SUMIFS(領用表!$L:$L,領用表!$E:$E,$B29,領用表!$B:$B,CG$2&CH$2) -> 96 | CI29: =SUMIFS(領用表!$L:$L,領用表!$E:$E,$B29,領用表!$B:$B,CG$2&CI$2) -> 0 | CJ29: =SUMIFS(領用表!$L:$L,領用表!$E:$E,$B29,領用表!$B:$B,CG$2&CJ$2) -> 115 | CK29: =SUMIFS(領用表!$L:$L,領用表!$E:$E,$B29,領用表!$B:$B,$CG$2&CK$2) -> 0 | CL29: =SUM(AX29,AY29,AZ29,BA29,BB29,BC29,BH29,BM29,BR29,BW29,CB29,CG29) -> 833 | CM29: =AVERAGE(AX29,AY29,AZ29,BA29,BB29,BC29,BH29,BM29,BR29,BW29,CB29,CG29) -> 119 | CN29: =SUMIFS(領用表!$L:$L,領用表!$A:$A,CN$2,領用表!$E:$E,B29) -> 262 | CO29: =SUMIFS(領用表!$L:$L,領用表!$E:$E,$B29,領用表!$B:$B,CN$2&CO$2) -> 68 | CP29: =SUMIFS(領用表!$L:$L,領用表!$E:$E,$B29,領用表!$B:$B,$CN$2&CP$2) -> 0 | CQ29: =SUMIFS(領用表!$L:$L,領用表!$E:$E,$B29,領用表!$B:$B,$CN$2&CQ$2) -> 194 | CR29: =SUMIFS(領用表!$L:$L,領用表!$E:$E,$B29,領用表!$B:$B,$CN$2&CR$2) -> 0 | CS29: =SUMIFS(領用表!$L:$L,領用表!$A:$A,CS$2,領用表!$E:$E,B29) -> 164 | CT29: =SUMIFS(領用表!$L:$L,領用表!$E:$E,$B29,領用表!$B:$B,CS$2&CT$2) -> 83 | CU29: =SUMIFS(領用表!$L:$L,領用表!$E:$E,$B29,領用表!$B:$B,$CS$2&CU$2) -> 0 | CV29: =SUMIFS(領用表!$L:$L,領用表!$E:$E,$B29,領用表!$B:$B,$CS$2&CV$2) -> 68 | CW29: =SUMIFS(領用表!$L:$L,領用表!$E:$E,$B29,領用表!$B:$B,$CS$2&CW$2) -> 0 | CX29: =SUMIFS(領用表!$L:$L,領用表!$E:$E,$B29,領用表!$B:$B,$CS$2&CX$2) -> 13 | CY29: =SUMIFS(領用表!$L:$L,領用表!$A:$A,CY$2,領用表!$E:$E,B29) -> 250 | CZ29: =SUMIFS(領用表!$L:$L,領用表!$E:$E,$B29,領用表!$B:$B,CY$2&CZ$2) -> 61 | DA29: =SUMIFS(領用表!$L:$L,領用表!$E:$E,$B29,領用表!$B:$B,$CY$2&DA$2) -> 0 | DB29: =SUMIFS(領用表!$L:$L,領用表!$E:$E,$B29,領用表!$B:$B,$CY$2&DB$2) -> 126 | DC29: =SUMIFS(領用表!$L:$L,領用表!$E:$E,$B29,領用表!$B:$B,$CY$2&DC$2) -> 0 | DD29: =SUMIFS(領用表!$L:$L,領用表!$E:$E,$B29,領用表!$B:$B,$CY$2&DD$2) -> 63 | DE29: =SUMIFS(領用表!$L:$L,領用表!$A:$A,DE$2,領用表!$E:$E,B29) -> 196 | DF29: =SUMIFS(領用表!$L:$L,領用表!$E:$E,$B29,領用表!$B:$B,DE$2&DF$2) -> 9 | DG29: =SUMIFS(領用表!$L:$L,領用表!$E:$E,$B29,領用表!$B:$B,$DE$2&DG$2) -> 0 | DH29: =SUMIFS(領用表!$L:$L,領用表!$E:$E,$B29,領用表!$B:$B,$DE$2&DH$2) -> 124 | DI29: =SUMIFS(領用表!$L:$L,領用表!$E:$E,$B29,領用表!$B:$B,$DE$2&DI$2) -> 0 | DJ29: =SUMIFS(領用表!$L:$L,領用表!$E:$E,$B29,領用表!$B:$B,$DE$2&DJ$2) -> 63 | DK29: =SUMIFS(領用表!$L:$L,領用表!$A:$A,DK$2,領用表!$E:$E,$B29) -> 214 | DL29: =SUMIFS(領用表!$L:$L,領用表!$E:$E,$B29,領用表!$B:$B,DK$2&DL$2) -> 84 | DM29: =SUMIFS(領用表!$L:$L,領用表!$E:$E,$B29,領用表!$B:$B,$DK$2&DM$2) -> 0 | DN29: =SUMIFS(領用表!$L:$L,領用表!$E:$E,$B29,領用表!$B:$B,$DK$2&DN$2) -> 97 | DO29: =SUMIFS(領用表!$L:$L,領用表!$E:$E,$B29,領用表!$B:$B,$DK$2&DO$2) -> 0 | DP29: =SUMIFS(領用表!$L:$L,領用表!$E:$E,$B29,領用表!$B:$B,$DK$2&DP$2) -> 33 | DQ29: =SUM(CN29,CS29,CY29,DE29,DK29) -> 1086 | DR29: =AVERAGEA(CN29,CS29,CY29,DE29,DK29) -> 217.2 | DS29: =SUM(DT29:DW29) -> 200 | DT29: 60 | DU29: 0 | DV29: 140 | DW29: 0 | DX29: 320 | EA29: 10瓶(10/21) | EB29: 叫貨單位「盒(10瓶)」 | ED29: =IFERROR(VLOOKUP(A29,站前4樓!A:BF,57,0),0) -> 10 | EE29: =IFERROR(VLOOKUP(A29,站前11樓!A:BE,57,0),0) -> 0 | EF29: =IFERROR(VLOOKUP(A29,忠孝7樓!A:N,57,0),0) -> 0 | EG29: =IFERROR(VLOOKUP(A29,忠孝國際醫學3樓!A:L,57,0),0) -> 0 | EH29: =SUM(ED29:EG29) -> 10 | EJ29: 104 | EK29: 128
A30: MP1MX080004A | B30: 6190002 | C30: PLT生長因子凍晶製備6入(單瓶) | D30: 6 | E30: BOT | F30: =SUMIF(站前4樓!B:B,B30,站前4樓!F:F) -> 39 | G30: =SUMIF(站前11樓!B:B,B30,站前11樓!F:F) -> 0 | H30: =SUMIF(忠孝7樓!B:B,B30,忠孝7樓!G:G) -> 42 | I30: =SUMIF(忠孝國際醫學3樓!B:B,B30,忠孝國際醫學3樓!G:G) -> 0 | J30: =SUMIF(忠孝健康7樓!B:B,B30,忠孝健康7樓!G:G) -> 2 | AJ30: 0 | AK30: 0 | AL30: 0 | AM30: 2 | AN30: 1 | AO30: 0 | AP30: 3 | AQ30: 1 | AR30: 0 | AS30: 0 | AT30: 1 | AU30: =36/D30 -> 6 | AV30: =SUM(AJ30:AU30) -> 14 | AW30: =AV30/12 -> 1.1666667 | AX30: 36 | AY30: 0 | AZ30: 2 | BA30: 2 | BB30: 0 | BC30: =SUMIFS(領用表!$L:$L,領用表!$A:$A,BC$2,領用表!$E:$E,B30) -> 0 | BD30: =SUMIFS(領用表!$L:$L,領用表!$E:$E,$B30,領用表!$B:$B,BC$2&BD$2) -> 0 | BE30: =SUMIFS(領用表!$L:$L,領用表!$E:$E,$B30,領用表!$B:$B,$BC$2&BE$2) -> 0 | BF30: =SUMIFS(領用表!$L:$L,領用表!$E:$E,$B30,領用表!$B:$B,$BC$2&BF$2) -> 0 | BG30: =SUMIFS(領用表!$L:$L,領用表!$E:$E,$B30,領用表!$B:$B,$BC$2&BG$2) -> 0 | BH30: =SUMIFS(領用表!$L:$L,領用表!$A:$A,BH$2,領用表!$E:$E,B30) -> 0 | BI30: =SUMIFS(領用表!$L:$L,領用表!$E:$E,$B30,領用表!$B:$B,BH$2&BI$2) -> 0 | BJ30: =SUMIFS(領用表!$L:$L,領用表!$E:$E,$B30,領用表!$B:$B,$BH$2&BJ$2) -> 0 | BK30: =SUMIFS(領用表!$L:$L,領用表!$E:$E,$B30,領用表!$B:$B,$BH$2&BK$2) -> 0 | BL30: =SUMIFS(領用表!$L:$L,領用表!$E:$E,$B30,領用表!$B:$B,$BH$2&BL$2) -> 0 | BM30: =SUMIFS(領用表!$L:$L,領用表!$A:$A,BM$2,領用表!$E:$E,B30) -> 0 | BN30: =SUMIFS(領用表!$L:$L,領用表!$E:$E,$B30,領用表!$B:$B,BM$2&BN$2) -> 0 | BO30: =SUMIFS(領用表!$L:$L,領用表!$E:$E,$B30,領用表!$B:$B,$BM$2&BO$2) -> 0 | BP30: =SUMIFS(領用表!$L:$L,領用表!$E:$E,$B30,領用表!$B:$B,$BM$2&BP$2) -> 0 | BQ30: =SUMIFS(領用表!$L:$L,領用表!$E:$E,$B30,領用表!$B:$B,$BM$2&BQ$2) -> 0 | BR30: =SUMIFS(領用表!$L:$L,領用表!$A:$A,BR$2,領用表!$E:$E,B30) -> 0 | BS30: =SUMIFS(領用表!$L:$L,領用表!$E:$E,$B30,領用表!$B:$B,BR$2&BS$2) -> 0 | BT30: =SUMIFS(領用表!$L:$L,領用表!$E:$E,$B30,領用表!$B:$B,$BR$2&BT$2) -> 0 | BU30: =SUMIFS(領用表!$L:$L,領用表!$E:$E,$B30,領用表!$B:$B,$BR$2&BU$2) -> 0 | BV30: =SUMIFS(領用表!$L:$L,領用表!$E:$E,$B30,領用表!$B:$B,$BR$2&BV$2) -> 0 | BW30: =SUMIFS(領用表!$L:$L,領用表!$A:$A,BW$2,領用表!$E:$E,B30) -> 8 | BX30: =SUMIFS(領用表!$L:$L,領用表!$E:$E,$B30,領用表!$B:$B,BW$2&BX$2) -> 0 | BY30: =SUMIFS(領用表!$L:$L,領用表!$E:$E,$B30,領用表!$B:$B,$BW$2&BY$2) -> 0 | BZ30: =SUMIFS(領用表!$L:$L,領用表!$E:$E,$B30,領用表!$B:$B,$BW$2&BZ$2) -> 8 | CA30: =SUMIFS(領用表!$L:$L,領用表!$E:$E,$B30,領用表!$B:$B,$BW$2&CA$2) -> 0 | CB30: =SUMIFS(領用表!$L:$L,領用表!$A:$A,CB$2,領用表!$E:$E,B30) -> 10 | CC30: =SUMIFS(領用表!$L:$L,領用表!$E:$E,$B30,領用表!$B:$B,CB$2&CC$2) -> 3 | CD30: =SUMIFS(領用表!$L:$L,領用表!$E:$E,$B30,領用表!$B:$B,$CB$2&CD$2) -> 0 | CE30: =SUMIFS(領用表!$L:$L,領用表!$E:$E,$B30,領用表!$B:$B,$CB$2&CE$2) -> 7 | CF30: =SUMIFS(領用表!$L:$L,領用表!$E:$E,$B30,領用表!$B:$B,$CB$2&CF$2) -> 0 | CG30: =SUMIFS(領用表!$L:$L,領用表!$A:$A,CG$2,領用表!$E:$E,B30) -> 5 | CH30: =SUMIFS(領用表!$L:$L,領用表!$E:$E,$B30,領用表!$B:$B,CG$2&CH$2) -> 3 | CI30: =SUMIFS(領用表!$L:$L,領用表!$E:$E,$B30,領用表!$B:$B,CG$2&CI$2) -> 0 | CJ30: =SUMIFS(領用表!$L:$L,領用表!$E:$E,$B30,領用表!$B:$B,CG$2&CJ$2) -> 2 | CK30: =SUMIFS(領用表!$L:$L,領用表!$E:$E,$B30,領用表!$B:$B,$CG$2&CK$2) -> 0 | CL30: =SUM(AX30,AY30,AZ30,BA30,BB30,BC30,BH30,BM30,BR30,BW30,CB30,CG30) -> 63 | CM30: =AVERAGE(AX30,AY30,AZ30,BA30,BB30,BC30,BH30,BM30,BR30,BW30,CB30,CG30) -> 5.25 | CN30: =SUMIFS(領用表!$L:$L,領用表!$A:$A,CN$2,領用表!$E:$E,B30) -> 13 | CO30: =SUMIFS(領用表!$L:$L,領用表!$E:$E,$B30,領用表!$B:$B,CN$2&CO$2) -> 3 | CP30: =SUMIFS(領用表!$L:$L,領用表!$E:$E,$B30,領用表!$B:$B,$CN$2&CP$2) -> 0 | CQ30: =SUMIFS(領用表!$L:$L,領用表!$E:$E,$B30,領用表!$B:$B,$CN$2&CQ$2) -> 10 | CR30: =SUMIFS(領用表!$L:$L,領用表!$E:$E,$B30,領用表!$B:$B,$CN$2&CR$2) -> 0 | CS30: =SUMIFS(領用表!$L:$L,領用表!$A:$A,CS$2,領用表!$E:$E,B30) -> 2 | CT30: =SUMIFS(領用表!$L:$L,領用表!$E:$E,$B30,領用表!$B:$B,CS$2&CT$2) -> 0 | CU30: =SUMIFS(領用表!$L:$L,領用表!$E:$E,$B30,領用表!$B:$B,$CS$2&CU$2) -> 0 | CV30: =SUMIFS(領用表!$L:$L,領用表!$E:$E,$B30,領用表!$B:$B,$CS$2&CV$2) -> 2 | CW30: =SUMIFS(領用表!$L:$L,領用表!$E:$E,$B30,領用表!$B:$B,$CS$2&CW$2) -> 0 | CX30: =SUMIFS(領用表!$L:$L,領用表!$E:$E,$B30,領用表!$B:$B,$CS$2&CX$2) -> 0 | CY30: =SUMIFS(領用表!$L:$L,領用表!$A:$A,CY$2,領用表!$E:$E,B30) -> 11 | CZ30: =SUMIFS(領用表!$L:$L,領用表!$E:$E,$B30,領用表!$B:$B,CY$2&CZ$2) -> 5 | DA30: =SUMIFS(領用表!$L:$L,領用表!$E:$E,$B30,領用表!$B:$B,$CY$2&DA$2) -> 0 | DB30: =SUMIFS(領用表!$L:$L,領用表!$E:$E,$B30,領用表!$B:$B,$CY$2&DB$2) -> 6 | DC30: =SUMIFS(領用表!$L:$L,領用表!$E:$E,$B30,領用表!$B:$B,$CY$2&DC$2) -> 0 | DD30: =SUMIFS(領用表!$L:$L,領用表!$E:$E,$B30,領用表!$B:$B,$CY$2&DD$2) -> 0 | DE30: =SUMIFS(領用表!$L:$L,領用表!$A:$A,DE$2,領用表!$E:$E,B30) -> 0 | DF30: =SUMIFS(領用表!$L:$L,領用表!$E:$E,$B30,領用表!$B:$B,DE$2&DF$2) -> 0 | DG30: =SUMIFS(領用表!$L:$L,領用表!$E:$E,$B30,領用表!$B:$B,$DE$2&DG$2) -> 0 | DH30: =SUMIFS(領用表!$L:$L,領用表!$E:$E,$B30,領用表!$B:$B,$DE$2&DH$2) -> 0 | DI30: =SUMIFS(領用表!$L:$L,領用表!$E:$E,$B30,領用表!$B:$B,$DE$2&DI$2) -> 0 | DJ30: =SUMIFS(領用表!$L:$L,領用表!$E:$E,$B30,領用表!$B:$B,$DE$2&DJ$2) -> 0 | DK30: =SUMIFS(領用表!$L:$L,領用表!$A:$A,DK$2,領用表!$E:$E,$B30) -> 3 | DL30: =SUMIFS(領用表!$L:$L,領用表!$E:$E,$B30,領用表!$B:$B,DK$2&DL$2) -> 3 | DM30: =SUMIFS(領用表!$L:$L,領用表!$E:$E,$B30,領用表!$B:$B,$DK$2&DM$2) -> 0 | DN30: =SUMIFS(領用表!$L:$L,領用表!$E:$E,$B30,領用表!$B:$B,$DK$2&DN$2) -> 0 | DO30: =SUMIFS(領用表!$L:$L,領用表!$E:$E,$B30,領用表!$B:$B,$DK$2&DO$2) -> 0 | DP30: =SUMIFS(領用表!$L:$L,領用表!$E:$E,$B30,領用表!$B:$B,$DK$2&DP$2) -> 0 | DQ30: =SUM(CN30,CS30,CY30,DE30,DK30) -> 29 | DR30: =AVERAGEA(CN30,CS30,CY30,DE30,DK30) -> 5.8 | DS30: =SUM(DT30:DW30) -> 8 | DT30: 3 | DU30: 0 | DV30: 5 | DW30: 0 | DX30: 0 | DY30: 0 | ED30: =IFERROR(VLOOKUP(A30,站前4樓!A:BF,57,0),0) -> 3 | EE30: =IFERROR(VLOOKUP(A30,站前11樓!A:BE,57,0),0) -> 0 | EF30: =IFERROR(VLOOKUP(A30,忠孝7樓!A:N,57,0),0) -> 0 | EG30: =IFERROR(VLOOKUP(A30,忠孝國際醫學3樓!A:L,57,0),0) -> 0 | EH30: =SUM(ED30:EG30) -> 3 | EJ30: 22 | EK30: 11
A31: MP1MX080005A | B31: 6190003 | C31: PLT生長因子凍晶製備10入(單瓶) | D31: 10 | E31: BOT | F31: =SUMIF(站前4樓!B:B,B31,站前4樓!F:F) -> 60 | G31: =SUMIF(站前11樓!B:B,B31,站前11樓!F:F) -> 0 | H31: =SUMIF(忠孝7樓!B:B,B31,忠孝7樓!G:G) -> 38 | I31: =SUMIF(忠孝國際醫學3樓!B:B,B31,忠孝國際醫學3樓!G:G) -> 0 | J31: =SUMIF(忠孝健康7樓!B:B,B31,忠孝健康7樓!G:G) -> 0 | AJ31: 0 | AK31: 0 | AL31: 0 | AM31: 1 | AN31: 0 | AO31: 0 | AP31: 7 | AQ31: 5 | AR31: 1 | AS31: 0 | AT31: 0 | AU31: =10/D31 -> 1 | AV31: =SUM(AJ31:AU31) -> 15 | AW31: =AV31/12 -> 1.25 | AX31: 10 | AY31: 20 | AZ31: 12 | BA31: 2 | BB31: 4 | BC31: =SUMIFS(領用表!$L:$L,領用表!$A:$A,BC$2,領用表!$E:$E,B31) -> 0 | BD31: =SUMIFS(領用表!$L:$L,領用表!$E:$E,$B31,領用表!$B:$B,BC$2&BD$2) -> 0 | BE31: =SUMIFS(領用表!$L:$L,領用表!$E:$E,$B31,領用表!$B:$B,$BC$2&BE$2) -> 0 | BF31: =SUMIFS(領用表!$L:$L,領用表!$E:$E,$B31,領用表!$B:$B,$BC$2&BF$2) -> 0 | BG31: =SUMIFS(領用表!$L:$L,領用表!$E:$E,$B31,領用表!$B:$B,$BC$2&BG$2) -> 0 | BH31: =SUMIFS(領用表!$L:$L,領用表!$A:$A,BH$2,領用表!$E:$E,B31) -> 0 | BI31: =SUMIFS(領用表!$L:$L,領用表!$E:$E,$B31,領用表!$B:$B,BH$2&BI$2) -> 0 | BJ31: =SUMIFS(領用表!$L:$L,領用表!$E:$E,$B31,領用表!$B:$B,$BH$2&BJ$2) -> 0 | BK31: =SUMIFS(領用表!$L:$L,領用表!$E:$E,$B31,領用表!$B:$B,$BH$2&BK$2) -> 0 | BL31: =SUMIFS(領用表!$L:$L,領用表!$E:$E,$B31,領用表!$B:$B,$BH$2&BL$2) -> 0 | BM31: =SUMIFS(領用表!$L:$L,領用表!$A:$A,BM$2,領用表!$E:$E,B31) -> 0 | BN31: =SUMIFS(領用表!$L:$L,領用表!$E:$E,$B31,領用表!$B:$B,BM$2&BN$2) -> 0 | BO31: =SUMIFS(領用表!$L:$L,領用表!$E:$E,$B31,領用表!$B:$B,$BM$2&BO$2) -> 0 | BP31: =SUMIFS(領用表!$L:$L,領用表!$E:$E,$B31,領用表!$B:$B,$BM$2&BP$2) -> 0 | BQ31: =SUMIFS(領用表!$L:$L,領用表!$E:$E,$B31,領用表!$B:$B,$BM$2&BQ$2) -> 0 | BR31: =SUMIFS(領用表!$L:$L,領用表!$A:$A,BR$2,領用表!$E:$E,B31) -> 0 | BS31: =SUMIFS(領用表!$L:$L,領用表!$E:$E,$B31,領用表!$B:$B,BR$2&BS$2) -> 0 | BT31: =SUMIFS(領用表!$L:$L,領用表!$E:$E,$B31,領用表!$B:$B,$BR$2&BT$2) -> 0 | BU31: =SUMIFS(領用表!$L:$L,領用表!$E:$E,$B31,領用表!$B:$B,$BR$2&BU$2) -> 0 | BV31: =SUMIFS(領用表!$L:$L,領用表!$E:$E,$B31,領用表!$B:$B,$BR$2&BV$2) -> 0 | BW31: =SUMIFS(領用表!$L:$L,領用表!$A:$A,BW$2,領用表!$E:$E,B31) -> 9 | BX31: =SUMIFS(領用表!$L:$L,領用表!$E:$E,$B31,領用表!$B:$B,BW$2&BX$2) -> 9 | BY31: =SUMIFS(領用表!$L:$L,領用表!$E:$E,$B31,領用表!$B:$B,$BW$2&BY$2) -> 0 | BZ31: =SUMIFS(領用表!$L:$L,領用表!$E:$E,$B31,領用表!$B:$B,$BW$2&BZ$2) -> 0 | CA31: =SUMIFS(領用表!$L:$L,領用表!$E:$E,$B31,領用表!$B:$B,$BW$2&CA$2) -> 0 | CB31: =SUMIFS(領用表!$L:$L,領用表!$A:$A,CB$2,領用表!$E:$E,B31) -> 12 | CC31: =SUMIFS(領用表!$L:$L,領用表!$E:$E,$B31,領用表!$B:$B,CB$2&CC$2) -> 7 | CD31: =SUMIFS(領用表!$L:$L,領用表!$E:$E,$B31,領用表!$B:$B,$CB$2&CD$2) -> 0 | CE31: =SUMIFS(領用表!$L:$L,領用表!$E:$E,$B31,領用表!$B:$B,$CB$2&CE$2) -> 5 | CF31: =SUMIFS(領用表!$L:$L,領用表!$E:$E,$B31,領用表!$B:$B,$CB$2&CF$2) -> 0 | CG31: =SUMIFS(領用表!$L:$L,領用表!$A:$A,CG$2,領用表!$E:$E,B31) -> 22 | CH31: =SUMIFS(領用表!$L:$L,領用表!$E:$E,$B31,領用表!$B:$B,CG$2&CH$2) -> 14 | CI31: =SUMIFS(領用表!$L:$L,領用表!$E:$E,$B31,領用表!$B:$B,CG$2&CI$2) -> 0 | CJ31: =SUMIFS(領用表!$L:$L,領用表!$E:$E,$B31,領用表!$B:$B,CG$2&CJ$2) -> 8 | CK31: =SUMIFS(領用表!$L:$L,領用表!$E:$E,$B31,領用表!$B:$B,$CG$2&CK$2) -> 0 | CL31: =SUM(AX31,AY31,AZ31,BA31,BB31,BC31,BH31,BM31,BR31,BW31,CB31,CG31) -> 91 | CM31: =AVERAGE(AX31,AY31,AZ31,BA31,BB31,BC31,BH31,BM31,BR31,BW31,CB31,CG31) -> 7.5833333 | CN31: =SUMIFS(領用表!$L:$L,領用表!$A:$A,CN$2,領用表!$E:$E,B31) -> 21 | CO31: =SUMIFS(領用表!$L:$L,領用表!$E:$E,$B31,領用表!$B:$B,CN$2&CO$2) -> 16 | CP31: =SUMIFS(領用表!$L:$L,領用表!$E:$E,$B31,領用表!$B:$B,$CN$2&CP$2) -> 0 | CQ31: =SUMIFS(領用表!$L:$L,領用表!$E:$E,$B31,領用表!$B:$B,$CN$2&CQ$2) -> 5 | CR31: =SUMIFS(領用表!$L:$L,領用表!$E:$E,$B31,領用表!$B:$B,$CN$2&CR$2) -> 0 | CS31: =SUMIFS(領用表!$L:$L,領用表!$A:$A,CS$2,領用表!$E:$E,B31) -> 12 | CT31: =SUMIFS(領用表!$L:$L,領用表!$E:$E,$B31,領用表!$B:$B,CS$2&CT$2) -> 7 | CU31: =SUMIFS(領用表!$L:$L,領用表!$E:$E,$B31,領用表!$B:$B,$CS$2&CU$2) -> 0 | CV31: =SUMIFS(領用表!$L:$L,領用表!$E:$E,$B31,領用表!$B:$B,$CS$2&CV$2) -> 5 | CW31: =SUMIFS(領用表!$L:$L,領用表!$E:$E,$B31,領用表!$B:$B,$CS$2&CW$2) -> 0 | CX31: =SUMIFS(領用表!$L:$L,領用表!$E:$E,$B31,領用表!$B:$B,$CS$2&CX$2) -> 0 | CY31: =SUMIFS(領用表!$L:$L,領用表!$A:$A,CY$2,領用表!$E:$E,B31) -> 9 | CZ31: =SUMIFS(領用表!$L:$L,領用表!$E:$E,$B31,領用表!$B:$B,CY$2&CZ$2) -> 4 | DA31: =SUMIFS(領用表!$L:$L,領用表!$E:$E,$B31,領用表!$B:$B,$CY$2&DA$2) -> 0 | DB31: =SUMIFS(領用表!$L:$L,領用表!$E:$E,$B31,領用表!$B:$B,$CY$2&DB$2) -> 5 | DC31: =SUMIFS(領用表!$L:$L,領用表!$E:$E,$B31,領用表!$B:$B,$CY$2&DC$2) -> 0 | DD31: =SUMIFS(領用表!$L:$L,領用表!$E:$E,$B31,領用表!$B:$B,$CY$2&DD$2) -> 0 | DE31: =SUMIFS(領用表!$L:$L,領用表!$A:$A,DE$2,領用表!$E:$E,B31) -> 13 | DF31: =SUMIFS(領用表!$L:$L,領用表!$E:$E,$B31,領用表!$B:$B,DE$2&DF$2) -> 5 | DG31: =SUMIFS(領用表!$L:$L,領用表!$E:$E,$B31,領用表!$B:$B,$DE$2&DG$2) -> 0 | DH31: =SUMIFS(領用表!$L:$L,領用表!$E:$E,$B31,領用表!$B:$B,$DE$2&DH$2) -> 8 | DI31: =SUMIFS(領用表!$L:$L,領用表!$E:$E,$B31,領用表!$B:$B,$DE$2&DI$2) -> 0 | DJ31: =SUMIFS(領用表!$L:$L,領用表!$E:$E,$B31,領用表!$B:$B,$DE$2&DJ$2) -> 0 | DK31: =SUMIFS(領用表!$L:$L,領用表!$A:$A,DK$2,領用表!$E:$E,$B31) -> 2 | DL31: =SUMIFS(領用表!$L:$L,領用表!$E:$E,$B31,領用表!$B:$B,DK$2&DL$2) -> 2 | DM31: =SUMIFS(領用表!$L:$L,領用表!$E:$E,$B31,領用表!$B:$B,$DK$2&DM$2) -> 0 | DN31: =SUMIFS(領用表!$L:$L,領用表!$E:$E,$B31,領用表!$B:$B,$DK$2&DN$2) -> 0 | DO31: =SUMIFS(領用表!$L:$L,領用表!$E:$E,$B31,領用表!$B:$B,$DK$2&DO$2) -> 0 | DP31: =SUMIFS(領用表!$L:$L,領用表!$E:$E,$B31,領用表!$B:$B,$DK$2&DP$2) -> 0 | DQ31: =SUM(CN31,CS31,CY31,DE31,DK31) -> 57 | DR31: =AVERAGEA(CN31,CS31,CY31,DE31,DK31) -> 11.4 | DS31: =SUM(DT31:DW31) -> 20 | DT31: 10 | DU31: 0 | DV31: 10 | DW31: 0 | DX31: 0 | DY31: 0 | ED31: =IFERROR(VLOOKUP(A31,站前4樓!A:BF,57,0),0) -> 7 | EE31: =IFERROR(VLOOKUP(A31,站前11樓!A:BE,57,0),0) -> 0 | EF31: =IFERROR(VLOOKUP(A31,忠孝7樓!A:N,57,0),0) -> 0 | EG31: =IFERROR(VLOOKUP(A31,忠孝國際醫學3樓!A:L,57,0),0) -> 0 | EH31: =SUM(ED31:EG31) -> 7 | EJ31: 42 | EK31: 4
A32: MP1MX080006A | B32: 6190004 | C32: PLT生長因子凍晶製備20入(單瓶) | D32: 20 | E32: BOT | F32: =SUMIF(站前4樓!B:B,B32,站前4樓!F:F) -> 176 | G32: =SUMIF(站前11樓!B:B,B32,站前11樓!F:F) -> 0 | H32: =SUMIF(忠孝7樓!B:B,B32,忠孝7樓!G:G) -> 454 | I32: =SUMIF(忠孝國際醫學3樓!B:B,B32,忠孝國際醫學3樓!G:G) -> 0 | J32: =SUMIF(忠孝健康7樓!B:B,B32,忠孝健康7樓!G:G) -> 20 | AJ32: 0 | AK32: 0 | AL32: 2 | AM32: 0 | AN32: 1 | AO32: 6 | AP32: 2 | AQ32: 6 | AR32: 6 | AS32: 6 | AT32: 1 | AU32: =60/D32 -> 3 | AV32: =SUM(AJ32:AU32) -> 33 | AW32: =AV32/12 -> 2.75 | AX32: - | AY32: 40 | AZ32: 31 | BA32: 14 | BB32: 25 | BC32: =SUMIFS(領用表!$L:$L,領用表!$A:$A,BC$2,領用表!$E:$E,B32) -> 0 | BD32: =SUMIFS(領用表!$L:$L,領用表!$E:$E,$B32,領用表!$B:$B,BC$2&BD$2) -> 0 | BE32: =SUMIFS(領用表!$L:$L,領用表!$E:$E,$B32,領用表!$B:$B,$BC$2&BE$2) -> 0 | BF32: =SUMIFS(領用表!$L:$L,領用表!$E:$E,$B32,領用表!$B:$B,$BC$2&BF$2) -> 0 | BG32: =SUMIFS(領用表!$L:$L,領用表!$E:$E,$B32,領用表!$B:$B,$BC$2&BG$2) -> 0 | BH32: =SUMIFS(領用表!$L:$L,領用表!$A:$A,BH$2,領用表!$E:$E,B32) -> 0 | BI32: =SUMIFS(領用表!$L:$L,領用表!$E:$E,$B32,領用表!$B:$B,BH$2&BI$2) -> 0 | BJ32: =SUMIFS(領用表!$L:$L,領用表!$E:$E,$B32,領用表!$B:$B,$BH$2&BJ$2) -> 0 | BK32: =SUMIFS(領用表!$L:$L,領用表!$E:$E,$B32,領用表!$B:$B,$BH$2&BK$2) -> 0 | BL32: =SUMIFS(領用表!$L:$L,領用表!$E:$E,$B32,領用表!$B:$B,$BH$2&BL$2) -> 0 | BM32: =SUMIFS(領用表!$L:$L,領用表!$A:$A,BM$2,領用表!$E:$E,B32) -> 0 | BN32: =SUMIFS(領用表!$L:$L,領用表!$E:$E,$B32,領用表!$B:$B,BM$2&BN$2) -> 0 | BO32: =SUMIFS(領用表!$L:$L,領用表!$E:$E,$B32,領用表!$B:$B,$BM$2&BO$2) -> 0 | BP32: =SUMIFS(領用表!$L:$L,領用表!$E:$E,$B32,領用表!$B:$B,$BM$2&BP$2) -> 0 | BQ32: =SUMIFS(領用表!$L:$L,領用表!$E:$E,$B32,領用表!$B:$B,$BM$2&BQ$2) -> 0 | BR32: =SUMIFS(領用表!$L:$L,領用表!$A:$A,BR$2,領用表!$E:$E,B32) -> 0 | BS32: =SUMIFS(領用表!$L:$L,領用表!$E:$E,$B32,領用表!$B:$B,BR$2&BS$2) -> 0 | BT32: =SUMIFS(領用表!$L:$L,領用表!$E:$E,$B32,領用表!$B:$B,$BR$2&BT$2) -> 0 | BU32: =SUMIFS(領用表!$L:$L,領用表!$E:$E,$B32,領用表!$B:$B,$BR$2&BU$2) -> 0 | BV32: =SUMIFS(領用表!$L:$L,領用表!$E:$E,$B32,領用表!$B:$B,$BR$2&BV$2) -> 0 | BW32: =SUMIFS(領用表!$L:$L,領用表!$A:$A,BW$2,領用表!$E:$E,B32) -> 43 | BX32: =SUMIFS(領用表!$L:$L,領用表!$E:$E,$B32,領用表!$B:$B,BW$2&BX$2) -> 15 | BY32: =SUMIFS(領用表!$L:$L,領用表!$E:$E,$B32,領用表!$B:$B,$BW$2&BY$2) -> 0 | BZ32: =SUMIFS(領用表!$L:$L,領用表!$E:$E,$B32,領用表!$B:$B,$BW$2&BZ$2) -> 28 | CA32: =SUMIFS(領用表!$L:$L,領用表!$E:$E,$B32,領用表!$B:$B,$BW$2&CA$2) -> 0 | CB32: =SUMIFS(領用表!$L:$L,領用表!$A:$A,CB$2,領用表!$E:$E,B32) -> 71 | CC32: =SUMIFS(領用表!$L:$L,領用表!$E:$E,$B32,領用表!$B:$B,CB$2&CC$2) -> 41 | CD32: =SUMIFS(領用表!$L:$L,領用表!$E:$E,$B32,領用表!$B:$B,$CB$2&CD$2) -> 0 | CE32: =SUMIFS(領用表!$L:$L,領用表!$E:$E,$B32,領用表!$B:$B,$CB$2&CE$2) -> 30 | CF32: =SUMIFS(領用表!$L:$L,領用表!$E:$E,$B32,領用表!$B:$B,$CB$2&CF$2) -> 0 | CG32: =SUMIFS(領用表!$L:$L,領用表!$A:$A,CG$2,領用表!$E:$E,B32) -> 64 | CH32: =SUMIFS(領用表!$L:$L,領用表!$E:$E,$B32,領用表!$B:$B,CG$2&CH$2) -> 29 | CI32: =SUMIFS(領用表!$L:$L,領用表!$E:$E,$B32,領用表!$B:$B,CG$2&CI$2) -> 0 | CJ32: =SUMIFS(領用表!$L:$L,領用表!$E:$E,$B32,領用表!$B:$B,CG$2&CJ$2) -> 35 | CK32: =SUMIFS(領用表!$L:$L,領用表!$E:$E,$B32,領用表!$B:$B,$CG$2&CK$2) -> 0 | CL32: =SUM(AX32,AY32,AZ32,BA32,BB32,BC32,BH32,BM32,BR32,BW32,CB32,CG32) -> 288 | CM32: =AVERAGE(AX32,AY32,AZ32,BA32,BB32,BC32,BH32,BM32,BR32,BW32,CB32,CG32) -> 26.181818 | CN32: =SUMIFS(領用表!$L:$L,領用表!$A:$A,CN$2,領用表!$E:$E,B32) -> 66 | CO32: =SUMIFS(領用表!$L:$L,領用表!$E:$E,$B32,領用表!$B:$B,CN$2&CO$2) -> 32 | CP32: =SUMIFS(領用表!$L:$L,領用表!$E:$E,$B32,領用表!$B:$B,$CN$2&CP$2) -> 0 | CQ32: =SUMIFS(領用表!$L:$L,領用表!$E:$E,$B32,領用表!$B:$B,$CN$2&CQ$2) -> 34 | CR32: =SUMIFS(領用表!$L:$L,領用表!$E:$E,$B32,領用表!$B:$B,$CN$2&CR$2) -> 0 | CS32: =SUMIFS(領用表!$L:$L,領用表!$A:$A,CS$2,領用表!$E:$E,B32) -> 34 | CT32: =SUMIFS(領用表!$L:$L,領用表!$E:$E,$B32,領用表!$B:$B,CS$2&CT$2) -> 23 | CU32: =SUMIFS(領用表!$L:$L,領用表!$E:$E,$B32,領用表!$B:$B,$CS$2&CU$2) -> 0 | CV32: =SUMIFS(領用表!$L:$L,領用表!$E:$E,$B32,領用表!$B:$B,$CS$2&CV$2) -> 11 | CW32: =SUMIFS(領用表!$L:$L,領用表!$E:$E,$B32,領用表!$B:$B,$CS$2&CW$2) -> 0 | CX32: =SUMIFS(領用表!$L:$L,領用表!$E:$E,$B32,領用表!$B:$B,$CS$2&CX$2) -> 0 | CY32: =SUMIFS(領用表!$L:$L,領用表!$A:$A,CY$2,領用表!$E:$E,B32) -> 84 | CZ32: =SUMIFS(領用表!$L:$L,領用表!$E:$E,$B32,領用表!$B:$B,CY$2&CZ$2) -> 35 | DA32: =SUMIFS(領用表!$L:$L,領用表!$E:$E,$B32,領用表!$B:$B,$CY$2&DA$2) -> 0 | DB32: =SUMIFS(領用表!$L:$L,領用表!$E:$E,$B32,領用表!$B:$B,$CY$2&DB$2) -> 45 | DC32: =SUMIFS(領用表!$L:$L,領用表!$E:$E,$B32,領用表!$B:$B,$CY$2&DC$2) -> 0 | DD32: =SUMIFS(領用表!$L:$L,領用表!$E:$E,$B32,領用表!$B:$B,$CY$2&DD$2) -> 4 | DE32: =SUMIFS(領用表!$L:$L,領用表!$A:$A,DE$2,領用表!$E:$E,B32) -> 53 | DF32: =SUMIFS(領用表!$L:$L,領用表!$E:$E,$B32,領用表!$B:$B,DE$2&DF$2) -> 15 | DG32: =SUMIFS(領用表!$L:$L,領用表!$E:$E,$B32,領用表!$B:$B,$DE$2&DG$2) -> 0 | DH32: =SUMIFS(領用表!$L:$L,領用表!$E:$E,$B32,領用表!$B:$B,$DE$2&DH$2) -> 31 | DI32: =SUMIFS(領用表!$L:$L,領用表!$E:$E,$B32,領用表!$B:$B,$DE$2&DI$2) -> 0 | DJ32: =SUMIFS(領用表!$L:$L,領用表!$E:$E,$B32,領用表!$B:$B,$DE$2&DJ$2) -> 7 | DK32: =SUMIFS(領用表!$L:$L,領用表!$A:$A,DK$2,領用表!$E:$E,$B32) -> 95 | DL32: =SUMIFS(領用表!$L:$L,領用表!$E:$E,$B32,領用表!$B:$B,DK$2&DL$2) -> 33 | DM32: =SUMIFS(領用表!$L:$L,領用表!$E:$E,$B32,領用表!$B:$B,$DK$2&DM$2) -> 0 | DN32: =SUMIFS(領用表!$L:$L,領用表!$E:$E,$B32,領用表!$B:$B,$DK$2&DN$2) -> 59 | DO32: =SUMIFS(領用表!$L:$L,領用表!$E:$E,$B32,領用表!$B:$B,$DK$2&DO$2) -> 0 | DP32: =SUMIFS(領用表!$L:$L,領用表!$E:$E,$B32,領用表!$B:$B,$DK$2&DP$2) -> 3 | DQ32: =SUM(CN32,CS32,CY32,DE32,DK32) -> 332 | DR32: =AVERAGEA(CN32,CS32,CY32,DE32,DK32) -> 66.4 | DS32: =SUM(DT32:DW32) -> 30 | DT32: 25 | DU32: 0 | DV32: 5 | DW32: 0 | DX32: 0 | DY32: 0 | ED32: =IFERROR(VLOOKUP(A32,站前4樓!A:BF,57,0),0) -> 41 | EE32: =IFERROR(VLOOKUP(A32,站前11樓!A:BE,57,0),0) -> 0 | EF32: =IFERROR(VLOOKUP(A32,忠孝7樓!A:N,57,0),0) -> 0 | EG32: =IFERROR(VLOOKUP(A32,忠孝國際醫學3樓!A:L,57,0),0) -> 0 | EH32: =SUM(ED32:EG32) -> 41 | EJ32: 199 | EK32: 173
B33: 6190006 | C33: ExoPower 泌力機泌凍晶 5mg | D33: 1 | E33: PCS | F33: =SUMIF(站前4樓!B:B,B33,站前4樓!F:F) -> 107 | G33: =SUMIF(站前11樓!B:B,B33,站前11樓!F:F) -> 0 | H33: =SUMIF(忠孝7樓!B:B,B33,忠孝7樓!G:G) -> 143 | I33: =SUMIF(忠孝國際醫學3樓!B:B,B33,忠孝國際醫學3樓!G:G) -> 0 | J33: =SUMIF(忠孝健康7樓!B:B,B33,忠孝健康7樓!G:G) -> 81 | DE33: =SUMIFS(領用表!$L:$L,領用表!$A:$A,DE$2,領用表!$E:$E,B33) -> 60 | DF33: =SUMIFS(領用表!$L:$L,領用表!$E:$E,$B33,領用表!$B:$B,DE$2&DF$2) -> 31 | DG33: =SUMIFS(領用表!$L:$L,領用表!$E:$E,$B33,領用表!$B:$B,$DE$2&DG$2) -> 0 | DH33: =SUMIFS(領用表!$L:$L,領用表!$E:$E,$B33,領用表!$B:$B,$DE$2&DH$2) -> 23 | DI33: =SUMIFS(領用表!$L:$L,領用表!$E:$E,$B33,領用表!$B:$B,$DE$2&DI$2) -> 0 | DJ33: =SUMIFS(領用表!$L:$L,領用表!$E:$E,$B33,領用表!$B:$B,$DE$2&DJ$2) -> 6 | DK33: =SUMIFS(領用表!$L:$L,領用表!$A:$A,DK$2,領用表!$E:$E,$B33) -> 107 | DL33: =SUMIFS(領用表!$L:$L,領用表!$E:$E,$B33,領用表!$B:$B,DK$2&DL$2) -> 61 | DM33: =SUMIFS(領用表!$L:$L,領用表!$E:$E,$B33,領用表!$B:$B,$DK$2&DM$2) -> 0 | DN33: =SUMIFS(領用表!$L:$L,領用表!$E:$E,$B33,領用表!$B:$B,$DK$2&DN$2) -> 33 | DO33: =SUMIFS(領用表!$L:$L,領用表!$E:$E,$B33,領用表!$B:$B,$DK$2&DO$2) -> 0 | DP33: =SUMIFS(領用表!$L:$L,領用表!$E:$E,$B33,領用表!$B:$B,$DK$2&DP$2) -> 13 | DQ33: =SUM(CN33,CS33,CY33,DE33,DK33) -> 167 | DR33: =AVERAGEA(CN33,CS33,CY33,DE33,DK33) -> 83.5
B34: 6050010 | C34: ExoPower 機泌導入安瓶/ 6mL | D34: 1 | E34: PCS | F34: =SUMIF(站前4樓!B:B,B34,站前4樓!F:F) -> 99 | G34: =SUMIF(站前11樓!B:B,B34,站前11樓!F:F) -> 0 | H34: =SUMIF(忠孝7樓!B:B,B34,忠孝7樓!G:G) -> 96 | I34: =SUMIF(忠孝國際醫學3樓!B:B,B34,忠孝國際醫學3樓!G:G) -> 0 | J34: =SUMIF(忠孝健康7樓!B:B,B34,忠孝健康7樓!G:G) -> 98 | DK34: =SUMIFS(領用表!$L:$L,領用表!$A:$A,DK$2,領用表!$E:$E,$B34) -> 6 | DL34: =SUMIFS(領用表!$L:$L,領用表!$E:$E,$B34,領用表!$B:$B,DK$2&DL$2) -> 1 | DM34: =SUMIFS(領用表!$L:$L,領用表!$E:$E,$B34,領用表!$B:$B,$DK$2&DM$2) -> 0 | DN34: =SUMIFS(領用表!$L:$L,領用表!$E:$E,$B34,領用表!$B:$B,$DK$2&DN$2) -> 3 | DO34: =SUMIFS(領用表!$L:$L,領用表!$E:$E,$B34,領用表!$B:$B,$DK$2&DO$2) -> 0 | DP34: =SUMIFS(領用表!$L:$L,領用表!$E:$E,$B34,領用表!$B:$B,$DK$2&DP$2) -> 2 | DQ34: =SUM(CN34,CS34,CY34,DE34,DK34) -> 6 | DR34: =AVERAGEA(CN34,CS34,CY34,DE34,DK34) -> 6
A35: MP1MA020009A | B35: 6160001 | C35: 艾麗斯皮下填補劑 Aesthe Fill-200mg/ vial | D35: 1 | E35: PCS | F35: =SUMIF(站前4樓!B:B,B35,站前4樓!F:F) -> 11 | G35: =SUMIF(站前11樓!B:B,B35,站前11樓!F:F) -> 0 | H35: =SUMIF(忠孝7樓!B:B,B35,忠孝7樓!G:G) -> 7 | I35: =SUMIF(忠孝國際醫學3樓!B:B,B35,忠孝國際醫學3樓!G:G) -> 0 | J35: =SUMIF(忠孝健康7樓!B:B,B35,忠孝健康7樓!G:G) -> 0 | K35: 0 | L35: 0.05 | M35: 1 | N35: 11 | O35: 12 | P35: 2 | Q35: 2 | R35: 3 | S35: 2 | T35: 0 | U35: 1 | V35: 1 | W35: 5 | X35: 2 | Y35: 1 | Z35: 0 | AA35: 2 | AB35: 1 | AC35: 0 | AD35: 0 | AE35: 0 | AF35: 0 | AG35: 0 | AH35: 0 | AI35: 0 | AJ35: 1 | AK35: 2 | AL35: 2 | AM35: 7 | AN35: 4 | AO35: 4 | AP35: 4 | AQ35: 9 | AR35: 5 | AS35: 3 | AT35: 0 | AU35: 1 | AV35: =SUM(AJ35:AU35) -> 42 | AW35: =AV35/12 -> 3.5 | AX35: 5 | AY35: 3 | AZ35: 0 | BA35: 0 | BB35: 0 | BC35: =SUMIFS(領用表!$L:$L,領用表!$A:$A,BC$2,領用表!$E:$E,B35) -> 0 | BD35: =SUMIFS(領用表!$L:$L,領用表!$E:$E,$B35,領用表!$B:$B,BC$2&BD$2) -> 0 | BE35: =SUMIFS(領用表!$L:$L,領用表!$E:$E,$B35,領用表!$B:$B,$BC$2&BE$2) -> 0 | BF35: =SUMIFS(領用表!$L:$L,領用表!$E:$E,$B35,領用表!$B:$B,$BC$2&BF$2) -> 0 | BG35: =SUMIFS(領用表!$L:$L,領用表!$E:$E,$B35,領用表!$B:$B,$BC$2&BG$2) -> 0 | BH35: =SUMIFS(領用表!$L:$L,領用表!$A:$A,BH$2,領用表!$E:$E,B35) -> 0 | BI35: =SUMIFS(領用表!$L:$L,領用表!$E:$E,$B35,領用表!$B:$B,BH$2&BI$2) -> 0 | BJ35: =SUMIFS(領用表!$L:$L,領用表!$E:$E,$B35,領用表!$B:$B,$BH$2&BJ$2) -> 0 | BK35: =SUMIFS(領用表!$L:$L,領用表!$E:$E,$B35,領用表!$B:$B,$BH$2&BK$2) -> 0 | BL35: =SUMIFS(領用表!$L:$L,領用表!$E:$E,$B35,領用表!$B:$B,$BH$2&BL$2) -> 0 | BM35: =SUMIFS(領用表!$L:$L,領用表!$A:$A,BM$2,領用表!$E:$E,B35) -> 0 | BN35: =SUMIFS(領用表!$L:$L,領用表!$E:$E,$B35,領用表!$B:$B,BM$2&BN$2) -> 0 | BO35: =SUMIFS(領用表!$L:$L,領用表!$E:$E,$B35,領用表!$B:$B,$BM$2&BO$2) -> 0 | BP35: =SUMIFS(領用表!$L:$L,領用表!$E:$E,$B35,領用表!$B:$B,$BM$2&BP$2) -> 0 | BQ35: =SUMIFS(領用表!$L:$L,領用表!$E:$E,$B35,領用表!$B:$B,$BM$2&BQ$2) -> 0 | BR35: =SUMIFS(領用表!$L:$L,領用表!$A:$A,BR$2,領用表!$E:$E,B35) -> 0 | BS35: =SUMIFS(領用表!$L:$L,領用表!$E:$E,$B35,領用表!$B:$B,BR$2&BS$2) -> 0 | BT35: =SUMIFS(領用表!$L:$L,領用表!$E:$E,$B35,領用表!$B:$B,$BR$2&BT$2) -> 0 | BU35: =SUMIFS(領用表!$L:$L,領用表!$E:$E,$B35,領用表!$B:$B,$BR$2&BU$2) -> 0 | BV35: =SUMIFS(領用表!$L:$L,領用表!$E:$E,$B35,領用表!$B:$B,$BR$2&BV$2) -> 0 | BW35: =SUMIFS(領用表!$L:$L,領用表!$A:$A,BW$2,領用表!$E:$E,B35) -> 0 | BX35: =SUMIFS(領用表!$L:$L,領用表!$E:$E,$B35,領用表!$B:$B,BW$2&BX$2) -> 0 | BY35: =SUMIFS(領用表!$L:$L,領用表!$E:$E,$B35,領用表!$B:$B,$BW$2&BY$2) -> 0 | BZ35: =SUMIFS(領用表!$L:$L,領用表!$E:$E,$B35,領用表!$B:$B,$BW$2&BZ$2) -> 0 | CA35: =SUMIFS(領用表!$L:$L,領用表!$E:$E,$B35,領用表!$B:$B,$BW$2&CA$2) -> 0 | CB35: =SUMIFS(領用表!$L:$L,領用表!$A:$A,CB$2,領用表!$E:$E,B35) -> 0 | CC35: =SUMIFS(領用表!$L:$L,領用表!$E:$E,$B35,領用表!$B:$B,CB$2&CC$2) -> 0 | CD35: =SUMIFS(領用表!$L:$L,領用表!$E:$E,$B35,領用表!$B:$B,$CB$2&CD$2) -> 0 | CE35: =SUMIFS(領用表!$L:$L,領用表!$E:$E,$B35,領用表!$B:$B,$CB$2&CE$2) -> 0 | CF35: =SUMIFS(領用表!$L:$L,領用表!$E:$E,$B35,領用表!$B:$B,$CB$2&CF$2) -> 0 | CG35: =SUMIFS(領用表!$L:$L,領用表!$A:$A,CG$2,領用表!$E:$E,B35) -> 4 | CH35: =SUMIFS(領用表!$L:$L,領用表!$E:$E,$B35,領用表!$B:$B,CG$2&CH$2) -> 3 | CI35: =SUMIFS(領用表!$L:$L,領用表!$E:$E,$B35,領用表!$B:$B,CG$2&CI$2) -> 0 | CJ35: =SUMIFS(領用表!$L:$L,領用表!$E:$E,$B35,領用表!$B:$B,CG$2&CJ$2) -> 1 | CK35: =SUMIFS(領用表!$L:$L,領用表!$E:$E,$B35,領用表!$B:$B,$CG$2&CK$2) -> 0 | CL35: =SUM(AX35,AY35,AZ35,BA35,BB35,BC35,BH35,BM35,BR35,BW35,CB35,CG35) -> 12 | CM35: =AVERAGE(AX35,AY35,AZ35,BA35,BB35,BC35,BH35,BM35,BR35,BW35,CB35,CG35) -> 1 | CN35: =SUMIFS(領用表!$L:$L,領用表!$A:$A,CN$2,領用表!$E:$E,B35) -> 7 | CO35: =SUMIFS(領用表!$L:$L,領用表!$E:$E,$B35,領用表!$B:$B,CN$2&CO$2) -> 5 | CP35: =SUMIFS(領用表!$L:$L,領用表!$E:$E,$B35,領用表!$B:$B,$CN$2&CP$2) -> 0 | CQ35: =SUMIFS(領用表!$L:$L,領用表!$E:$E,$B35,領用表!$B:$B,$CN$2&CQ$2) -> 2 | CR35: =SUMIFS(領用表!$L:$L,領用表!$E:$E,$B35,領用表!$B:$B,$CN$2&CR$2) -> 0 | CS35: =SUMIFS(領用表!$L:$L,領用表!$A:$A,CS$2,領用表!$E:$E,B35) -> 2 | CT35: =SUMIFS(領用表!$L:$L,領用表!$E:$E,$B35,領用表!$B:$B,CS$2&CT$2) -> 2 | CU35: =SUMIFS(領用表!$L:$L,領用表!$E:$E,$B35,領用表!$B:$B,$CS$2&CU$2) -> 0 | CV35: =SUMIFS(領用表!$L:$L,領用表!$E:$E,$B35,領用表!$B:$B,$CS$2&CV$2) -> 0 | CW35: =SUMIFS(領用表!$L:$L,領用表!$E:$E,$B35,領用表!$B:$B,$CS$2&CW$2) -> 0 | CX35: =SUMIFS(領用表!$L:$L,領用表!$E:$E,$B35,領用表!$B:$B,$CS$2&CX$2) -> 0 | CY35: =SUMIFS(領用表!$L:$L,領用表!$A:$A,CY$2,領用表!$E:$E,B35) -> 1 | CZ35: =SUMIFS(領用表!$L:$L,領用表!$E:$E,$B35,領用表!$B:$B,CY$2&CZ$2) -> 1 | DA35: =SUMIFS(領用表!$L:$L,領用表!$E:$E,$B35,領用表!$B:$B,$CY$2&DA$2) -> 0 | DB35: =SUMIFS(領用表!$L:$L,領用表!$E:$E,$B35,領用表!$B:$B,$CY$2&DB$2) -> 0 | DC35: =SUMIFS(領用表!$L:$L,領用表!$E:$E,$B35,領用表!$B:$B,$CY$2&DC$2) -> 0 | DD35: =SUMIFS(領用表!$L:$L,領用表!$E:$E,$B35,領用表!$B:$B,$CY$2&DD$2) -> 0 | DE35: =SUMIFS(領用表!$L:$L,領用表!$A:$A,DE$2,領用表!$E:$E,B35) -> 2 | DF35: =SUMIFS(領用表!$L:$L,領用表!$E:$E,$B35,領用表!$B:$B,DE$2&DF$2) -> 2 | DG35: =SUMIFS(領用表!$L:$L,領用表!$E:$E,$B35,領用表!$B:$B,$DE$2&DG$2) -> 0 | DH35: =SUMIFS(領用表!$L:$L,領用表!$E:$E,$B35,領用表!$B:$B,$DE$2&DH$2) -> 0 | DI35: =SUMIFS(領用表!$L:$L,領用表!$E:$E,$B35,領用表!$B:$B,$DE$2&DI$2) -> 0 | DJ35: =SUMIFS(領用表!$L:$L,領用表!$E:$E,$B35,領用表!$B:$B,$DE$2&DJ$2) -> 0 | DK35: =SUMIFS(領用表!$L:$L,領用表!$A:$A,DK$2,領用表!$E:$E,$B35) -> 0 | DL35: =SUMIFS(領用表!$L:$L,領用表!$E:$E,$B35,領用表!$B:$B,DK$2&DL$2) -> 0 | DM35: =SUMIFS(領用表!$L:$L,領用表!$E:$E,$B35,領用表!$B:$B,$DK$2&DM$2) -> 0 | DN35: =SUMIFS(領用表!$L:$L,領用表!$E:$E,$B35,領用表!$B:$B,$DK$2&DN$2) -> 0 | DO35: =SUMIFS(領用表!$L:$L,領用表!$E:$E,$B35,領用表!$B:$B,$DK$2&DO$2) -> 0 | DP35: =SUMIFS(領用表!$L:$L,領用表!$E:$E,$B35,領用表!$B:$B,$DK$2&DP$2) -> 0 | DQ35: =SUM(CN35,CS35,CY35,DE35,DK35) -> 12 | DR35: =AVERAGEA(CN35,CS35,CY35,DE35,DK35) -> 2.4 | DS35: =SUM(DT35:DW35) -> 6 | DT35: 3 | DU35: 0 | DV35: 3 | DW35: 0 | DX35: 10 | ED35: =IFERROR(VLOOKUP(A35,站前4樓!A:BF,57,0),0) -> 0 | EE35: =IFERROR(VLOOKUP(A35,站前11樓!A:BE,57,0),0) -> 0 | EF35: =IFERROR(VLOOKUP(A35,忠孝7樓!A:N,57,0),0) -> 0 | EG35: =IFERROR(VLOOKUP(A35,忠孝國際醫學3樓!A:L,57,0),0) -> 0 | EH35: =SUM(ED35:EG35) -> 0 | EJ35: 21 | EK35: 9
A36: MP1MA020028A | B36: 6150012 | C36: 膚美康 2.5cc/支 | D36: 1 | E36: PCS | F36: =SUMIF(站前4樓!B:B,B36,站前4樓!F:F) -> 13 | G36: =SUMIF(站前11樓!B:B,B36,站前11樓!F:F) -> 0 | H36: =SUMIF(忠孝7樓!B:B,B36,忠孝7樓!G:G) -> 9 | I36: =SUMIF(忠孝國際醫學3樓!B:B,B36,忠孝國際醫學3樓!G:G) -> 0 | J36: =SUMIF(忠孝健康7樓!B:B,B36,忠孝健康7樓!G:G) -> 0 | AV36: - | AW36: - | AX36: - | AY36: - | AZ36: - | BA36: - | BB36: - | BC36: =SUMIFS(領用表!$L:$L,領用表!$A:$A,BC$2,領用表!$E:$E,B36) -> 0 | BD36: =SUMIFS(領用表!$L:$L,領用表!$E:$E,$B36,領用表!$B:$B,BC$2&BD$2) -> 0 | BE36: =SUMIFS(領用表!$L:$L,領用表!$E:$E,$B36,領用表!$B:$B,$BC$2&BE$2) -> 0 | BF36: =SUMIFS(領用表!$L:$L,領用表!$E:$E,$B36,領用表!$B:$B,$BC$2&BF$2) -> 0 | BG36: =SUMIFS(領用表!$L:$L,領用表!$E:$E,$B36,領用表!$B:$B,$BC$2&BG$2) -> 0 | BH36: =SUMIFS(領用表!$L:$L,領用表!$A:$A,BH$2,領用表!$E:$E,B36) -> 0 | BI36: =SUMIFS(領用表!$L:$L,領用表!$E:$E,$B36,領用表!$B:$B,BH$2&BI$2) -> 0 | BJ36: =SUMIFS(領用表!$L:$L,領用表!$E:$E,$B36,領用表!$B:$B,$BH$2&BJ$2) -> 0 | BK36: =SUMIFS(領用表!$L:$L,領用表!$E:$E,$B36,領用表!$B:$B,$BH$2&BK$2) -> 0 | BL36: =SUMIFS(領用表!$L:$L,領用表!$E:$E,$B36,領用表!$B:$B,$BH$2&BL$2) -> 0 | BM36: =SUMIFS(領用表!$L:$L,領用表!$A:$A,BM$2,領用表!$E:$E,B36) -> 0 | BN36: =SUMIFS(領用表!$L:$L,領用表!$E:$E,$B36,領用表!$B:$B,BM$2&BN$2) -> 0 | BO36: =SUMIFS(領用表!$L:$L,領用表!$E:$E,$B36,領用表!$B:$B,$BM$2&BO$2) -> 0 | BP36: =SUMIFS(領用表!$L:$L,領用表!$E:$E,$B36,領用表!$B:$B,$BM$2&BP$2) -> 0 | BQ36: =SUMIFS(領用表!$L:$L,領用表!$E:$E,$B36,領用表!$B:$B,$BM$2&BQ$2) -> 0 | BR36: =SUMIFS(領用表!$L:$L,領用表!$A:$A,BR$2,領用表!$E:$E,B36) -> 0 | BS36: =SUMIFS(領用表!$L:$L,領用表!$E:$E,$B36,領用表!$B:$B,BR$2&BS$2) -> 0 | BT36: =SUMIFS(領用表!$L:$L,領用表!$E:$E,$B36,領用表!$B:$B,$BR$2&BT$2) -> 0 | BU36: =SUMIFS(領用表!$L:$L,領用表!$E:$E,$B36,領用表!$B:$B,$BR$2&BU$2) -> 0 | BV36: =SUMIFS(領用表!$L:$L,領用表!$E:$E,$B36,領用表!$B:$B,$BR$2&BV$2) -> 0 | BW36: =SUMIFS(領用表!$L:$L,領用表!$A:$A,BW$2,領用表!$E:$E,B36) -> 0 | BX36: =SUMIFS(領用表!$L:$L,領用表!$E:$E,$B36,領用表!$B:$B,BW$2&BX$2) -> 0 | BY36: =SUMIFS(領用表!$L:$L,領用表!$E:$E,$B36,領用表!$B:$B,$BW$2&BY$2) -> 0 | BZ36: =SUMIFS(領用表!$L:$L,領用表!$E:$E,$B36,領用表!$B:$B,$BW$2&BZ$2) -> 0 | CA36: =SUMIFS(領用表!$L:$L,領用表!$E:$E,$B36,領用表!$B:$B,$BW$2&CA$2) -> 0 | CB36: =SUMIFS(領用表!$L:$L,領用表!$A:$A,CB$2,領用表!$E:$E,B36) -> 0 | CC36: =SUMIFS(領用表!$L:$L,領用表!$E:$E,$B36,領用表!$B:$B,CB$2&CC$2) -> 0 | CD36: =SUMIFS(領用表!$L:$L,領用表!$E:$E,$B36,領用表!$B:$B,$CB$2&CD$2) -> 0 | CE36: =SUMIFS(領用表!$L:$L,領用表!$E:$E,$B36,領用表!$B:$B,$CB$2&CE$2) -> 0 | CF36: =SUMIFS(領用表!$L:$L,領用表!$E:$E,$B36,領用表!$B:$B,$CB$2&CF$2) -> 0 | CG36: =SUMIFS(領用表!$L:$L,領用表!$A:$A,CG$2,領用表!$E:$E,B36) -> 0 | CH36: =SUMIFS(領用表!$L:$L,領用表!$E:$E,$B36,領用表!$B:$B,CG$2&CH$2) -> 0 | CI36: =SUMIFS(領用表!$L:$L,領用表!$E:$E,$B36,領用表!$B:$B,CG$2&CI$2) -> 0 | CJ36: =SUMIFS(領用表!$L:$L,領用表!$E:$E,$B36,領用表!$B:$B,CG$2&CJ$2) -> 0 | CK36: =SUMIFS(領用表!$L:$L,領用表!$E:$E,$B36,領用表!$B:$B,$CG$2&CK$2) -> 0 | CL36: =SUM(AX36,AY36,AZ36,BA36,BB36,BC36,BH36,BM36,BR36,BW36,CB36,CG36) -> 0 | CM36: =AVERAGE(AX36,AY36,AZ36,BA36,BB36,BC36,BH36,BM36,BR36,BW36,CB36,CG36) -> 0 | CN36: =SUMIFS(領用表!$L:$L,領用表!$A:$A,CN$2,領用表!$E:$E,B36) -> 0 | CO36: =SUMIFS(領用表!$L:$L,領用表!$E:$E,$B36,領用表!$B:$B,CN$2&CO$2) -> 0 | CP36: =SUMIFS(領用表!$L:$L,領用表!$E:$E,$B36,領用表!$B:$B,$CN$2&CP$2) -> 0 | CQ36: =SUMIFS(領用表!$L:$L,領用表!$E:$E,$B36,領用表!$B:$B,$CN$2&CQ$2) -> 0 | CR36: =SUMIFS(領用表!$L:$L,領用表!$E:$E,$B36,領用表!$B:$B,$CN$2&CR$2) -> 0 | CS36: =SUMIFS(領用表!$L:$L,領用表!$A:$A,CS$2,領用表!$E:$E,B36) -> 0 | CT36: =SUMIFS(領用表!$L:$L,領用表!$E:$E,$B36,領用表!$B:$B,CS$2&CT$2) -> 0 | CU36: =SUMIFS(領用表!$L:$L,領用表!$E:$E,$B36,領用表!$B:$B,$CS$2&CU$2) -> 0 | CV36: =SUMIFS(領用表!$L:$L,領用表!$E:$E,$B36,領用表!$B:$B,$CS$2&CV$2) -> 0 | CW36: =SUMIFS(領用表!$L:$L,領用表!$E:$E,$B36,領用表!$B:$B,$CS$2&CW$2) -> 0 | CX36: =SUMIFS(領用表!$L:$L,領用表!$E:$E,$B36,領用表!$B:$B,$CS$2&CX$2) -> 0 | CY36: =SUMIFS(領用表!$L:$L,領用表!$A:$A,CY$2,領用表!$E:$E,B36) -> 0 | CZ36: =SUMIFS(領用表!$L:$L,領用表!$E:$E,$B36,領用表!$B:$B,CY$2&CZ$2) -> 0 | DA36: =SUMIFS(領用表!$L:$L,領用表!$E:$E,$B36,領用表!$B:$B,$CY$2&DA$2) -> 0 | DB36: =SUMIFS(領用表!$L:$L,領用表!$E:$E,$B36,領用表!$B:$B,$CY$2&DB$2) -> 0 | DC36: =SUMIFS(領用表!$L:$L,領用表!$E:$E,$B36,領用表!$B:$B,$CY$2&DC$2) -> 0 | DD36: =SUMIFS(領用表!$L:$L,領用表!$E:$E,$B36,領用表!$B:$B,$CY$2&DD$2) -> 0 | DE36: =SUMIFS(領用表!$L:$L,領用表!$A:$A,DE$2,領用表!$E:$E,B36) -> 0 | DF36: =SUMIFS(領用表!$L:$L,領用表!$E:$E,$B36,領用表!$B:$B,DE$2&DF$2) -> 0 | DG36: =SUMIFS(領用表!$L:$L,領用表!$E:$E,$B36,領用表!$B:$B,$DE$2&DG$2) -> 0 | DH36: =SUMIFS(領用表!$L:$L,領用表!$E:$E,$B36,領用表!$B:$B,$DE$2&DH$2) -> 0 | DI36: =SUMIFS(領用表!$L:$L,領用表!$E:$E,$B36,領用表!$B:$B,$DE$2&DI$2) -> 0 | DJ36: =SUMIFS(領用表!$L:$L,領用表!$E:$E,$B36,領用表!$B:$B,$DE$2&DJ$2) -> 0 | DK36: =SUMIFS(領用表!$L:$L,領用表!$A:$A,DK$2,領用表!$E:$E,$B36) -> 0 | DL36: =SUMIFS(領用表!$L:$L,領用表!$E:$E,$B36,領用表!$B:$B,DK$2&DL$2) -> 0 | DM36: =SUMIFS(領用表!$L:$L,領用表!$E:$E,$B36,領用表!$B:$B,$DK$2&DM$2) -> 0 | DN36: =SUMIFS(領用表!$L:$L,領用表!$E:$E,$B36,領用表!$B:$B,$DK$2&DN$2) -> 0 | DO36: =SUMIFS(領用表!$L:$L,領用表!$E:$E,$B36,領用表!$B:$B,$DK$2&DO$2) -> 0 | DP36: =SUMIFS(領用表!$L:$L,領用表!$E:$E,$B36,領用表!$B:$B,$DK$2&DP$2) -> 0 | DQ36: =SUM(CN36,CS36,CY36,DE36,DK36) -> 0 | DR36: =AVERAGEA(CN36,CS36,CY36,DE36,DK36) -> 0 | DS36: =SUM(DT36:DW36) -> 0 | DT36: 0 | DU36: 0 | DV36: 0 | DW36: 0 | DX36: 0 | ED36: =IFERROR(VLOOKUP(A36,站前4樓!A:BF,57,0),0) -> 0 | EE36: =IFERROR(VLOOKUP(A36,站前11樓!A:BE,57,0),0) -> 0 | EF36: =IFERROR(VLOOKUP(A36,忠孝7樓!A:N,57,0),0) -> 0 | EG36: =IFERROR(VLOOKUP(A36,忠孝國際醫學3樓!A:L,57,0),0) -> 0 | EH36: =SUM(ED36:EG36) -> 0 | EJ36: 13 | EK36: 12
A37: MP1MA020034A | B37: 6150014 | C37: 膚美康(1c.c.) | D37: 2.5 | E37: c.c. | F37: =F36*D37 -> 32.5 | G37: =SUMIF(站前11樓!B:B,B37,站前11樓!F:F) -> 0 | H37: =H36*D37 -> 22.5 | I37: =SUMIF(忠孝國際醫學3樓!B:B,B37,忠孝國際醫學3樓!G:G) -> 0 | J37: =J36*F37 -> 0 | BC37: =SUMIFS(領用表!$L:$L,領用表!$A:$A,BC$2,領用表!$E:$E,B37) -> 0 | BD37: =SUMIFS(領用表!$L:$L,領用表!$E:$E,$B37,領用表!$B:$B,BC$2&BD$2) -> 0 | BE37: =SUMIFS(領用表!$L:$L,領用表!$E:$E,$B37,領用表!$B:$B,$BC$2&BE$2) -> 0 | BF37: =SUMIFS(領用表!$L:$L,領用表!$E:$E,$B37,領用表!$B:$B,$BC$2&BF$2) -> 0 | BG37: =SUMIFS(領用表!$L:$L,領用表!$E:$E,$B37,領用表!$B:$B,$BC$2&BG$2) -> 0 | BH37: =SUMIFS(領用表!$L:$L,領用表!$A:$A,BH$2,領用表!$E:$E,B37) -> 0 | BI37: =SUMIFS(領用表!$L:$L,領用表!$E:$E,$B37,領用表!$B:$B,BH$2&BI$2) -> 0 | BJ37: =SUMIFS(領用表!$L:$L,領用表!$E:$E,$B37,領用表!$B:$B,$BH$2&BJ$2) -> 0 | BK37: =SUMIFS(領用表!$L:$L,領用表!$E:$E,$B37,領用表!$B:$B,$BH$2&BK$2) -> 0 | BL37: =SUMIFS(領用表!$L:$L,領用表!$E:$E,$B37,領用表!$B:$B,$BH$2&BL$2) -> 0 | BM37: =SUMIFS(領用表!$L:$L,領用表!$A:$A,BM$2,領用表!$E:$E,B37) -> 0 | BN37: =SUMIFS(領用表!$L:$L,領用表!$E:$E,$B37,領用表!$B:$B,BM$2&BN$2) -> 0 | BO37: =SUMIFS(領用表!$L:$L,領用表!$E:$E,$B37,領用表!$B:$B,$BM$2&BO$2) -> 0 | BP37: =SUMIFS(領用表!$L:$L,領用表!$E:$E,$B37,領用表!$B:$B,$BM$2&BP$2) -> 0 | BQ37: =SUMIFS(領用表!$L:$L,領用表!$E:$E,$B37,領用表!$B:$B,$BM$2&BQ$2) -> 0 | BR37: =SUMIFS(領用表!$L:$L,領用表!$A:$A,BR$2,領用表!$E:$E,B37) -> 0 | BS37: =SUMIFS(領用表!$L:$L,領用表!$E:$E,$B37,領用表!$B:$B,BR$2&BS$2) -> 0 | BT37: =SUMIFS(領用表!$L:$L,領用表!$E:$E,$B37,領用表!$B:$B,$BR$2&BT$2) -> 0 | BU37: =SUMIFS(領用表!$L:$L,領用表!$E:$E,$B37,領用表!$B:$B,$BR$2&BU$2) -> 0 | BV37: =SUMIFS(領用表!$L:$L,領用表!$E:$E,$B37,領用表!$B:$B,$BR$2&BV$2) -> 0 | BW37: =SUMIFS(領用表!$L:$L,領用表!$A:$A,BW$2,領用表!$E:$E,B37)*D37 -> 2.5 | BX37: =SUMIFS(領用表!$L:$L,領用表!$E:$E,$B37,領用表!$B:$B,BW$2&BX$2) -> 1 | BY37: =SUMIFS(領用表!$L:$L,領用表!$E:$E,$B37,領用表!$B:$B,$BW$2&BY$2) -> 0 | BZ37: =SUMIFS(領用表!$L:$L,領用表!$E:$E,$B37,領用表!$B:$B,$BW$2&BZ$2) -> 0 | CA37: =SUMIFS(領用表!$L:$L,領用表!$E:$E,$B37,領用表!$B:$B,$BW$2&CA$2) -> 0 | CB37: =SUMIFS(領用表!$L:$L,領用表!$A:$A,CB$2,領用表!$E:$E,B37)*D37 -> 2.5 | CC37: =SUMIFS(領用表!$L:$L,領用表!$E:$E,$B37,領用表!$B:$B,CB$2&CC$2) -> 0 | CD37: =SUMIFS(領用表!$L:$L,領用表!$E:$E,$B37,領用表!$B:$B,$CB$2&CD$2) -> 0 | CE37: =SUMIFS(領用表!$L:$L,領用表!$E:$E,$B37,領用表!$B:$B,$CB$2&CE$2) -> 1 | CF37: =SUMIFS(領用表!$L:$L,領用表!$E:$E,$B37,領用表!$B:$B,$CB$2&CF$2) -> 0 | CG37: =SUMIFS(領用表!$L:$L,領用表!$A:$A,CG$2,領用表!$E:$E,B37) -> 0 | CL37: =SUM(AX37,AY37,AZ37,BA37,BB37,BC37,BH37,BM37,BR37,BW37,CB37,CG37) -> 5 | CM37: =AVERAGE(AX37,AY37,AZ37,BA37,BB37,BC37,BH37,BM37,BR37,BW37,CB37,CG37) -> 0.71428571 | CN37: =SUMIFS(領用表!$L:$L,領用表!$A:$A,CN$2,領用表!$E:$E,B37)*D37 -> 2.5 | CO37: =SUMIFS(領用表!$L:$L,領用表!$E:$E,$B37,領用表!$B:$B,CN$2&CO$2) -> 0 | CP37: =SUMIFS(領用表!$L:$L,領用表!$E:$E,$B37,領用表!$B:$B,$CN$2&CP$2) -> 0 | CQ37: =SUMIFS(領用表!$L:$L,領用表!$E:$E,$B37,領用表!$B:$B,$CN$2&CQ$2) -> 1 | CR37: =SUMIFS(領用表!$L:$L,領用表!$E:$E,$B37,領用表!$B:$B,$CN$2&CR$2) -> 0 | CS37: =SUMIFS(領用表!$L:$L,領用表!$A:$A,CS$2,領用表!$E:$E,B37)*D37 -> 0 | CT37: =SUMIFS(領用表!$L:$L,領用表!$E:$E,$B37,領用表!$B:$B,CS$2&CT$2) -> 0 | CU37: =SUMIFS(領用表!$L:$L,領用表!$E:$E,$B37,領用表!$B:$B,$CS$2&CU$2) -> 0 | CV37: =SUMIFS(領用表!$L:$L,領用表!$E:$E,$B37,領用表!$B:$B,$CS$2&CV$2) -> 0 | CW37: =SUMIFS(領用表!$L:$L,領用表!$E:$E,$B37,領用表!$B:$B,$CS$2&CW$2) -> 0 | CX37: =SUMIFS(領用表!$L:$L,領用表!$E:$E,$B37,領用表!$B:$B,$CS$2&CX$2) -> 0 | CY37: =SUMIFS(領用表!$L:$L,領用表!$A:$A,CY$2,領用表!$E:$E,B37)*D37 -> 2.5 | CZ37: =SUMIFS(領用表!$L:$L,領用表!$E:$E,$B37,領用表!$B:$B,CY$2&CZ$2) -> 0 | DA37: =SUMIFS(領用表!$L:$L,領用表!$E:$E,$B37,領用表!$B:$B,$CY$2&DA$2) -> 0 | DB37: =SUMIFS(領用表!$L:$L,領用表!$E:$E,$B37,領用表!$B:$B,$CY$2&DB$2) -> 1 | DC37: =SUMIFS(領用表!$L:$L,領用表!$E:$E,$B37,領用表!$B:$B,$CY$2&DC$2) -> 0 | DD37: =SUMIFS(領用表!$L:$L,領用表!$E:$E,$B37,領用表!$B:$B,$CY$2&DD$2) -> 0 | DE37: =SUMIFS(領用表!$L:$L,領用表!$A:$A,DE$2,領用表!$E:$E,B37)*D37 -> 2.5 | DF37: =SUMIFS(領用表!$L:$L,領用表!$E:$E,$B37,領用表!$B:$B,DE$2&DF$2) -> 0 | DG37: =SUMIFS(領用表!$L:$L,領用表!$E:$E,$B37,領用表!$B:$B,$DE$2&DG$2)*D37 -> 0 | DH37: =SUMIFS(領用表!$L:$L,領用表!$E:$E,$B37,領用表!$B:$B,$DE$2&DH$2)*D37 -> 2.5 | DI37: =SUMIFS(領用表!$L:$L,領用表!$E:$E,$B37,領用表!$B:$B,$DE$2&DI$2) -> 0 | DJ37: =SUMIFS(領用表!$L:$L,領用表!$E:$E,$B37,領用表!$B:$B,$DE$2&DJ$2) -> 0 | DK37: =SUMIFS(領用表!$L:$L,領用表!$A:$A,DK$2,領用表!$E:$E,$B37) -> 0 | DL37: =SUMIFS(領用表!$L:$L,領用表!$E:$E,$B37,領用表!$B:$B,DK$2&DL$2)*D37 -> 0 | DM37: =SUMIFS(領用表!$L:$L,領用表!$E:$E,$B37,領用表!$B:$B,$DK$2&DM$2)*D37 -> 0 | DN37: =SUMIFS(領用表!$L:$L,領用表!$E:$E,$B37,領用表!$B:$B,$DK$2&DN$2)*D37 -> 0 | DO37: =SUMIFS(領用表!$L:$L,領用表!$E:$E,$B37,領用表!$B:$B,$DK$2&DO$2)*D37 -> 0 | DP37: =SUMIFS(領用表!$L:$L,領用表!$E:$E,$B37,領用表!$B:$B,$DK$2&DP$2)*D37 -> 0 | DQ37: =SUM(CN37,CS37,CY37,DE37,DK37) -> 7.5 | DR37: =AVERAGEA(CN37,CS37,CY37,DE37,DK37) -> 1.5 | DS37: =SUM(DT37:DW37) -> 0 | DT37: 0 | DU37: 0 | DV37: 0 | DW37: 0
A38: DP1AA050001E | B38: 6210006 | C38: 麗珠蘭REJURAN Skin Booster修復水光 | D38: 3 | E38: SET | F38: =SUMIF(站前4樓!B:B,B38,站前4樓!F:F) -> 9 | G38: =SUMIF(站前11樓!B:B,B38,站前11樓!F:F) -> 0 | H38: =SUMIF(忠孝7樓!B:B,B38,忠孝7樓!G:G) -> 6 | I38: =SUMIF(忠孝國際醫學3樓!B:B,B38,忠孝國際醫學3樓!G:G) -> 0 | J38: =SUMIF(忠孝健康7樓!B:B,B38,忠孝健康7樓!G:G) -> 0 | AV38: - | AW38: - | AX38: - | AY38: - | AZ38: - | BA38: - | BB38: - | BC38: =SUMIFS(領用表!$L:$L,領用表!$A:$A,BC$2,領用表!$E:$E,B38) -> 0 | BD38: =SUMIFS(領用表!$L:$L,領用表!$E:$E,$B38,領用表!$B:$B,BC$2&BD$2) -> 0 | BE38: =SUMIFS(領用表!$L:$L,領用表!$E:$E,$B38,領用表!$B:$B,$BC$2&BE$2) -> 0 | BF38: =SUMIFS(領用表!$L:$L,領用表!$E:$E,$B38,領用表!$B:$B,$BC$2&BF$2) -> 0 | BG38: =SUMIFS(領用表!$L:$L,領用表!$E:$E,$B38,領用表!$B:$B,$BC$2&BG$2) -> 0 | BH38: =SUMIFS(領用表!$L:$L,領用表!$A:$A,BH$2,領用表!$E:$E,B38) -> 0 | BI38: =SUMIFS(領用表!$L:$L,領用表!$E:$E,$B38,領用表!$B:$B,BH$2&BI$2) -> 0 | BJ38: =SUMIFS(領用表!$L:$L,領用表!$E:$E,$B38,領用表!$B:$B,$BH$2&BJ$2) -> 0 | BK38: =SUMIFS(領用表!$L:$L,領用表!$E:$E,$B38,領用表!$B:$B,$BH$2&BK$2) -> 0 | BL38: =SUMIFS(領用表!$L:$L,領用表!$E:$E,$B38,領用表!$B:$B,$BH$2&BL$2) -> 0 | BM38: =SUMIFS(領用表!$L:$L,領用表!$A:$A,BM$2,領用表!$E:$E,B38) -> 14 | BN38: =SUMIFS(領用表!$L:$L,領用表!$E:$E,$B38,領用表!$B:$B,BM$2&BN$2) -> 8 | BO38: =SUMIFS(領用表!$L:$L,領用表!$E:$E,$B38,領用表!$B:$B,$BM$2&BO$2) -> 0 | BP38: =SUMIFS(領用表!$L:$L,領用表!$E:$E,$B38,領用表!$B:$B,$BM$2&BP$2) -> 6 | BQ38: =SUMIFS(領用表!$L:$L,領用表!$E:$E,$B38,領用表!$B:$B,$BM$2&BQ$2) -> 0 | BR38: =SUMIFS(領用表!$L:$L,領用表!$A:$A,BR$2,領用表!$E:$E,B38) -> 8 | BS38: =SUMIFS(領用表!$L:$L,領用表!$E:$E,$B38,領用表!$B:$B,BR$2&BS$2) -> 3 | BT38: =SUMIFS(領用表!$L:$L,領用表!$E:$E,$B38,領用表!$B:$B,$BR$2&BT$2) -> 0 | BU38: =SUMIFS(領用表!$L:$L,領用表!$E:$E,$B38,領用表!$B:$B,$BR$2&BU$2) -> 5 | BV38: =SUMIFS(領用表!$L:$L,領用表!$E:$E,$B38,領用表!$B:$B,$BR$2&BV$2) -> 0 | BW38: =SUMIFS(領用表!$L:$L,領用表!$A:$A,BW$2,領用表!$E:$E,B38) -> 15 | BX38: =SUMIFS(領用表!$L:$L,領用表!$E:$E,$B38,領用表!$B:$B,BW$2&BX$2) -> 6 | BY38: =SUMIFS(領用表!$L:$L,領用表!$E:$E,$B38,領用表!$B:$B,$BW$2&BY$2) -> 0 | BZ38: =SUMIFS(領用表!$L:$L,領用表!$E:$E,$B38,領用表!$B:$B,$BW$2&BZ$2) -> 9 | CA38: =SUMIFS(領用表!$L:$L,領用表!$E:$E,$B38,領用表!$B:$B,$BW$2&CA$2) -> 0 | CB38: =SUMIFS(領用表!$L:$L,領用表!$A:$A,CB$2,領用表!$E:$E,B38) -> 11 | CC38: =SUMIFS(領用表!$L:$L,領用表!$E:$E,$B38,領用表!$B:$B,CB$2&CC$2) -> 4 | CD38: =SUMIFS(領用表!$L:$L,領用表!$E:$E,$B38,領用表!$B:$B,$CB$2&CD$2) -> 0 | CE38: =SUMIFS(領用表!$L:$L,領用表!$E:$E,$B38,領用表!$B:$B,$CB$2&CE$2) -> 7 | CF38: =SUMIFS(領用表!$L:$L,領用表!$E:$E,$B38,領用表!$B:$B,$CB$2&CF$2) -> 0 | CG38: =SUMIFS(領用表!$L:$L,領用表!$A:$A,CG$2,領用表!$E:$E,B38) -> 10 | CH38: =SUMIFS(領用表!$L:$L,領用表!$E:$E,$B38,領用表!$B:$B,CG$2&CH$2) -> 4 | CI38: =SUMIFS(領用表!$L:$L,領用表!$E:$E,$B38,領用表!$B:$B,CG$2&CI$2) -> 0 | CJ38: =SUMIFS(領用表!$L:$L,領用表!$E:$E,$B38,領用表!$B:$B,CG$2&CJ$2) -> 6 | CK38: =SUMIFS(領用表!$L:$L,領用表!$E:$E,$B38,領用表!$B:$B,$CG$2&CK$2) -> 0 | CL38: =SUM(AX38,AY38,AZ38,BA38,BB38,BC38,BH38,BM38,BR38,BW38,CB38,CG38) -> 58 | CM38: =AVERAGE(AX38,AY38,AZ38,BA38,BB38,BC38,BH38,BM38,BR38,BW38,CB38,CG38) -> 8.2857143 | CN38: =SUMIFS(領用表!$L:$L,領用表!$A:$A,CN$2,領用表!$E:$E,B38) -> 26 | CO38: =SUMIFS(領用表!$L:$L,領用表!$E:$E,$B38,領用表!$B:$B,CN$2&CO$2) -> 11 | CP38: =SUMIFS(領用表!$L:$L,領用表!$E:$E,$B38,領用表!$B:$B,$CN$2&CP$2) -> 0 | CQ38: =SUMIFS(領用表!$L:$L,領用表!$E:$E,$B38,領用表!$B:$B,$CN$2&CQ$2) -> 15 | CR38: =SUMIFS(領用表!$L:$L,領用表!$E:$E,$B38,領用表!$B:$B,$CN$2&CR$2) -> 0 | CS38: =SUMIFS(領用表!$L:$L,領用表!$A:$A,CS$2,領用表!$E:$E,B38) -> 19 | CT38: =SUMIFS(領用表!$L:$L,領用表!$E:$E,$B38,領用表!$B:$B,CS$2&CT$2) -> 4 | CU38: =SUMIFS(領用表!$L:$L,領用表!$E:$E,$B38,領用表!$B:$B,$CS$2&CU$2) -> 0 | CV38: =SUMIFS(領用表!$L:$L,領用表!$E:$E,$B38,領用表!$B:$B,$CS$2&CV$2) -> 15 | CW38: =SUMIFS(領用表!$L:$L,領用表!$E:$E,$B38,領用表!$B:$B,$CS$2&CW$2) -> 0 | CX38: =SUMIFS(領用表!$L:$L,領用表!$E:$E,$B38,領用表!$B:$B,$CS$2&CX$2) -> 0 | CY38: =SUMIFS(領用表!$L:$L,領用表!$A:$A,CY$2,領用表!$E:$E,B38) -> 14 | CZ38: =SUMIFS(領用表!$L:$L,領用表!$E:$E,$B38,領用表!$B:$B,CY$2&CZ$2) -> 10 | DA38: =SUMIFS(領用表!$L:$L,領用表!$E:$E,$B38,領用表!$B:$B,$CY$2&DA$2) -> 0 | DB38: =SUMIFS(領用表!$L:$L,領用表!$E:$E,$B38,領用表!$B:$B,$CY$2&DB$2) -> 3 | DC38: =SUMIFS(領用表!$L:$L,領用表!$E:$E,$B38,領用表!$B:$B,$CY$2&DC$2) -> 0 | DD38: =SUMIFS(領用表!$L:$L,領用表!$E:$E,$B38,領用表!$B:$B,$CY$2&DD$2) -> 1 | DE38: =SUMIFS(領用表!$L:$L,領用表!$A:$A,DE$2,領用表!$E:$E,B38) -> 11 | DF38: =SUMIFS(領用表!$L:$L,領用表!$E:$E,$B38,領用表!$B:$B,DE$2&DF$2) -> 5 | DG38: =SUMIFS(領用表!$L:$L,領用表!$E:$E,$B38,領用表!$B:$B,$DE$2&DG$2) -> 0 | DH38: =SUMIFS(領用表!$L:$L,領用表!$E:$E,$B38,領用表!$B:$B,$DE$2&DH$2) -> 5 | DI38: =SUMIFS(領用表!$L:$L,領用表!$E:$E,$B38,領用表!$B:$B,$DE$2&DI$2) -> 0 | DJ38: =SUMIFS(領用表!$L:$L,領用表!$E:$E,$B38,領用表!$B:$B,$DE$2&DJ$2) -> 1 | DK38: =SUMIFS(領用表!$L:$L,領用表!$A:$A,DK$2,領用表!$E:$E,$B38) -> 10 | DL38: =SUMIFS(領用表!$L:$L,領用表!$E:$E,$B38,領用表!$B:$B,DK$2&DL$2) -> 1 | DM38: =SUMIFS(領用表!$L:$L,領用表!$E:$E,$B38,領用表!$B:$B,$DK$2&DM$2) -> 0 | DN38: =SUMIFS(領用表!$L:$L,領用表!$E:$E,$B38,領用表!$B:$B,$DK$2&DN$2) -> 5 | DO38: =SUMIFS(領用表!$L:$L,領用表!$E:$E,$B38,領用表!$B:$B,$DK$2&DO$2) -> 0 | DP38: =SUMIFS(領用表!$L:$L,領用表!$E:$E,$B38,領用表!$B:$B,$DK$2&DP$2) -> 4 | DQ38: =SUM(CN38,CS38,CY38,DE38,DK38) -> 80 | DR38: =AVERAGEA(CN38,CS38,CY38,DE38,DK38) -> 16 | DS38: =SUM(DT38:DW38) -> 18 | DT38: 8 | DU38: 0 | DV38: 10 | DW38: 0 | DX38: 0 | ED38: =IFERROR(VLOOKUP(A38,站前4樓!A:BF,57,0),0) -> 4 | EE38: =IFERROR(VLOOKUP(A38,站前11樓!A:BE,57,0),0) -> 0 | EF38: =IFERROR(VLOOKUP(A38,忠孝7樓!A:N,57,0),0) -> 0 | EG38: =IFERROR(VLOOKUP(A38,忠孝國際醫學3樓!A:L,57,0),0) -> 0 | EH38: =SUM(ED38:EG38) -> 4 | EJ38: 13 | EK38: 8
A39: DP1AA050002E | B39: 6210007 | C39: 麗珠蘭REJURAN Tone-Up Booster白瓷水光 | D39: 3 | E39: SET | F39: =SUMIF(站前4樓!B:B,B39,站前4樓!F:F) -> 21 | G39: =SUMIF(站前11樓!B:B,B39,站前11樓!F:F) -> 0 | H39: =SUMIF(忠孝7樓!B:B,B39,忠孝7樓!G:G) -> 13 | I39: =SUMIF(忠孝國際醫學3樓!B:B,B39,忠孝國際醫學3樓!G:G) -> 0 | J39: =SUMIF(忠孝健康7樓!B:B,B39,忠孝健康7樓!G:G) -> 7 | AV39: - | AW39: - | AX39: - | AY39: - | AZ39: - | BA39: - | BB39: - | BC39: =SUMIFS(領用表!$L:$L,領用表!$A:$A,BC$2,領用表!$E:$E,B39) -> 0 | BD39: =SUMIFS(領用表!$L:$L,領用表!$E:$E,$B39,領用表!$B:$B,BC$2&BD$2) -> 0 | BE39: =SUMIFS(領用表!$L:$L,領用表!$E:$E,$B39,領用表!$B:$B,$BC$2&BE$2) -> 0 | BF39: =SUMIFS(領用表!$L:$L,領用表!$E:$E,$B39,領用表!$B:$B,$BC$2&BF$2) -> 0 | BG39: =SUMIFS(領用表!$L:$L,領用表!$E:$E,$B39,領用表!$B:$B,$BC$2&BG$2) -> 0 | BH39: =SUMIFS(領用表!$L:$L,領用表!$A:$A,BH$2,領用表!$E:$E,B39) -> 0 | BI39: =SUMIFS(領用表!$L:$L,領用表!$E:$E,$B39,領用表!$B:$B,BH$2&BI$2) -> 0 | BJ39: =SUMIFS(領用表!$L:$L,領用表!$E:$E,$B39,領用表!$B:$B,$BH$2&BJ$2) -> 0 | BK39: =SUMIFS(領用表!$L:$L,領用表!$E:$E,$B39,領用表!$B:$B,$BH$2&BK$2) -> 0 | BL39: =SUMIFS(領用表!$L:$L,領用表!$E:$E,$B39,領用表!$B:$B,$BH$2&BL$2) -> 0 | BM39: =SUMIFS(領用表!$L:$L,領用表!$A:$A,BM$2,領用表!$E:$E,B39) -> 13 | BN39: =SUMIFS(領用表!$L:$L,領用表!$E:$E,$B39,領用表!$B:$B,BM$2&BN$2) -> 4 | BO39: =SUMIFS(領用表!$L:$L,領用表!$E:$E,$B39,領用表!$B:$B,$BM$2&BO$2) -> 0 | BP39: =SUMIFS(領用表!$L:$L,領用表!$E:$E,$B39,領用表!$B:$B,$BM$2&BP$2) -> 9 | BQ39: =SUMIFS(領用表!$L:$L,領用表!$E:$E,$B39,領用表!$B:$B,$BM$2&BQ$2) -> 0 | BR39: =SUMIFS(領用表!$L:$L,領用表!$A:$A,BR$2,領用表!$E:$E,B39) -> 13 | BS39: =SUMIFS(領用表!$L:$L,領用表!$E:$E,$B39,領用表!$B:$B,BR$2&BS$2) -> 7 | BT39: =SUMIFS(領用表!$L:$L,領用表!$E:$E,$B39,領用表!$B:$B,$BR$2&BT$2) -> 0 | BU39: =SUMIFS(領用表!$L:$L,領用表!$E:$E,$B39,領用表!$B:$B,$BR$2&BU$2) -> 6 | BV39: =SUMIFS(領用表!$L:$L,領用表!$E:$E,$B39,領用表!$B:$B,$BR$2&BV$2) -> 0 | BW39: =SUMIFS(領用表!$L:$L,領用表!$A:$A,BW$2,領用表!$E:$E,B39) -> 13 | BX39: =SUMIFS(領用表!$L:$L,領用表!$E:$E,$B39,領用表!$B:$B,BW$2&BX$2) -> 8 | BY39: =SUMIFS(領用表!$L:$L,領用表!$E:$E,$B39,領用表!$B:$B,$BW$2&BY$2) -> 0 | BZ39: =SUMIFS(領用表!$L:$L,領用表!$E:$E,$B39,領用表!$B:$B,$BW$2&BZ$2) -> 5 | CA39: =SUMIFS(領用表!$L:$L,領用表!$E:$E,$B39,領用表!$B:$B,$BW$2&CA$2) -> 0 | CB39: =SUMIFS(領用表!$L:$L,領用表!$A:$A,CB$2,領用表!$E:$E,B39) -> 6 | CC39: =SUMIFS(領用表!$L:$L,領用表!$E:$E,$B39,領用表!$B:$B,CB$2&CC$2) -> 4 | CD39: =SUMIFS(領用表!$L:$L,領用表!$E:$E,$B39,領用表!$B:$B,$CB$2&CD$2) -> 0 | CE39: =SUMIFS(領用表!$L:$L,領用表!$E:$E,$B39,領用表!$B:$B,$CB$2&CE$2) -> 2 | CF39: =SUMIFS(領用表!$L:$L,領用表!$E:$E,$B39,領用表!$B:$B,$CB$2&CF$2) -> 0 | CG39: =SUMIFS(領用表!$L:$L,領用表!$A:$A,CG$2,領用表!$E:$E,B39) -> 14 | CH39: =SUMIFS(領用表!$L:$L,領用表!$E:$E,$B39,領用表!$B:$B,CG$2&CH$2) -> 4 | CI39: =SUMIFS(領用表!$L:$L,領用表!$E:$E,$B39,領用表!$B:$B,CG$2&CI$2) -> 0 | CJ39: =SUMIFS(領用表!$L:$L,領用表!$E:$E,$B39,領用表!$B:$B,CG$2&CJ$2) -> 10 | CK39: =SUMIFS(領用表!$L:$L,領用表!$E:$E,$B39,領用表!$B:$B,$CG$2&CK$2) -> 0 | CL39: =SUM(AX39,AY39,AZ39,BA39,BB39,BC39,BH39,BM39,BR39,BW39,CB39,CG39) -> 59 | CM39: =AVERAGE(AX39,AY39,AZ39,BA39,BB39,BC39,BH39,BM39,BR39,BW39,CB39,CG39) -> 8.4285714 | CN39: =SUMIFS(領用表!$L:$L,領用表!$A:$A,CN$2,領用表!$E:$E,B39) -> 18 | CO39: =SUMIFS(領用表!$L:$L,領用表!$E:$E,$B39,領用表!$B:$B,CN$2&CO$2) -> 5 | CP39: =SUMIFS(領用表!$L:$L,領用表!$E:$E,$B39,領用表!$B:$B,$CN$2&CP$2) -> 0 | CQ39: =SUMIFS(領用表!$L:$L,領用表!$E:$E,$B39,領用表!$B:$B,$CN$2&CQ$2) -> 13 | CR39: =SUMIFS(領用表!$L:$L,領用表!$E:$E,$B39,領用表!$B:$B,$CN$2&CR$2) -> 0 | CS39: =SUMIFS(領用表!$L:$L,領用表!$A:$A,CS$2,領用表!$E:$E,B39) -> 9 | CT39: =SUMIFS(領用表!$L:$L,領用表!$E:$E,$B39,領用表!$B:$B,CS$2&CT$2) -> 3 | CU39: =SUMIFS(領用表!$L:$L,領用表!$E:$E,$B39,領用表!$B:$B,$CS$2&CU$2) -> 0 | CV39: =SUMIFS(領用表!$L:$L,領用表!$E:$E,$B39,領用表!$B:$B,$CS$2&CV$2) -> 6 | CW39: =SUMIFS(領用表!$L:$L,領用表!$E:$E,$B39,領用表!$B:$B,$CS$2&CW$2) -> 0 | CX39: =SUMIFS(領用表!$L:$L,領用表!$E:$E,$B39,領用表!$B:$B,$CS$2&CX$2) -> 0 | CY39: =SUMIFS(領用表!$L:$L,領用表!$A:$A,CY$2,領用表!$E:$E,B39) -> 9 | CZ39: =SUMIFS(領用表!$L:$L,領用表!$E:$E,$B39,領用表!$B:$B,CY$2&CZ$2) -> 5 | DA39: =SUMIFS(領用表!$L:$L,領用表!$E:$E,$B39,領用表!$B:$B,$CY$2&DA$2) -> 0 | DB39: =SUMIFS(領用表!$L:$L,領用表!$E:$E,$B39,領用表!$B:$B,$CY$2&DB$2) -> 2 | DC39: =SUMIFS(領用表!$L:$L,領用表!$E:$E,$B39,領用表!$B:$B,$CY$2&DC$2) -> 0 | DD39: =SUMIFS(領用表!$L:$L,領用表!$E:$E,$B39,領用表!$B:$B,$CY$2&DD$2) -> 2 | DE39: =SUMIFS(領用表!$L:$L,領用表!$A:$A,DE$2,領用表!$E:$E,B39) -> 7 | DF39: =SUMIFS(領用表!$L:$L,領用表!$E:$E,$B39,領用表!$B:$B,DE$2&DF$2) -> 5 | DG39: =SUMIFS(領用表!$L:$L,領用表!$E:$E,$B39,領用表!$B:$B,$DE$2&DG$2) -> 0 | DH39: =SUMIFS(領用表!$L:$L,領用表!$E:$E,$B39,領用表!$B:$B,$DE$2&DH$2) -> 0 | DI39: =SUMIFS(領用表!$L:$L,領用表!$E:$E,$B39,領用表!$B:$B,$DE$2&DI$2) -> 0 | DJ39: =SUMIFS(領用表!$L:$L,領用表!$E:$E,$B39,領用表!$B:$B,$DE$2&DJ$2) -> 2 | DK39: =SUMIFS(領用表!$L:$L,領用表!$A:$A,DK$2,領用表!$E:$E,$B39) -> 3 | DL39: =SUMIFS(領用表!$L:$L,領用表!$E:$E,$B39,領用表!$B:$B,DK$2&DL$2) -> 2 | DM39: =SUMIFS(領用表!$L:$L,領用表!$E:$E,$B39,領用表!$B:$B,$DK$2&DM$2) -> 0 | DN39: =SUMIFS(領用表!$L:$L,領用表!$E:$E,$B39,領用表!$B:$B,$DK$2&DN$2) -> 1 | DO39: =SUMIFS(領用表!$L:$L,領用表!$E:$E,$B39,領用表!$B:$B,$DK$2&DO$2) -> 0 | DP39: =SUMIFS(領用表!$L:$L,領用表!$E:$E,$B39,領用表!$B:$B,$DK$2&DP$2) -> 0 | DQ39: =SUM(CN39,CS39,CY39,DE39,DK39) -> 46 | DR39: =AVERAGEA(CN39,CS39,CY39,DE39,DK39) -> 9.2 | DS39: =SUM(DT39:DW39) -> 18 | DT39: 8 | DU39: 0 | DV39: 10 | DW39: 0 | DX39: 0 | ED39: =IFERROR(VLOOKUP(A39,站前4樓!A:BF,57,0),0) -> 4 | EE39: =IFERROR(VLOOKUP(A39,站前11樓!A:BE,57,0),0) -> 0 | EF39: =IFERROR(VLOOKUP(A39,忠孝7樓!A:N,57,0),0) -> 0 | EG39: =IFERROR(VLOOKUP(A39,忠孝國際醫學3樓!A:L,57,0),0) -> 0 | EH39: =SUM(ED39:EG39) -> 4 | EJ39: 9 | EK39: 6
A40: MP1MA020014A | B40: 6150010 | C40: 優美施豐潤 Neuramis Volume 1c.c/ 支 | D40: 1 | E40: PCS | F40: =SUMIF(站前4樓!B:B,B40,站前4樓!F:F) -> 47 | G40: =SUMIF(站前11樓!B:B,B40,站前11樓!F:F) -> 0 | H40: =SUMIF(忠孝7樓!B:B,B40,忠孝7樓!G:G) -> 74 | I40: =SUMIF(忠孝國際醫學3樓!B:B,B40,忠孝國際醫學3樓!G:G) -> 0 | J40: =SUMIF(忠孝健康7樓!B:B,B40,忠孝健康7樓!G:G) -> 15 | K40: 0 | L40: 0 | M40: 0 | N40: 0 | O40: 0 | P40: 0 | Q40: 0 | R40: 0 | S40: 0 | T40: 0 | U40: 0 | V40: 0 | W40: 0 | X40: 0 | Y40: 0 | Z40: 0 | AA40: 0 | AB40: 0 | AC40: 0 | AD40: 0 | AE40: 0 | AF40: 0 | AG40: 0 | AH40: 0 | AI40: 0 | AJ40: 0 | AK40: 0 | AL40: 0 | AM40: 0 | AN40: 0 | AO40: 39 | AP40: 36 | AQ40: 37 | AR40: 20 | AS40: 45 | AT40: 35 | AU40: 72 | AV40: =SUM(AJ40:AU40) -> 284 | AW40: =AV40/12 -> 23.666667 | AX40: 43 | AY40: 30 | AZ40: 48 | BA40: 96 | BB40: 93 | BC40: =SUMIFS(領用表!$L:$L,領用表!$A:$A,BC$2,領用表!$E:$E,B40) -> 72 | BD40: =SUMIFS(領用表!$L:$L,領用表!$E:$E,$B40,領用表!$B:$B,BC$2&BD$2) -> 72 | BE40: =SUMIFS(領用表!$L:$L,領用表!$E:$E,$B40,領用表!$B:$B,$BC$2&BE$2) -> 0 | BF40: =SUMIFS(領用表!$L:$L,領用表!$E:$E,$B40,領用表!$B:$B,$BC$2&BF$2) -> 0 | BG40: =SUMIFS(領用表!$L:$L,領用表!$E:$E,$B40,領用表!$B:$B,$BC$2&BG$2) -> 0 | BH40: =SUMIFS(領用表!$L:$L,領用表!$A:$A,BH$2,領用表!$E:$E,B40) -> 96 | BI40: =SUMIFS(領用表!$L:$L,領用表!$E:$E,$B40,領用表!$B:$B,BH$2&BI$2) -> 27 | BJ40: =SUMIFS(領用表!$L:$L,領用表!$E:$E,$B40,領用表!$B:$B,$BH$2&BJ$2) -> 0 | BK40: =SUMIFS(領用表!$L:$L,領用表!$E:$E,$B40,領用表!$B:$B,$BH$2&BK$2) -> 69 | BL40: =SUMIFS(領用表!$L:$L,領用表!$E:$E,$B40,領用表!$B:$B,$BH$2&BL$2) -> 0 | BM40: =SUMIFS(領用表!$L:$L,領用表!$A:$A,BM$2,領用表!$E:$E,B40) -> 105 | BN40: =SUMIFS(領用表!$L:$L,領用表!$E:$E,$B40,領用表!$B:$B,BM$2&BN$2) -> 34 | BO40: =SUMIFS(領用表!$L:$L,領用表!$E:$E,$B40,領用表!$B:$B,$BM$2&BO$2) -> 0 | BP40: =SUMIFS(領用表!$L:$L,領用表!$E:$E,$B40,領用表!$B:$B,$BM$2&BP$2) -> 71 | BQ40: =SUMIFS(領用表!$L:$L,領用表!$E:$E,$B40,領用表!$B:$B,$BM$2&BQ$2) -> 0 | BR40: =SUMIFS(領用表!$L:$L,領用表!$A:$A,BR$2,領用表!$E:$E,B40) -> 86 | BS40: =SUMIFS(領用表!$L:$L,領用表!$E:$E,$B40,領用表!$B:$B,BR$2&BS$2) -> 36 | BT40: =SUMIFS(領用表!$L:$L,領用表!$E:$E,$B40,領用表!$B:$B,$BR$2&BT$2) -> 0 | BU40: =SUMIFS(領用表!$L:$L,領用表!$E:$E,$B40,領用表!$B:$B,$BR$2&BU$2) -> 50 | BV40: =SUMIFS(領用表!$L:$L,領用表!$E:$E,$B40,領用表!$B:$B,$BR$2&BV$2) -> 0 | BW40: =SUMIFS(領用表!$L:$L,領用表!$A:$A,BW$2,領用表!$E:$E,B40) -> 90 | BX40: =SUMIFS(領用表!$L:$L,領用表!$E:$E,$B40,領用表!$B:$B,BW$2&BX$2) -> 43 | BY40: =SUMIFS(領用表!$L:$L,領用表!$E:$E,$B40,領用表!$B:$B,$BW$2&BY$2) -> 0 | BZ40: =SUMIFS(領用表!$L:$L,領用表!$E:$E,$B40,領用表!$B:$B,$BW$2&BZ$2) -> 47 | CA40: =SUMIFS(領用表!$L:$L,領用表!$E:$E,$B40,領用表!$B:$B,$BW$2&CA$2) -> 0 | CB40: =SUMIFS(領用表!$L:$L,領用表!$A:$A,CB$2,領用表!$E:$E,B40) -> 97 | CC40: =SUMIFS(領用表!$L:$L,領用表!$E:$E,$B40,領用表!$B:$B,CB$2&CC$2) -> 32 | CD40: =SUMIFS(領用表!$L:$L,領用表!$E:$E,$B40,領用表!$B:$B,$CB$2&CD$2) -> 0 | CE40: =SUMIFS(領用表!$L:$L,領用表!$E:$E,$B40,領用表!$B:$B,$CB$2&CE$2) -> 65 | CF40: =SUMIFS(領用表!$L:$L,領用表!$E:$E,$B40,領用表!$B:$B,$CB$2&CF$2) -> 0 | CG40: =SUMIFS(領用表!$L:$L,領用表!$A:$A,CG$2,領用表!$E:$E,B40) -> 91 | CH40: =SUMIFS(領用表!$L:$L,領用表!$E:$E,$B40,領用表!$B:$B,CG$2&CH$2) -> 43 | CI40: =SUMIFS(領用表!$L:$L,領用表!$E:$E,$B40,領用表!$B:$B,CG$2&CI$2) -> 0 | CJ40: =SUMIFS(領用表!$L:$L,領用表!$E:$E,$B40,領用表!$B:$B,CG$2&CJ$2) -> 48 | CK40: =SUMIFS(領用表!$L:$L,領用表!$E:$E,$B40,領用表!$B:$B,$CG$2&CK$2) -> 0 | CL40: =SUM(AX40,AY40,AZ40,BA40,BB40,BC40,BH40,BM40,BR40,BW40,CB40,CG40) -> 947 | CM40: =AVERAGE(AX40,AY40,AZ40,BA40,BB40,BC40,BH40,BM40,BR40,BW40,CB40,CG40) -> 78.916667 | CN40: =SUMIFS(領用表!$L:$L,領用表!$A:$A,CN$2,領用表!$E:$E,B40) -> 134 | CO40: =SUMIFS(領用表!$L:$L,領用表!$E:$E,$B40,領用表!$B:$B,CN$2&CO$2) -> 45 | CP40: =SUMIFS(領用表!$L:$L,領用表!$E:$E,$B40,領用表!$B:$B,$CN$2&CP$2) -> 0 | CQ40: =SUMIFS(領用表!$L:$L,領用表!$E:$E,$B40,領用表!$B:$B,$CN$2&CQ$2) -> 89 | CR40: =SUMIFS(領用表!$L:$L,領用表!$E:$E,$B40,領用表!$B:$B,$CN$2&CR$2) -> 0 | CS40: =SUMIFS(領用表!$L:$L,領用表!$A:$A,CS$2,領用表!$E:$E,B40) -> 123 | CT40: =SUMIFS(領用表!$L:$L,領用表!$E:$E,$B40,領用表!$B:$B,CS$2&CT$2) -> 37 | CU40: =SUMIFS(領用表!$L:$L,領用表!$E:$E,$B40,領用表!$B:$B,$CS$2&CU$2) -> 0 | CV40: =SUMIFS(領用表!$L:$L,領用表!$E:$E,$B40,領用表!$B:$B,$CS$2&CV$2) -> 81 | CW40: =SUMIFS(領用表!$L:$L,領用表!$E:$E,$B40,領用表!$B:$B,$CS$2&CW$2) -> 0 | CX40: =SUMIFS(領用表!$L:$L,領用表!$E:$E,$B40,領用表!$B:$B,$CS$2&CX$2) -> 5 | CY40: =SUMIFS(領用表!$L:$L,領用表!$A:$A,CY$2,領用表!$E:$E,B40) -> 116 | CZ40: =SUMIFS(領用表!$L:$L,領用表!$E:$E,$B40,領用表!$B:$B,CY$2&CZ$2) -> 44 | DA40: =SUMIFS(領用表!$L:$L,領用表!$E:$E,$B40,領用表!$B:$B,$CY$2&DA$2) -> 0 | DB40: =SUMIFS(領用表!$L:$L,領用表!$E:$E,$B40,領用表!$B:$B,$CY$2&DB$2) -> 49 | DC40: =SUMIFS(領用表!$L:$L,領用表!$E:$E,$B40,領用表!$B:$B,$CY$2&DC$2) -> 0 | DD40: =SUMIFS(領用表!$L:$L,領用表!$E:$E,$B40,領用表!$B:$B,$CY$2&DD$2) -> 23 | DE40: =SUMIFS(領用表!$L:$L,領用表!$A:$A,DE$2,領用表!$E:$E,B40) -> 91 | DF40: =SUMIFS(領用表!$L:$L,領用表!$E:$E,$B40,領用表!$B:$B,DE$2&DF$2) -> 31 | DG40: =SUMIFS(領用表!$L:$L,領用表!$E:$E,$B40,領用表!$B:$B,$DE$2&DG$2) -> 0 | DH40: =SUMIFS(領用表!$L:$L,領用表!$E:$E,$B40,領用表!$B:$B,$DE$2&DH$2) -> 24 | DI40: =SUMIFS(領用表!$L:$L,領用表!$E:$E,$B40,領用表!$B:$B,$DE$2&DI$2) -> 0 | DJ40: =SUMIFS(領用表!$L:$L,領用表!$E:$E,$B40,領用表!$B:$B,$DE$2&DJ$2) -> 36 | DK40: =SUMIFS(領用表!$L:$L,領用表!$A:$A,DK$2,領用表!$E:$E,$B40) -> 58 | DL40: =SUMIFS(領用表!$L:$L,領用表!$E:$E,$B40,領用表!$B:$B,DK$2&DL$2) -> 17 | DM40: =SUMIFS(領用表!$L:$L,領用表!$E:$E,$B40,領用表!$B:$B,$DK$2&DM$2) -> 0 | DN40: =SUMIFS(領用表!$L:$L,領用表!$E:$E,$B40,領用表!$B:$B,$DK$2&DN$2) -> 26 | DO40: =SUMIFS(領用表!$L:$L,領用表!$E:$E,$B40,領用表!$B:$B,$DK$2&DO$2) -> 0 | DP40: =SUMIFS(領用表!$L:$L,領用表!$E:$E,$B40,領用表!$B:$B,$DK$2&DP$2) -> 15 | DQ40: =SUM(CN40,CS40,CY40,DE40,DK40) -> 522 | DR40: =AVERAGEA(CN40,CS40,CY40,DE40,DK40) -> 104.4 | DS40: =SUM(DT40:DW40) -> 130 | DT40: 50 | DU40: 0 | DV40: 80 | DW40: 0 | DX40: 50 | DZ40: 35盒(10/21) | EA40: 40盒(10/21) | ED40: =IFERROR(VLOOKUP(A40,站前4樓!A:BF,57,0),0) -> 32 | EE40: =IFERROR(VLOOKUP(A40,站前11樓!A:BE,57,0),0) -> 0 | EF40: =IFERROR(VLOOKUP(A40,忠孝7樓!A:N,57,0),0) -> 0 | EG40: =IFERROR(VLOOKUP(A40,忠孝國際醫學3樓!A:L,57,0),0) -> 0 | EH40: =SUM(ED40:EG40) -> 32 | EJ40: 39 | EK40: 38
A41: MP1MA020018A | B41: 6150011 | C41: 優美施豐潤 Neuramis Deep Lidocaine 1c.c/ 支 | D41: 1 | E41: PCS | F41: =SUMIF(站前4樓!B:B,B41,站前4樓!F:F) -> 5 | G41: =SUMIF(站前11樓!B:B,B41,站前11樓!F:F) -> 0 | H41: =SUMIF(忠孝7樓!B:B,B41,忠孝7樓!G:G) -> 17 | I41: =SUMIF(忠孝國際醫學3樓!B:B,B41,忠孝國際醫學3樓!G:G) -> 0 | J41: =SUMIF(忠孝健康7樓!B:B,B41,忠孝健康7樓!G:G) -> 20 | K41: 0 | L41: 0 | M41: 0 | N41: 0 | O41: 0 | P41: 0 | Q41: 0 | R41: 0 | S41: 0 | T41: 0 | U41: 0 | V41: 0 | W41: 0 | X41: 0 | Y41: 0 | Z41: 0 | AA41: 0 | AB41: 0 | AC41: 0 | AD41: 0 | AE41: 0 | AF41: 0 | AG41: 0 | AH41: 0 | AI41: 0 | AJ41: 0 | AK41: 0 | AL41: 0 | AM41: 0 | AN41: 0 | AO41: 0 | AP41: 0 | AQ41: 0 | AR41: 0 | AS41: 0 | AT41: 0 | AU41: 5.5 | AV41: =SUM(AJ41:AU41) -> 5.5 | AW41: =AV41/12 -> 0.45833333 | AX41: 2 | AY41: 5 | AZ41: 4 | BA41: 18 | BB41: 9 | BC41: =SUMIFS(領用表!$L:$L,領用表!$A:$A,BC$2,領用表!$E:$E,B41) -> 10 | BD41: =SUMIFS(領用表!$L:$L,領用表!$E:$E,$B41,領用表!$B:$B,BC$2&BD$2) -> 10 | BE41: =SUMIFS(領用表!$L:$L,領用表!$E:$E,$B41,領用表!$B:$B,$BC$2&BE$2) -> 0 | BF41: =SUMIFS(領用表!$L:$L,領用表!$E:$E,$B41,領用表!$B:$B,$BC$2&BF$2) -> 0 | BG41: =SUMIFS(領用表!$L:$L,領用表!$E:$E,$B41,領用表!$B:$B,$BC$2&BG$2) -> 0 | BH41: =SUMIFS(領用表!$L:$L,領用表!$A:$A,BH$2,領用表!$E:$E,B41) -> 10 | BI41: =SUMIFS(領用表!$L:$L,領用表!$E:$E,$B41,領用表!$B:$B,BH$2&BI$2) -> 4 | BJ41: =SUMIFS(領用表!$L:$L,領用表!$E:$E,$B41,領用表!$B:$B,$BH$2&BJ$2) -> 0 | BK41: =SUMIFS(領用表!$L:$L,領用表!$E:$E,$B41,領用表!$B:$B,$BH$2&BK$2) -> 6 | BL41: =SUMIFS(領用表!$L:$L,領用表!$E:$E,$B41,領用表!$B:$B,$BH$2&BL$2) -> 0 | BM41: =SUMIFS(領用表!$L:$L,領用表!$A:$A,BM$2,領用表!$E:$E,B41) -> 17 | BN41: =SUMIFS(領用表!$L:$L,領用表!$E:$E,$B41,領用表!$B:$B,BM$2&BN$2) -> 7 | BO41: =SUMIFS(領用表!$L:$L,領用表!$E:$E,$B41,領用表!$B:$B,$BM$2&BO$2) -> 0 | BP41: =SUMIFS(領用表!$L:$L,領用表!$E:$E,$B41,領用表!$B:$B,$BM$2&BP$2) -> 10 | BQ41: =SUMIFS(領用表!$L:$L,領用表!$E:$E,$B41,領用表!$B:$B,$BM$2&BQ$2) -> 0 | BR41: =SUMIFS(領用表!$L:$L,領用表!$A:$A,BR$2,領用表!$E:$E,B41) -> 9 | BS41: =SUMIFS(領用表!$L:$L,領用表!$E:$E,$B41,領用表!$B:$B,BR$2&BS$2) -> 3 | BT41: =SUMIFS(領用表!$L:$L,領用表!$E:$E,$B41,領用表!$B:$B,$BR$2&BT$2) -> 0 | BU41: =SUMIFS(領用表!$L:$L,領用表!$E:$E,$B41,領用表!$B:$B,$BR$2&BU$2) -> 6 | BV41: =SUMIFS(領用表!$L:$L,領用表!$E:$E,$B41,領用表!$B:$B,$BR$2&BV$2) -> 0 | BW41: =SUMIFS(領用表!$L:$L,領用表!$A:$A,BW$2,領用表!$E:$E,B41) -> 9 | BX41: =SUMIFS(領用表!$L:$L,領用表!$E:$E,$B41,領用表!$B:$B,BW$2&BX$2) -> 4 | BY41: =SUMIFS(領用表!$L:$L,領用表!$E:$E,$B41,領用表!$B:$B,$BW$2&BY$2) -> 0 | BZ41: =SUMIFS(領用表!$L:$L,領用表!$E:$E,$B41,領用表!$B:$B,$BW$2&BZ$2) -> 5 | CA41: =SUMIFS(領用表!$L:$L,領用表!$E:$E,$B41,領用表!$B:$B,$BW$2&CA$2) -> 0 | CB41: =SUMIFS(領用表!$L:$L,領用表!$A:$A,CB$2,領用表!$E:$E,B41) -> 14 | CC41: =SUMIFS(領用表!$L:$L,領用表!$E:$E,$B41,領用表!$B:$B,CB$2&CC$2) -> 2 | CD41: =SUMIFS(領用表!$L:$L,領用表!$E:$E,$B41,領用表!$B:$B,$CB$2&CD$2) -> 0 | CE41: =SUMIFS(領用表!$L:$L,領用表!$E:$E,$B41,領用表!$B:$B,$CB$2&CE$2) -> 12 | CF41: =SUMIFS(領用表!$L:$L,領用表!$E:$E,$B41,領用表!$B:$B,$CB$2&CF$2) -> 0 | CG41: =SUMIFS(領用表!$L:$L,領用表!$A:$A,CG$2,領用表!$E:$E,B41) -> 10 | CH41: =SUMIFS(領用表!$L:$L,領用表!$E:$E,$B41,領用表!$B:$B,CG$2&CH$2) -> 5 | CI41: =SUMIFS(領用表!$L:$L,領用表!$E:$E,$B41,領用表!$B:$B,CG$2&CI$2) -> 0 | CJ41: =SUMIFS(領用表!$L:$L,領用表!$E:$E,$B41,領用表!$B:$B,CG$2&CJ$2) -> 5 | CK41: =SUMIFS(領用表!$L:$L,領用表!$E:$E,$B41,領用表!$B:$B,$CG$2&CK$2) -> 0 | CL41: =SUM(AX41,AY41,AZ41,BA41,BB41,BC41,BH41,BM41,BR41,BW41,CB41,CG41) -> 117 | CM41: =AVERAGE(AX41,AY41,AZ41,BA41,BB41,BC41,BH41,BM41,BR41,BW41,CB41,CG41) -> 9.75 | CN41: =SUMIFS(領用表!$L:$L,領用表!$A:$A,CN$2,領用表!$E:$E,B41) -> 21 | CO41: =SUMIFS(領用表!$L:$L,領用表!$E:$E,$B41,領用表!$B:$B,CN$2&CO$2) -> 1 | CP41: =SUMIFS(領用表!$L:$L,領用表!$E:$E,$B41,領用表!$B:$B,$CN$2&CP$2) -> 0 | CQ41: =SUMIFS(領用表!$L:$L,領用表!$E:$E,$B41,領用表!$B:$B,$CN$2&CQ$2) -> 20 | CR41: =SUMIFS(領用表!$L:$L,領用表!$E:$E,$B41,領用表!$B:$B,$CN$2&CR$2) -> 0 | CS41: =SUMIFS(領用表!$L:$L,領用表!$A:$A,CS$2,領用表!$E:$E,B41) -> 12 | CT41: =SUMIFS(領用表!$L:$L,領用表!$E:$E,$B41,領用表!$B:$B,CS$2&CT$2) -> 5 | CU41: =SUMIFS(領用表!$L:$L,領用表!$E:$E,$B41,領用表!$B:$B,$CS$2&CU$2) -> 0 | CV41: =SUMIFS(領用表!$L:$L,領用表!$E:$E,$B41,領用表!$B:$B,$CS$2&CV$2) -> 7 | CW41: =SUMIFS(領用表!$L:$L,領用表!$E:$E,$B41,領用表!$B:$B,$CS$2&CW$2) -> 0 | CX41: =SUMIFS(領用表!$L:$L,領用表!$E:$E,$B41,領用表!$B:$B,$CS$2&CX$2) -> 0 | CY41: =SUMIFS(領用表!$L:$L,領用表!$A:$A,CY$2,領用表!$E:$E,B41) -> 9 | CZ41: =SUMIFS(領用表!$L:$L,領用表!$E:$E,$B41,領用表!$B:$B,CY$2&CZ$2) -> 4 | DA41: =SUMIFS(領用表!$L:$L,領用表!$E:$E,$B41,領用表!$B:$B,$CY$2&DA$2) -> 0 | DB41: =SUMIFS(領用表!$L:$L,領用表!$E:$E,$B41,領用表!$B:$B,$CY$2&DB$2) -> 4 | DC41: =SUMIFS(領用表!$L:$L,領用表!$E:$E,$B41,領用表!$B:$B,$CY$2&DC$2) -> 0 | DD41: =SUMIFS(領用表!$L:$L,領用表!$E:$E,$B41,領用表!$B:$B,$CY$2&DD$2) -> 1 | DE41: =SUMIFS(領用表!$L:$L,領用表!$A:$A,DE$2,領用表!$E:$E,B41) -> 4 | DF41: =SUMIFS(領用表!$L:$L,領用表!$E:$E,$B41,領用表!$B:$B,DE$2&DF$2) -> 0 | DG41: =SUMIFS(領用表!$L:$L,領用表!$E:$E,$B41,領用表!$B:$B,$DE$2&DG$2) -> 0 | DH41: =SUMIFS(領用表!$L:$L,領用表!$E:$E,$B41,領用表!$B:$B,$DE$2&DH$2) -> 3 | DI41: =SUMIFS(領用表!$L:$L,領用表!$E:$E,$B41,領用表!$B:$B,$DE$2&DI$2) -> 0 | DJ41: =SUMIFS(領用表!$L:$L,領用表!$E:$E,$B41,領用表!$B:$B,$DE$2&DJ$2) -> 1 | DK41: =SUMIFS(領用表!$L:$L,領用表!$A:$A,DK$2,領用表!$E:$E,$B41) -> 11 | DL41: =SUMIFS(領用表!$L:$L,領用表!$E:$E,$B41,領用表!$B:$B,DK$2&DL$2) -> 0 | DM41: =SUMIFS(領用表!$L:$L,領用表!$E:$E,$B41,領用表!$B:$B,$DK$2&DM$2) -> 0 | DN41: =SUMIFS(領用表!$L:$L,領用表!$E:$E,$B41,領用表!$B:$B,$DK$2&DN$2) -> 7 | DO41: =SUMIFS(領用表!$L:$L,領用表!$E:$E,$B41,領用表!$B:$B,$DK$2&DO$2) -> 0 | DP41: =SUMIFS(領用表!$L:$L,領用表!$E:$E,$B41,領用表!$B:$B,$DK$2&DP$2) -> 4 | DQ41: =SUM(CN41,CS41,CY41,DE41,DK41) -> 57 | DR41: =AVERAGEA(CN41,CS41,CY41,DE41,DK41) -> 11.4 | DS41: =SUM(DT41:DW41) -> 20 | DT41: 5 | DU41: 0 | DV41: 15 | DW41: 0 | DX41: 15 | ED41: =IFERROR(VLOOKUP(A41,站前4樓!A:BF,57,0),0) -> 2 | EE41: =IFERROR(VLOOKUP(A41,站前11樓!A:BE,57,0),0) -> 0 | EF41: =IFERROR(VLOOKUP(A41,忠孝7樓!A:N,57,0),0) -> 0 | EG41: =IFERROR(VLOOKUP(A41,忠孝國際醫學3樓!A:L,57,0),0) -> 0 | EH41: =SUM(ED41:EG41) -> 2 | EJ41: 5 | EK41: 38
