Workbook

Sheet Summary
A1: *自2025/1起調整為最小單位(發/點/支) | BA1: Actual:填入買賣大表"耗療數量"
A2: 料件編號 新 | B2: 凱惠料號 | C2: 品名 | D2: 盒入數 | E2: 庫存 單位 | F2: 46181 | K2: 44531 | L2: 44562 | M2: 44593 | N2: 44621 | O2: 44652 | P2: 44682 | Q2: 44713 | R2: 44743 | S2: 44774 | T2: 44805 | U2: 44835 | V2: 44866 | W2: 44896 | X2: 44927 | Y2: 44958 | Z2: 44986 | AA2: 45017 | AB2: 45047 | AC2: 45078 | AD2: 45108 | AE2: 45139 | AF2: 45170 | AG2: 45200 | AH2: 45231 | AI2: 45261 | AJ2: 45292 | AK2: 45323 | AL2: 45352 | AM2: 45383 | AN2: 45413 | AO2: 45444 | AP2: 45474 | AQ2: 45505 | AR2: 45536 | AS2: 45566 | AT2: 45597 | AU2: 45627 | AV2: 2024 總銷量 (盒裝) | AW2: 2024 月均銷 (盒裝) | AX2: 45658 | AY2: 45689 | AZ2: 45717 | BA2: 45748 | BB2: 45778 | BC2: 2025/06 | BD2: 站前4樓 | BE2: 站前11樓 | BF2: 忠孝7樓 | BG2: 忠孝國際醫學3樓 | BH2: 2025/07 | BI2: 站前4樓 | BJ2: 站前11樓 | BK2: 忠孝7樓 | BL2: 忠孝國際醫學3樓 | BM2: 2025/08 | BN2: 站前4樓 | BO2: 站前11樓 | BP2: 忠孝7樓 | BQ2: 忠孝國際醫學3樓 | BR2: 2025/09 | BS2: 站前4樓 | BT2: 站前11樓 | BU2: 忠孝7樓 | BV2: 忠孝國際醫學3樓 | BW2: 2025/10 | BX2: 站前4樓 | BY2: 站前11樓 | BZ2: 忠孝7樓 | CA2: 忠孝國際醫學3樓 | CB2: 2025/11 | CC2: 站前4樓 | CD2: 站前11樓 | CE2: 忠孝7樓 | CF2: 忠孝國際醫學3樓 | CG2: 2025/12 | CH2: 站前4樓 | CI2: 站前11樓 | CJ2: 忠孝7樓 | CK2: 忠孝國際醫學3樓 | CL2: 2025 總銷量 (單支/條/點) | CM2: 2025 月均銷 (單支/條/點) | CN2: 2026/01 | CO2: 站前4樓 | CP2: 站前11樓 | CQ2: 忠孝7樓 | CR2: 忠孝國際醫學3樓 | CS2: 2026/02 | CT2: 站前4樓 | CU2: 站前11樓 | CV2: 忠孝7樓 | CW2: 忠孝國際醫學3樓 | CX2: 忠孝健康7樓 | CY2: 2026/03 | CZ2: 站前4樓 | DA2: 站前11樓 | DB2: 忠孝7樓 | DC2: 忠孝國際醫學3樓 | DD2: 忠孝健康7樓 | DE2: 2026/04 | DF2: 站前4樓 | DG2: 站前11樓 | DH2: 忠孝7樓 | DI2: 忠孝國際醫學3樓 | DJ2: 忠孝健康7樓 | DK2: 2026/05 | DL2: 站前4樓 | DM2: 站前11樓 | DN2: 忠孝7樓 | DO2: 忠孝國際醫學3樓 | DP2: 忠孝健康7樓 | DQ2: 2026/06 | DR2: 站前4樓 | DS2: 站前11樓 | DT2: 忠孝7樓 | DU2: 忠孝國際醫學3樓 | DV2: 忠孝健康7樓 | DW2: 2026 總銷量 (單支/條/點) | DX2: 2026 月均銷 (單支/條/點) | DY2: 2026/06 | DZ2: 站前4樓 | EA2: 站前11樓 | EB2: 忠孝7樓 | EC2: 忠孝國際醫學3樓 | ED2: 安庫 | EE2: 已簽約 寄庫數量 | EF2: 10/17在途 | EH2: 備註 | EJ2: 站前4樓 | EK2: 站前11樓 | EL2: 忠孝7樓 | EM2: 忠孝國際醫學3樓
F3: 站前4樓 庫存 | G3: 站前11樓 庫存 | H3: 忠孝7樓 庫存 | I3: 忠孝國際 醫學3樓 庫存 | J3: 忠孝健康7樓 庫存 | K3: Actual | L3: Actual | M3: Actual | N3: Actual | O3: Actual | P3: Actual | Q3: Actual | R3: Actual | S3: Actual | T3: Actual | U3: Actual | V3: Actual | W3: Actual | X3: Actual | Y3: Actual | Z3: Actual | AA3: Actual | AB3: Actual | AC3: Actual | AD3: Actual | AE3: Actual | AF3: Actual | AG3: Actual | AH3: Actual | AI3: Actual | AJ3: Actual | AK3: Actual | AL3: Actual | AM3: Actual | AN3: Actual | AO3: Actual | AP3: Actual | AQ3: Actual | AR3: Actual | AS3: Actual | AT3: Actual | AU3: Actual | AX3: Actual | AY3: Actual | AZ3: Actual | BA3: Actual | BB3: Actual | BC3: Actual | BD3: Actual | BE3: Actual | BF3: Actual | BG3: Actual | BH3: Actual | BI3: Actual | BJ3: Actual | BK3: Actual | BL3: Actual | BM3: Actual | BN3: Actual | BO3: Actual | BP3: Actual | BQ3: Actual | BR3: Actual | BS3: Actual | BT3: Actual | BU3: Actual | BV3: Actual | BW3: Actual | BX3: Actual | BY3: Actual | BZ3: Actual | CA3: Actual | CB3: Actual | CC3: Actual | CD3: Actual | CE3: Actual | CF3: Actual | CG3: Actual | CH3: Actual | CI3: Actual | CJ3: Actual | CK3: Actual | CN3: Actual | CO3: Actual | CP3: Actual | CQ3: Actual | CR3: Actual | CS3: Actual | CT3: Actual | CU3: Actual | CV3: Actual | CW3: Actual | CX3: Actual | CY3: Actual | CZ3: Actual | DA3: Actual | DB3: Actual | DC3: Actual | DD3: Actual | DE3: Actual | DF3: Actual | DG3: Actual | DH3: Actual | DI3: Actual | DJ3: Actual | DK3: Actual | DL3: Actual | DM3: Actual | DN3: Actual | DO3: Actual | DP3: Actual | DQ3: Actual | DR3: Actual | DS3: Actual | DT3: Actual | DU3: Actual | DV3: Actual | DY3: Forecast | DZ3: Forecast | EA3: Forecast | EB3: Forecast | EC3: Forecast | EF3: 站前診所 | EG3: 忠孝診所 | EJ3: Forecast | EK3: Forecast | EL3: Forecast | EM3: Forecast
A4: MP1MA020019A | B4: 6150001 | C4: 喬雅登豐麗緹玻尿酸植入物Voluma 1ml/ syringe(1支) | D4: 2 | E4: PCS | F4: =SUMIF(站前4樓!B:B,B4,站前4樓!F:F) | G4: =SUMIF(站前11樓!B:B,B4,站前11樓!F:F) | H4: =SUMIF(忠孝7樓!B:B,B4,忠孝7樓!G:G) | I4: =SUMIF(忠孝國際醫學3樓!B:B,B4,忠孝國際醫學3樓!G:G) | J4: =SUMIF(忠孝健康7樓!B:B,B4,忠孝健康7樓!G:G) | K4: 3 | L4: 3 | M4: 2 | N4: 5 | O4: 4 | P4: 6 | Q4: 0 | R4: 0 | S4: 14 | T4: 0 | U4: 6 | V4: 6 | W4: 20 | X4: 4 | Y4: 3 | Z4: 0 | AA4: 2 | AB4: 1 | AC4: 9 | AD4: 16 | AE4: 2 | AF4: 3 | AG4: 3 | AH4: 2 | AI4: 6 | AJ4: 7.5 | AK4: 6.5 | AL4: 11 | AM4: 11.5 | AN4: 11.5 | AO4: 21 | AP4: 9.5 | AQ4: 11 | AR4: 17 | AS4: 8.5 | AT4: 19.5 | AU4: 18 | AV4: =SUM(AJ4:AU4) | AW4: =AV4/12 | AX4: 64 | AY4: 29 | AZ4: 54 | BA4: 60 | BB4: 75 | BC4: =SUMIFS(領用表!$L:$L,領用表!$A:$A,BC$2,領用表!$E:$E,B4) | BD4: =SUMIFS(領用表!$L:$L,領用表!$E:$E,$B4,領用表!$B:$B,BC$2&BD$2) | BE4: =SUMIFS(領用表!$L:$L,領用表!$E:$E,$B4,領用表!$B:$B,$BC$2&BE$2) | BF4: =SUMIFS(領用表!$L:$L,領用表!$E:$E,$B4,領用表!$B:$B,$BC$2&BF$2) | BG4: =SUMIFS(領用表!$L:$L,領用表!$E:$E,$B4,領用表!$B:$B,$BC$2&BG$2) | BH4: =SUMIFS(領用表!$L:$L,領用表!$A:$A,BH$2,領用表!$E:$E,B4) | BI4: =SUMIFS(領用表!$L:$L,領用表!$E:$E,$B4,領用表!$B:$B,BH$2&BI$2) | BJ4: =SUMIFS(領用表!$L:$L,領用表!$E:$E,$B4,領用表!$B:$B,$BH$2&BJ$2) | BK4: =SUMIFS(領用表!$L:$L,領用表!$E:$E,$B4,領用表!$B:$B,$BH$2&BK$2) | BL4: =SUMIFS(領用表!$L:$L,領用表!$E:$E,$B4,領用表!$B:$B,$BH$2&BL$2) | BM4: =SUMIFS(領用表!$L:$L,領用表!$A:$A,BM$2,領用表!$E:$E,B4) | BN4: =SUMIFS(領用表!$L:$L,領用表!$E:$E,$B4,領用表!$B:$B,BM$2&BN$2) | BO4: =SUMIFS(領用表!$L:$L,領用表!$E:$E,$B4,領用表!$B:$B,$BM$2&BO$2) | BP4: =SUMIFS(領用表!$L:$L,領用表!$E:$E,$B4,領用表!$B:$B,$BM$2&BP$2) | BQ4: =SUMIFS(領用表!$L:$L,領用表!$E:$E,$B4,領用表!$B:$B,$BM$2&BQ$2) | BR4: =SUMIFS(領用表!$L:$L,領用表!$A:$A,BR$2,領用表!$E:$E,B4) | BS4: =SUMIFS(領用表!$L:$L,領用表!$E:$E,$B4,領用表!$B:$B,BR$2&BS$2) | BT4: =SUMIFS(領用表!$L:$L,領用表!$E:$E,$B4,領用表!$B:$B,$BR$2&BT$2) | BU4: =SUMIFS(領用表!$L:$L,領用表!$E:$E,$B4,領用表!$B:$B,$BR$2&BU$2) | BV4: =SUMIFS(領用表!$L:$L,領用表!$E:$E,$B4,領用表!$B:$B,$BR$2&BV$2) | BW4: =SUMIFS(領用表!$L:$L,領用表!$A:$A,BW$2,領用表!$E:$E,B4) | BX4: =SUMIFS(領用表!$L:$L,領用表!$E:$E,$B4,領用表!$B:$B,BW$2&BX$2) | BY4: =SUMIFS(領用表!$L:$L,領用表!$E:$E,$B4,領用表!$B:$B,$BW$2&BY$2) | BZ4: =SUMIFS(領用表!$L:$L,領用表!$E:$E,$B4,領用表!$B:$B,$BW$2&BZ$2) | CA4: =SUMIFS(領用表!$L:$L,領用表!$E:$E,$B4,領用表!$B:$B,$BW$2&CA$2) | CB4: =SUMIFS(領用表!$L:$L,領用表!$A:$A,CB$2,領用表!$E:$E,B4) | CC4: =SUMIFS(領用表!$L:$L,領用表!$E:$E,$B4,領用表!$B:$B,CB$2&CC$2) | CD4: =SUMIFS(領用表!$L:$L,領用表!$E:$E,$B4,領用表!$B:$B,$CB$2&CD$2) | CE4: =SUMIFS(領用表!$L:$L,領用表!$E:$E,$B4,領用表!$B:$B,$CB$2&CE$2) | CF4: =SUMIFS(領用表!$L:$L,領用表!$E:$E,$B4,領用表!$B:$B,$CB$2&CF$2) | CG4: =SUMIFS(領用表!$L:$L,領用表!$A:$A,CG$2,領用表!$E:$E,B4) | CH4: =SUMIFS(領用表!$L:$L,領用表!$E:$E,$B4,領用表!$B:$B,CG$2&CH$2) | CI4: =SUMIFS(領用表!$L:$L,領用表!$E:$E,$B4,領用表!$B:$B,CG$2&CI$2) | CJ4: =SUMIFS(領用表!$L:$L,領用表!$E:$E,$B4,領用表!$B:$B,CG$2&CJ$2) | CK4: =SUMIFS(領用表!$L:$L,領用表!$E:$E,$B4,領用表!$B:$B,$CG$2&CK$2) | CL4: =SUM(AX4,AY4,AZ4,BA4,BB4,BC4,BH4,BM4,BR4,BW4,CB4,CG4) | CM4: =AVERAGE(AX4,AY4,AZ4,BA4,BB4,BC4,BH4,BM4,BR4,BW4,CB4,CG4) | CN4: =SUMIFS(領用表!$L:$L,領用表!$A:$A,CN$2,領用表!$E:$E,B4) | CO4: =SUMIFS(領用表!$L:$L,領用表!$E:$E,$B4,領用表!$B:$B,CN$2&CO$2) | CP4: =SUMIFS(領用表!$L:$L,領用表!$E:$E,$B4,領用表!$B:$B,$CN$2&CP$2) | CQ4: =SUMIFS(領用表!$L:$L,領用表!$E:$E,$B4,領用表!$B:$B,$CN$2&CQ$2) | CR4: =SUMIFS(領用表!$L:$L,領用表!$E:$E,$B4,領用表!$B:$B,$CN$2&CR$2) | CS4: =SUMIFS(領用表!$L:$L,領用表!$A:$A,CS$2,領用表!$E:$E,B4) | CT4: =SUMIFS(領用表!$L:$L,領用表!$E:$E,$B4,領用表!$B:$B,CS$2&CT$2) | CU4: =SUMIFS(領用表!$L:$L,領用表!$E:$E,$B4,領用表!$B:$B,$CS$2&CU$2) | CV4: =SUMIFS(領用表!$L:$L,領用表!$E:$E,$B4,領用表!$B:$B,$CS$2&CV$2) | CW4: =SUMIFS(領用表!$L:$L,領用表!$E:$E,$B4,領用表!$B:$B,$CS$2&CW$2) | CX4: =SUMIFS(領用表!$L:$L,領用表!$E:$E,$B4,領用表!$B:$B,$CS$2&CX$2) | CY4: =SUMIFS(領用表!$L:$L,領用表!$A:$A,CY$2,領用表!$E:$E,B4) | CZ4: =SUMIFS(領用表!$L:$L,領用表!$E:$E,$B4,領用表!$B:$B,CY$2&CZ$2) | DA4: =SUMIFS(領用表!$L:$L,領用表!$E:$E,$B4,領用表!$B:$B,$CY$2&DA$2) | DB4: =SUMIFS(領用表!$L:$L,領用表!$E:$E,$B4,領用表!$B:$B,$CY$2&DB$2) | DC4: =SUMIFS(領用表!$L:$L,領用表!$E:$E,$B4,領用表!$B:$B,$CY$2&DC$2) | DD4: =SUMIFS(領用表!$L:$L,領用表!$E:$E,$B4,領用表!$B:$B,$CY$2&DD$2) | DE4: =SUMIFS(領用表!$L:$L,領用表!$A:$A,DE$2,領用表!$E:$E,B4) | DF4: =SUMIFS(領用表!$L:$L,領用表!$E:$E,$B4,領用表!$B:$B,DE$2&DF$2) | DG4: =SUMIFS(領用表!$L:$L,領用表!$E:$E,$B4,領用表!$B:$B,$DE$2&DG$2) | DH4: =SUMIFS(領用表!$L:$L,領用表!$E:$E,$B4,領用表!$B:$B,$DE$2&DH$2) | DI4: =SUMIFS(領用表!$L:$L,領用表!$E:$E,$B4,領用表!$B:$B,$DE$2&DI$2) | DJ4: =SUMIFS(領用表!$L:$L,領用表!$E:$E,$B4,領用表!$B:$B,$DE$2&DJ$2) | DK4: =SUMIFS(領用表!$L:$L,領用表!$A:$A,DK$2,領用表!$E:$E,$B4) | DL4: =SUMIFS(領用表!$L:$L,領用表!$E:$E,$B4,領用表!$B:$B,DK$2&DL$2) | DM4: =SUMIFS(領用表!$L:$L,領用表!$E:$E,$B4,領用表!$B:$B,$DK$2&DM$2) | DN4: =SUMIFS(領用表!$L:$L,領用表!$E:$E,$B4,領用表!$B:$B,$DK$2&DN$2) | DO4: =SUMIFS(領用表!$L:$L,領用表!$E:$E,$B4,領用表!$B:$B,$DK$2&DO$2) | DP4: =SUMIFS(領用表!$L:$L,領用表!$E:$E,$B4,領用表!$B:$B,$DK$2&DP$2) | DQ4: 91 | DR4: 42 | DT4: 34 | DV4: 15 | DW4: =SUM(CN4,CS4,CY4,DE4,DK4,DQ4) | DX4: =AVERAGEA(CN4,CS4,CY4,DE4,DK4,DQ4) | DY4: =SUM(DZ4:EC4) | DZ4: 120 | EA4: 0 | EB4: 120 | EC4: 0 | ED4: 50 | EE4: 0 | EF4: 40盒(10/21) | EG4: 10盒(10/21) | EJ4: =IFERROR(VLOOKUP(A4,站前4樓!A:BF,57,0),0) | EK4: =IFERROR(VLOOKUP(A4,站前11樓!A:BE,57,0),0) | EL4: =IFERROR(VLOOKUP(A4,忠孝7樓!A:N,57,0),0) | EM4: =IFERROR(VLOOKUP(A4,忠孝國際醫學3樓!A:L,57,0),0) | EN4: =SUM(ED4:EG4) | EP4: 61 | EQ4: 85
A5: MP1MA020020A | B5: 6150002 | C5: 喬雅登夢蓓菈玻尿酸植入物Volbella 1ml/ syringe(1支) | D5: 2 | E5: PCS | F5: =SUMIF(站前4樓!B:B,B5,站前4樓!F:F) | G5: =SUMIF(站前11樓!B:B,B5,站前11樓!F:F) | H5: =SUMIF(忠孝7樓!B:B,B5,忠孝7樓!G:G) | I5: =SUMIF(忠孝國際醫學3樓!B:B,B5,忠孝國際醫學3樓!G:G) | J5: =SUMIF(忠孝健康7樓!B:B,B5,忠孝健康7樓!G:G) | K5: 0 | L5: 3 | M5: 0 | N5: 3 | O5: 0 | P5: 0 | Q5: 0 | R5: 0 | S5: 3 | T5: 0 | U5: 2 | V5: 0 | W5: 2 | X5: 5 | Y5: 0 | Z5: 0 | AA5: 0 | AB5: 1 | AC5: 0 | AD5: 4 | AE5: 0 | AF5: 1 | AG5: 1 | AH5: 3 | AI5: 19 | AJ5: 4.5 | AK5: 0.5 | AL5: 3.5 | AM5: 0.5 | AN5: 3 | AO5: 5.5 | AP5: 4.5 | AQ5: 3.5 | AR5: 1 | AS5: 1 | AT5: 3 | AU5: 6 | AV5: =SUM(AJ5:AU5) | AW5: =AV5/12 | AX5: 11 | AY5: 2 | AZ5: 1 | BA5: 9 | BB5: 3 | BC5: =SUMIFS(領用表!$L:$L,領用表!$A:$A,BC$2,領用表!$E:$E,B5) | BD5: =SUMIFS(領用表!$L:$L,領用表!$E:$E,$B5,領用表!$B:$B,BC$2&BD$2) | BE5: =SUMIFS(領用表!$L:$L,領用表!$E:$E,$B5,領用表!$B:$B,$BC$2&BE$2) | BF5: =SUMIFS(領用表!$L:$L,領用表!$E:$E,$B5,領用表!$B:$B,$BC$2&BF$2) | BG5: =SUMIFS(領用表!$L:$L,領用表!$E:$E,$B5,領用表!$B:$B,$BC$2&BG$2) | BH5: =SUMIFS(領用表!$L:$L,領用表!$A:$A,BH$2,領用表!$E:$E,B5) | BI5: =SUMIFS(領用表!$L:$L,領用表!$E:$E,$B5,領用表!$B:$B,BH$2&BI$2) | BJ5: =SUMIFS(領用表!$L:$L,領用表!$E:$E,$B5,領用表!$B:$B,$BH$2&BJ$2) | BK5: =SUMIFS(領用表!$L:$L,領用表!$E:$E,$B5,領用表!$B:$B,$BH$2&BK$2) | BL5: =SUMIFS(領用表!$L:$L,領用表!$E:$E,$B5,領用表!$B:$B,$BH$2&BL$2) | BM5: =SUMIFS(領用表!$L:$L,領用表!$A:$A,BM$2,領用表!$E:$E,B5) | BN5: =SUMIFS(領用表!$L:$L,領用表!$E:$E,$B5,領用表!$B:$B,BM$2&BN$2) | BO5: =SUMIFS(領用表!$L:$L,領用表!$E:$E,$B5,領用表!$B:$B,$BM$2&BO$2) | BP5: =SUMIFS(領用表!$L:$L,領用表!$E:$E,$B5,領用表!$B:$B,$BM$2&BP$2) | BQ5: =SUMIFS(領用表!$L:$L,領用表!$E:$E,$B5,領用表!$B:$B,$BM$2&BQ$2) | BR5: =SUMIFS(領用表!$L:$L,領用表!$A:$A,BR$2,領用表!$E:$E,B5) | BS5: =SUMIFS(領用表!$L:$L,領用表!$E:$E,$B5,領用表!$B:$B,BR$2&BS$2) | BT5: =SUMIFS(領用表!$L:$L,領用表!$E:$E,$B5,領用表!$B:$B,$BR$2&BT$2) | BU5: =SUMIFS(領用表!$L:$L,領用表!$E:$E,$B5,領用表!$B:$B,$BR$2&BU$2) | BV5: =SUMIFS(領用表!$L:$L,領用表!$E:$E,$B5,領用表!$B:$B,$BR$2&BV$2) | BW5: =SUMIFS(領用表!$L:$L,領用表!$A:$A,BW$2,領用表!$E:$E,B5) | BX5: =SUMIFS(領用表!$L:$L,領用表!$E:$E,$B5,領用表!$B:$B,BW$2&BX$2) | BY5: =SUMIFS(領用表!$L:$L,領用表!$E:$E,$B5,領用表!$B:$B,$BW$2&BY$2) | BZ5: =SUMIFS(領用表!$L:$L,領用表!$E:$E,$B5,領用表!$B:$B,$BW$2&BZ$2) | CA5: =SUMIFS(領用表!$L:$L,領用表!$E:$E,$B5,領用表!$B:$B,$BW$2&CA$2) | CB5: =SUMIFS(領用表!$L:$L,領用表!$A:$A,CB$2,領用表!$E:$E,B5) | CC5: =SUMIFS(領用表!$L:$L,領用表!$E:$E,$B5,領用表!$B:$B,CB$2&CC$2) | CD5: =SUMIFS(領用表!$L:$L,領用表!$E:$E,$B5,領用表!$B:$B,$CB$2&CD$2) | CE5: =SUMIFS(領用表!$L:$L,領用表!$E:$E,$B5,領用表!$B:$B,$CB$2&CE$2) | CF5: =SUMIFS(領用表!$L:$L,領用表!$E:$E,$B5,領用表!$B:$B,$CB$2&CF$2) | CG5: =SUMIFS(領用表!$L:$L,領用表!$A:$A,CG$2,領用表!$E:$E,B5) | CH5: =SUMIFS(領用表!$L:$L,領用表!$E:$E,$B5,領用表!$B:$B,CG$2&CH$2) | CI5: =SUMIFS(領用表!$L:$L,領用表!$E:$E,$B5,領用表!$B:$B,CG$2&CI$2) | CJ5: =SUMIFS(領用表!$L:$L,領用表!$E:$E,$B5,領用表!$B:$B,CG$2&CJ$2) | CK5: =SUMIFS(領用表!$L:$L,領用表!$E:$E,$B5,領用表!$B:$B,$CG$2&CK$2) | CL5: =SUM(AX5,AY5,AZ5,BA5,BB5,BC5,BH5,BM5,BR5,BW5,CB5,CG5) | CM5: =AVERAGE(AX5,AY5,AZ5,BA5,BB5,BC5,BH5,BM5,BR5,BW5,CB5,CG5) | CN5: =SUMIFS(領用表!$L:$L,領用表!$A:$A,CN$2,領用表!$E:$E,B5) | CO5: =SUMIFS(領用表!$L:$L,領用表!$E:$E,$B5,領用表!$B:$B,CN$2&CO$2) | CP5: =SUMIFS(領用表!$L:$L,領用表!$E:$E,$B5,領用表!$B:$B,$CN$2&CP$2) | CQ5: =SUMIFS(領用表!$L:$L,領用表!$E:$E,$B5,領用表!$B:$B,$CN$2&CQ$2) | CR5: =SUMIFS(領用表!$L:$L,領用表!$E:$E,$B5,領用表!$B:$B,$CN$2&CR$2) | CS5: =SUMIFS(領用表!$L:$L,領用表!$A:$A,CS$2,領用表!$E:$E,B5) | CT5: =SUMIFS(領用表!$L:$L,領用表!$E:$E,$B5,領用表!$B:$B,CS$2&CT$2) | CU5: =SUMIFS(領用表!$L:$L,領用表!$E:$E,$B5,領用表!$B:$B,$CS$2&CU$2) | CV5: =SUMIFS(領用表!$L:$L,領用表!$E:$E,$B5,領用表!$B:$B,$CS$2&CV$2) | CW5: =SUMIFS(領用表!$L:$L,領用表!$E:$E,$B5,領用表!$B:$B,$CS$2&CW$2) | CX5: =SUMIFS(領用表!$L:$L,領用表!$E:$E,$B5,領用表!$B:$B,$CS$2&CX$2) | CY5: =SUMIFS(領用表!$L:$L,領用表!$A:$A,CY$2,領用表!$E:$E,B5) | CZ5: =SUMIFS(領用表!$L:$L,領用表!$E:$E,$B5,領用表!$B:$B,CY$2&CZ$2) | DA5: =SUMIFS(領用表!$L:$L,領用表!$E:$E,$B5,領用表!$B:$B,$CY$2&DA$2) | DB5: =SUMIFS(領用表!$L:$L,領用表!$E:$E,$B5,領用表!$B:$B,$CY$2&DB$2) | DC5: =SUMIFS(領用表!$L:$L,領用表!$E:$E,$B5,領用表!$B:$B,$CY$2&DC$2) | DD5: =SUMIFS(領用表!$L:$L,領用表!$E:$E,$B5,領用表!$B:$B,$CY$2&DD$2) | DE5: =SUMIFS(領用表!$L:$L,領用表!$A:$A,DE$2,領用表!$E:$E,B5) | DF5: =SUMIFS(領用表!$L:$L,領用表!$E:$E,$B5,領用表!$B:$B,DE$2&DF$2) | DG5: =SUMIFS(領用表!$L:$L,領用表!$E:$E,$B5,領用表!$B:$B,$DE$2&DG$2) | DH5: =SUMIFS(領用表!$L:$L,領用表!$E:$E,$B5,領用表!$B:$B,$DE$2&DH$2) | DI5: =SUMIFS(領用表!$L:$L,領用表!$E:$E,$B5,領用表!$B:$B,$DE$2&DI$2) | DJ5: =SUMIFS(領用表!$L:$L,領用表!$E:$E,$B5,領用表!$B:$B,$DE$2&DJ$2) | DK5: =SUMIFS(領用表!$L:$L,領用表!$A:$A,DK$2,領用表!$E:$E,$B5) | DL5: =SUMIFS(領用表!$L:$L,領用表!$E:$E,$B5,領用表!$B:$B,DK$2&DL$2) | DM5: =SUMIFS(領用表!$L:$L,領用表!$E:$E,$B5,領用表!$B:$B,$DK$2&DM$2) | DN5: =SUMIFS(領用表!$L:$L,領用表!$E:$E,$B5,領用表!$B:$B,$DK$2&DN$2) | DO5: =SUMIFS(領用表!$L:$L,領用表!$E:$E,$B5,領用表!$B:$B,$DK$2&DO$2) | DP5: =SUMIFS(領用表!$L:$L,領用表!$E:$E,$B5,領用表!$B:$B,$DK$2&DP$2) | DQ5: 8 | DR5: 3 | DT5: 1 | DV5: 4 | DW5: =SUM(CN5,CS5,CY5,DE5,DK5,DQ5) | DX5: =AVERAGEA(CN5,CS5,CY5,DE5,DK5,DQ5) | DY5: =SUM(DZ5:EC5) | DZ5: 8 | EA5: 0 | EB5: 25 | EC5: 0 | ED5: 10 | EE5: 0 | EG5: 10盒(10/21) | EJ5: =IFERROR(VLOOKUP(A5,站前4樓!A:BF,57,0),0) | EK5: =IFERROR(VLOOKUP(A5,站前11樓!A:BE,57,0),0) | EL5: =IFERROR(VLOOKUP(A5,忠孝7樓!A:N,57,0),0) | EM5: =IFERROR(VLOOKUP(A5,忠孝國際醫學3樓!A:L,57,0),0) | EN5: =SUM(ED5:EG5) | EP5: 19 | EQ5: 8
A6: MP1MA020021A | B6: 6150003 | C6: 喬雅登豐麗緹玻尿酸植入物Volift 1ml/ syringe(1支) | D6: 2 | E6: PCS | F6: =SUMIF(站前4樓!B:B,B6,站前4樓!F:F) | G6: =SUMIF(站前11樓!B:B,B6,站前11樓!F:F) | H6: =SUMIF(忠孝7樓!B:B,B6,忠孝7樓!G:G) | I6: =SUMIF(忠孝國際醫學3樓!B:B,B6,忠孝國際醫學3樓!G:G) | J6: =SUMIF(忠孝健康7樓!B:B,B6,忠孝健康7樓!G:G) | K6: 1 | L6: 1 | M6: 0 | N6: 0 | O6: 2 | P6: 1 | Q6: 0 | R6: 0 | S6: 2 | T6: 0 | U6: 0 | V6: 1 | W6: 6 | X6: 3 | Y6: 0 | Z6: 0 | AA6: 0 | AB6: 2 | AC6: 1 | AD6: 3 | AE6: 0 | AF6: 0 | AG6: 0 | AH6: 2 | AI6: 10 | AJ6: 1 | AK6: 0 | AL6: 0.5 | AM6: 0.5 | AN6: 0 | AO6: 2.5 | AP6: 0.5 | AQ6: 0.5 | AR6: 7 | AS6: 10 | AT6: 0.5 | AU6: 0 | AV6: =SUM(AJ6:AU6) | AW6: =AV6/12 | AX6: 1 | AY6: 0 | AZ6: 0 | BA6: 1 | BB6: 6 | BC6: =SUMIFS(領用表!$L:$L,領用表!$A:$A,BC$2,領用表!$E:$E,B6) | BD6: =SUMIFS(領用表!$L:$L,領用表!$E:$E,$B6,領用表!$B:$B,BC$2&BD$2) | BE6: =SUMIFS(領用表!$L:$L,領用表!$E:$E,$B6,領用表!$B:$B,$BC$2&BE$2) | BF6: =SUMIFS(領用表!$L:$L,領用表!$E:$E,$B6,領用表!$B:$B,$BC$2&BF$2) | BG6: =SUMIFS(領用表!$L:$L,領用表!$E:$E,$B6,領用表!$B:$B,$BC$2&BG$2) | BH6: =SUMIFS(領用表!$L:$L,領用表!$A:$A,BH$2,領用表!$E:$E,B6) | BI6: =SUMIFS(領用表!$L:$L,領用表!$E:$E,$B6,領用表!$B:$B,BH$2&BI$2) | BJ6: =SUMIFS(領用表!$L:$L,領用表!$E:$E,$B6,領用表!$B:$B,$BH$2&BJ$2) | BK6: =SUMIFS(領用表!$L:$L,領用表!$E:$E,$B6,領用表!$B:$B,$BH$2&BK$2) | BL6: =SUMIFS(領用表!$L:$L,領用表!$E:$E,$B6,領用表!$B:$B,$BH$2&BL$2) | BM6: =SUMIFS(領用表!$L:$L,領用表!$A:$A,BM$2,領用表!$E:$E,B6) | BN6: =SUMIFS(領用表!$L:$L,領用表!$E:$E,$B6,領用表!$B:$B,BM$2&BN$2) | BO6: =SUMIFS(領用表!$L:$L,領用表!$E:$E,$B6,領用表!$B:$B,$BM$2&BO$2) | BP6: =SUMIFS(領用表!$L:$L,領用表!$E:$E,$B6,領用表!$B:$B,$BM$2&BP$2) | BQ6: =SUMIFS(領用表!$L:$L,領用表!$E:$E,$B6,領用表!$B:$B,$BM$2&BQ$2) | BR6: =SUMIFS(領用表!$L:$L,領用表!$A:$A,BR$2,領用表!$E:$E,B6) | BS6: =SUMIFS(領用表!$L:$L,領用表!$E:$E,$B6,領用表!$B:$B,BR$2&BS$2) | BT6: =SUMIFS(領用表!$L:$L,領用表!$E:$E,$B6,領用表!$B:$B,$BR$2&BT$2) | BU6: =SUMIFS(領用表!$L:$L,領用表!$E:$E,$B6,領用表!$B:$B,$BR$2&BU$2) | BV6: =SUMIFS(領用表!$L:$L,領用表!$E:$E,$B6,領用表!$B:$B,$BR$2&BV$2) | BW6: =SUMIFS(領用表!$L:$L,領用表!$A:$A,BW$2,領用表!$E:$E,B6) | BX6: =SUMIFS(領用表!$L:$L,領用表!$E:$E,$B6,領用表!$B:$B,BW$2&BX$2) | BY6: =SUMIFS(領用表!$L:$L,領用表!$E:$E,$B6,領用表!$B:$B,$BW$2&BY$2) | BZ6: =SUMIFS(領用表!$L:$L,領用表!$E:$E,$B6,領用表!$B:$B,$BW$2&BZ$2) | CA6: =SUMIFS(領用表!$L:$L,領用表!$E:$E,$B6,領用表!$B:$B,$BW$2&CA$2) | CB6: =SUMIFS(領用表!$L:$L,領用表!$A:$A,CB$2,領用表!$E:$E,B6) | CC6: =SUMIFS(領用表!$L:$L,領用表!$E:$E,$B6,領用表!$B:$B,CB$2&CC$2) | CD6: =SUMIFS(領用表!$L:$L,領用表!$E:$E,$B6,領用表!$B:$B,$CB$2&CD$2) | CE6: =SUMIFS(領用表!$L:$L,領用表!$E:$E,$B6,領用表!$B:$B,$CB$2&CE$2) | CF6: =SUMIFS(領用表!$L:$L,領用表!$E:$E,$B6,領用表!$B:$B,$CB$2&CF$2) | CG6: =SUMIFS(領用表!$L:$L,領用表!$A:$A,CG$2,領用表!$E:$E,B6) | CH6: =SUMIFS(領用表!$L:$L,領用表!$E:$E,$B6,領用表!$B:$B,CG$2&CH$2) | CI6: =SUMIFS(領用表!$L:$L,領用表!$E:$E,$B6,領用表!$B:$B,CG$2&CI$2) | CJ6: =SUMIFS(領用表!$L:$L,領用表!$E:$E,$B6,領用表!$B:$B,CG$2&CJ$2) | CK6: =SUMIFS(領用表!$L:$L,領用表!$E:$E,$B6,領用表!$B:$B,$CG$2&CK$2) | CL6: =SUM(AX6,AY6,AZ6,BA6,BB6,BC6,BH6,BM6,BR6,BW6,CB6,CG6) | CM6: =AVERAGE(AX6,AY6,AZ6,BA6,BB6,BC6,BH6,BM6,BR6,BW6,CB6,CG6) | CN6: =SUMIFS(領用表!$L:$L,領用表!$A:$A,CN$2,領用表!$E:$E,B6) | CO6: =SUMIFS(領用表!$L:$L,領用表!$E:$E,$B6,領用表!$B:$B,CN$2&CO$2) | CP6: =SUMIFS(領用表!$L:$L,領用表!$E:$E,$B6,領用表!$B:$B,$CN$2&CP$2) | CQ6: =SUMIFS(領用表!$L:$L,領用表!$E:$E,$B6,領用表!$B:$B,$CN$2&CQ$2) | CR6: =SUMIFS(領用表!$L:$L,領用表!$E:$E,$B6,領用表!$B:$B,$CN$2&CR$2) | CS6: =SUMIFS(領用表!$L:$L,領用表!$A:$A,CS$2,領用表!$E:$E,B6) | CT6: =SUMIFS(領用表!$L:$L,領用表!$E:$E,$B6,領用表!$B:$B,CS$2&CT$2) | CU6: =SUMIFS(領用表!$L:$L,領用表!$E:$E,$B6,領用表!$B:$B,$CS$2&CU$2) | CV6: =SUMIFS(領用表!$L:$L,領用表!$E:$E,$B6,領用表!$B:$B,$CS$2&CV$2) | CW6: =SUMIFS(領用表!$L:$L,領用表!$E:$E,$B6,領用表!$B:$B,$CS$2&CW$2) | CX6: =SUMIFS(領用表!$L:$L,領用表!$E:$E,$B6,領用表!$B:$B,$CS$2&CX$2) | CY6: =SUMIFS(領用表!$L:$L,領用表!$A:$A,CY$2,領用表!$E:$E,B6) | CZ6: =SUMIFS(領用表!$L:$L,領用表!$E:$E,$B6,領用表!$B:$B,CY$2&CZ$2) | DA6: =SUMIFS(領用表!$L:$L,領用表!$E:$E,$B6,領用表!$B:$B,$CY$2&DA$2) | DB6: =SUMIFS(領用表!$L:$L,領用表!$E:$E,$B6,領用表!$B:$B,$CY$2&DB$2) | DC6: =SUMIFS(領用表!$L:$L,領用表!$E:$E,$B6,領用表!$B:$B,$CY$2&DC$2) | DD6: =SUMIFS(領用表!$L:$L,領用表!$E:$E,$B6,領用表!$B:$B,$CY$2&DD$2) | DE6: =SUMIFS(領用表!$L:$L,領用表!$A:$A,DE$2,領用表!$E:$E,B6) | DF6: =SUMIFS(領用表!$L:$L,領用表!$E:$E,$B6,領用表!$B:$B,DE$2&DF$2) | DG6: =SUMIFS(領用表!$L:$L,領用表!$E:$E,$B6,領用表!$B:$B,$DE$2&DG$2) | DH6: =SUMIFS(領用表!$L:$L,領用表!$E:$E,$B6,領用表!$B:$B,$DE$2&DH$2) | DI6: =SUMIFS(領用表!$L:$L,領用表!$E:$E,$B6,領用表!$B:$B,$DE$2&DI$2) | DJ6: =SUMIFS(領用表!$L:$L,領用表!$E:$E,$B6,領用表!$B:$B,$DE$2&DJ$2) | DK6: =SUMIFS(領用表!$L:$L,領用表!$A:$A,DK$2,領用表!$E:$E,$B6) | DL6: =SUMIFS(領用表!$L:$L,領用表!$E:$E,$B6,領用表!$B:$B,DK$2&DL$2) | DM6: =SUMIFS(領用表!$L:$L,領用表!$E:$E,$B6,領用表!$B:$B,$DK$2&DM$2) | DN6: =SUMIFS(領用表!$L:$L,領用表!$E:$E,$B6,領用表!$B:$B,$DK$2&DN$2) | DO6: =SUMIFS(領用表!$L:$L,領用表!$E:$E,$B6,領用表!$B:$B,$DK$2&DO$2) | DP6: =SUMIFS(領用表!$L:$L,領用表!$E:$E,$B6,領用表!$B:$B,$DK$2&DP$2) | DQ6: 10 | DR6: 1 | DT6: 7 | DV6: 2 | DW6: =SUM(CN6,CS6,CY6,DE6,DK6,DQ6) | DX6: =AVERAGEA(CN6,CS6,CY6,DE6,DK6,DQ6) | DY6: =SUM(DZ6:EC6) | DZ6: 10 | EA6: 0 | EB6: 10 | EC6: 0 | ED6: 10 | EE6: 0 | EJ6: =IFERROR(VLOOKUP(A6,站前4樓!A:BF,57,0),0) | EK6: =IFERROR(VLOOKUP(A6,站前11樓!A:BE,57,0),0) | EL6: =IFERROR(VLOOKUP(A6,忠孝7樓!A:N,57,0),0) | EM6: =IFERROR(VLOOKUP(A6,忠孝國際醫學3樓!A:L,57,0),0) | EN6: =SUM(ED6:EG6) | EP6: 23 | EQ6: 31
A7: MP1MA020022A | B7: 6150004 | C7: 喬雅登豐塑玻尿酸植入物Volux 1ml/ syringe(1支) | D7: 2 | E7: PCS | F7: =SUMIF(站前4樓!B:B,B7,站前4樓!F:F) | G7: =SUMIF(站前11樓!B:B,B7,站前11樓!F:F) | H7: =SUMIF(忠孝7樓!B:B,B7,忠孝7樓!G:G) | I7: =SUMIF(忠孝國際醫學3樓!B:B,B7,忠孝國際醫學3樓!G:G) | J7: =SUMIF(忠孝健康7樓!B:B,B7,忠孝健康7樓!G:G) | K7: 2 | L7: 2 | M7: 0 | N7: 2 | O7: 2 | P7: 2 | Q7: 0 | R7: 0 | S7: 2 | T7: 3 | U7: 0 | V7: 3 | W7: 1 | X7: 3 | Y7: 4 | Z7: 4 | AA7: 5 | AB7: 1 | AC7: 4 | AD7: 8 | AE7: 1 | AF7: 2 | AG7: 5 | AH7: 1 | AI7: 3 | AJ7: 2 | AK7: 0.5 | AL7: 1.5 | AM7: 0.5 | AN7: 2.5 | AO7: 1.5 | AP7: 2.5 | AQ7: 5.5 | AR7: 6 | AS7: 4 | AT7: 2.5 | AU7: 1 | AV7: =SUM(AJ7:AU7) | AW7: =AV7/12 | AX7: 6 | AY7: 5 | AZ7: 16 | BA7: 26 | BB7: 19 | BC7: =SUMIFS(領用表!$L:$L,領用表!$A:$A,BC$2,領用表!$E:$E,B7) | BD7: =SUMIFS(領用表!$L:$L,領用表!$E:$E,$B7,領用表!$B:$B,BC$2&BD$2) | BE7: =SUMIFS(領用表!$L:$L,領用表!$E:$E,$B7,領用表!$B:$B,$BC$2&BE$2) | BF7: =SUMIFS(領用表!$L:$L,領用表!$E:$E,$B7,領用表!$B:$B,$BC$2&BF$2) | BG7: =SUMIFS(領用表!$L:$L,領用表!$E:$E,$B7,領用表!$B:$B,$BC$2&BG$2) | BH7: =SUMIFS(領用表!$L:$L,領用表!$A:$A,BH$2,領用表!$E:$E,B7) | BI7: =SUMIFS(領用表!$L:$L,領用表!$E:$E,$B7,領用表!$B:$B,BH$2&BI$2) | BJ7: =SUMIFS(領用表!$L:$L,領用表!$E:$E,$B7,領用表!$B:$B,$BH$2&BJ$2) | BK7: =SUMIFS(領用表!$L:$L,領用表!$E:$E,$B7,領用表!$B:$B,$BH$2&BK$2) | BL7: =SUMIFS(領用表!$L:$L,領用表!$E:$E,$B7,領用表!$B:$B,$BH$2&BL$2) | BM7: =SUMIFS(領用表!$L:$L,領用表!$A:$A,BM$2,領用表!$E:$E,B7) | BN7: =SUMIFS(領用表!$L:$L,領用表!$E:$E,$B7,領用表!$B:$B,BM$2&BN$2) | BO7: =SUMIFS(領用表!$L:$L,領用表!$E:$E,$B7,領用表!$B:$B,$BM$2&BO$2) | BP7: =SUMIFS(領用表!$L:$L,領用表!$E:$E,$B7,領用表!$B:$B,$BM$2&BP$2) | BQ7: =SUMIFS(領用表!$L:$L,領用表!$E:$E,$B7,領用表!$B:$B,$BM$2&BQ$2) | BR7: =SUMIFS(領用表!$L:$L,領用表!$A:$A,BR$2,領用表!$E:$E,B7) | BS7: =SUMIFS(領用表!$L:$L,領用表!$E:$E,$B7,領用表!$B:$B,BR$2&BS$2) | BT7: =SUMIFS(領用表!$L:$L,領用表!$E:$E,$B7,領用表!$B:$B,$BR$2&BT$2) | BU7: =SUMIFS(領用表!$L:$L,領用表!$E:$E,$B7,領用表!$B:$B,$BR$2&BU$2) | BV7: =SUMIFS(領用表!$L:$L,領用表!$E:$E,$B7,領用表!$B:$B,$BR$2&BV$2) | BW7: =SUMIFS(領用表!$L:$L,領用表!$A:$A,BW$2,領用表!$E:$E,B7) | BX7: =SUMIFS(領用表!$L:$L,領用表!$E:$E,$B7,領用表!$B:$B,BW$2&BX$2) | BY7: =SUMIFS(領用表!$L:$L,領用表!$E:$E,$B7,領用表!$B:$B,$BW$2&BY$2) | BZ7: =SUMIFS(領用表!$L:$L,領用表!$E:$E,$B7,領用表!$B:$B,$BW$2&BZ$2) | CA7: =SUMIFS(領用表!$L:$L,領用表!$E:$E,$B7,領用表!$B:$B,$BW$2&CA$2) | CB7: =SUMIFS(領用表!$L:$L,領用表!$A:$A,CB$2,領用表!$E:$E,B7) | CC7: =SUMIFS(領用表!$L:$L,領用表!$E:$E,$B7,領用表!$B:$B,CB$2&CC$2) | CD7: =SUMIFS(領用表!$L:$L,領用表!$E:$E,$B7,領用表!$B:$B,$CB$2&CD$2) | CE7: =SUMIFS(領用表!$L:$L,領用表!$E:$E,$B7,領用表!$B:$B,$CB$2&CE$2) | CF7: =SUMIFS(領用表!$L:$L,領用表!$E:$E,$B7,領用表!$B:$B,$CB$2&CF$2) | CG7: =SUMIFS(領用表!$L:$L,領用表!$A:$A,CG$2,領用表!$E:$E,B7) | CH7: =SUMIFS(領用表!$L:$L,領用表!$E:$E,$B7,領用表!$B:$B,CG$2&CH$2) | CI7: =SUMIFS(領用表!$L:$L,領用表!$E:$E,$B7,領用表!$B:$B,CG$2&CI$2) | CJ7: =SUMIFS(領用表!$L:$L,領用表!$E:$E,$B7,領用表!$B:$B,CG$2&CJ$2) | CK7: =SUMIFS(領用表!$L:$L,領用表!$E:$E,$B7,領用表!$B:$B,$CG$2&CK$2) | CL7: =SUM(AX7,AY7,AZ7,BA7,BB7,BC7,BH7,BM7,BR7,BW7,CB7,CG7) | CM7: =AVERAGE(AX7,AY7,AZ7,BA7,BB7,BC7,BH7,BM7,BR7,BW7,CB7,CG7) | CN7: =SUMIFS(領用表!$L:$L,領用表!$A:$A,CN$2,領用表!$E:$E,B7) | CO7: =SUMIFS(領用表!$L:$L,領用表!$E:$E,$B7,領用表!$B:$B,CN$2&CO$2) | CP7: =SUMIFS(領用表!$L:$L,領用表!$E:$E,$B7,領用表!$B:$B,$CN$2&CP$2) | CQ7: =SUMIFS(領用表!$L:$L,領用表!$E:$E,$B7,領用表!$B:$B,$CN$2&CQ$2) | CR7: =SUMIFS(領用表!$L:$L,領用表!$E:$E,$B7,領用表!$B:$B,$CN$2&CR$2) | CS7: =SUMIFS(領用表!$L:$L,領用表!$A:$A,CS$2,領用表!$E:$E,B7) | CT7: =SUMIFS(領用表!$L:$L,領用表!$E:$E,$B7,領用表!$B:$B,CS$2&CT$2) | CU7: =SUMIFS(領用表!$L:$L,領用表!$E:$E,$B7,領用表!$B:$B,$CS$2&CU$2) | CV7: =SUMIFS(領用表!$L:$L,領用表!$E:$E,$B7,領用表!$B:$B,$CS$2&CV$2) | CW7: =SUMIFS(領用表!$L:$L,領用表!$E:$E,$B7,領用表!$B:$B,$CS$2&CW$2) | CX7: =SUMIFS(領用表!$L:$L,領用表!$E:$E,$B7,領用表!$B:$B,$CS$2&CX$2) | CY7: =SUMIFS(領用表!$L:$L,領用表!$A:$A,CY$2,領用表!$E:$E,B7) | CZ7: =SUMIFS(領用表!$L:$L,領用表!$E:$E,$B7,領用表!$B:$B,CY$2&CZ$2) | DA7: =SUMIFS(領用表!$L:$L,領用表!$E:$E,$B7,領用表!$B:$B,$CY$2&DA$2) | DB7: =SUMIFS(領用表!$L:$L,領用表!$E:$E,$B7,領用表!$B:$B,$CY$2&DB$2) | DC7: =SUMIFS(領用表!$L:$L,領用表!$E:$E,$B7,領用表!$B:$B,$CY$2&DC$2) | DD7: =SUMIFS(領用表!$L:$L,領用表!$E:$E,$B7,領用表!$B:$B,$CY$2&DD$2) | DE7: =SUMIFS(領用表!$L:$L,領用表!$A:$A,DE$2,領用表!$E:$E,B7) | DF7: =SUMIFS(領用表!$L:$L,領用表!$E:$E,$B7,領用表!$B:$B,DE$2&DF$2) | DG7: =SUMIFS(領用表!$L:$L,領用表!$E:$E,$B7,領用表!$B:$B,$DE$2&DG$2) | DH7: =SUMIFS(領用表!$L:$L,領用表!$E:$E,$B7,領用表!$B:$B,$DE$2&DH$2) | DI7: =SUMIFS(領用表!$L:$L,領用表!$E:$E,$B7,領用表!$B:$B,$DE$2&DI$2) | DJ7: =SUMIFS(領用表!$L:$L,領用表!$E:$E,$B7,領用表!$B:$B,$DE$2&DJ$2) | DK7: =SUMIFS(領用表!$L:$L,領用表!$A:$A,DK$2,領用表!$E:$E,$B7) | DL7: =SUMIFS(領用表!$L:$L,領用表!$E:$E,$B7,領用表!$B:$B,DK$2&DL$2) | DM7: =SUMIFS(領用表!$L:$L,領用表!$E:$E,$B7,領用表!$B:$B,$DK$2&DM$2) | DN7: =SUMIFS(領用表!$L:$L,領用表!$E:$E,$B7,領用表!$B:$B,$DK$2&DN$2) | DO7: =SUMIFS(領用表!$L:$L,領用表!$E:$E,$B7,領用表!$B:$B,$DK$2&DO$2) | DP7: =SUMIFS(領用表!$L:$L,領用表!$E:$E,$B7,領用表!$B:$B,$DK$2&DP$2) | DQ7: 6 | DR7: 3 | DT7: 3 | DW7: =SUM(CN7,CS7,CY7,DE7,DK7,DQ7) | DX7: =AVERAGEA(CN7,CS7,CY7,DE7,DK7,DQ7) | DY7: =SUM(DZ7:EC7) | DZ7: 15 | EA7: 0 | EB7: 15 | EC7: 0 | ED7: 20 | EE7: 0 | EG7: 15盒(10/21) | EJ7: =IFERROR(VLOOKUP(A7,站前4樓!A:BF,57,0),0) | EK7: =IFERROR(VLOOKUP(A7,站前11樓!A:BE,57,0),0) | EL7: =IFERROR(VLOOKUP(A7,忠孝7樓!A:N,57,0),0) | EM7: =IFERROR(VLOOKUP(A7,忠孝國際醫學3樓!A:L,57,0),0) | EN7: =SUM(ED7:EG7) | EP7: 38 | EQ7: 32
A8: MP1MA020023A | B8: 6150005 | C8: 喬雅登芙潤玻尿酸植入物Volite 1ml/ Syringe(1支) | D8: 2 | E8: PCS | F8: =SUMIF(站前4樓!B:B,B8,站前4樓!F:F) | G8: =SUMIF(站前11樓!B:B,B8,站前11樓!F:F) | H8: =SUMIF(忠孝7樓!B:B,B8,忠孝7樓!G:G) | I8: =SUMIF(忠孝國際醫學3樓!B:B,B8,忠孝國際醫學3樓!G:G) | J8: =SUMIF(忠孝健康7樓!B:B,B8,忠孝健康7樓!G:G) | K8: 0 | L8: 0 | M8: 0 | N8: 0 | O8: 0 | P8: 0 | Q8: 3 | R8: 0 | S8: 0 | T8: 0 | U8: 3 | V8: 2 | W8: 2 | X8: 1 | Y8: 1 | Z8: 0 | AA8: 0 | AB8: 0 | AC8: 0 | AD8: 0 | AE8: 0 | AF8: 0 | AG8: 5 | AH8: 0 | AI8: 0 | AJ8: 0.5 | AK8: 1.5 | AL8: 2 | AM8: 2.5 | AN8: 2 | AO8: 5.5 | AP8: 2.5 | AQ8: 7 | AR8: 2 | AS8: 1 | AT8: 0.5 | AU8: 4 | AV8: =SUM(AJ8:AU8) | AW8: =AV8/12 | AX8: 2 | AY8: 3 | AZ8: 6 | BA8: 2 | BB8: 3 | BC8: =SUMIFS(領用表!$L:$L,領用表!$A:$A,BC$2,領用表!$E:$E,B8) | BD8: =SUMIFS(領用表!$L:$L,領用表!$E:$E,$B8,領用表!$B:$B,BC$2&BD$2) | BE8: =SUMIFS(領用表!$L:$L,領用表!$E:$E,$B8,領用表!$B:$B,$BC$2&BE$2) | BF8: =SUMIFS(領用表!$L:$L,領用表!$E:$E,$B8,領用表!$B:$B,$BC$2&BF$2) | BG8: =SUMIFS(領用表!$L:$L,領用表!$E:$E,$B8,領用表!$B:$B,$BC$2&BG$2) | BH8: =SUMIFS(領用表!$L:$L,領用表!$A:$A,BH$2,領用表!$E:$E,B8) | BI8: =SUMIFS(領用表!$L:$L,領用表!$E:$E,$B8,領用表!$B:$B,BH$2&BI$2) | BJ8: =SUMIFS(領用表!$L:$L,領用表!$E:$E,$B8,領用表!$B:$B,$BH$2&BJ$2) | BK8: =SUMIFS(領用表!$L:$L,領用表!$E:$E,$B8,領用表!$B:$B,$BH$2&BK$2) | BL8: =SUMIFS(領用表!$L:$L,領用表!$E:$E,$B8,領用表!$B:$B,$BH$2&BL$2) | BM8: =SUMIFS(領用表!$L:$L,領用表!$A:$A,BM$2,領用表!$E:$E,B8) | BN8: =SUMIFS(領用表!$L:$L,領用表!$E:$E,$B8,領用表!$B:$B,BM$2&BN$2) | BO8: =SUMIFS(領用表!$L:$L,領用表!$E:$E,$B8,領用表!$B:$B,$BM$2&BO$2) | BP8: =SUMIFS(領用表!$L:$L,領用表!$E:$E,$B8,領用表!$B:$B,$BM$2&BP$2) | BQ8: =SUMIFS(領用表!$L:$L,領用表!$E:$E,$B8,領用表!$B:$B,$BM$2&BQ$2) | BR8: =SUMIFS(領用表!$L:$L,領用表!$A:$A,BR$2,領用表!$E:$E,B8) | BS8: =SUMIFS(領用表!$L:$L,領用表!$E:$E,$B8,領用表!$B:$B,BR$2&BS$2) | BT8: =SUMIFS(領用表!$L:$L,領用表!$E:$E,$B8,領用表!$B:$B,$BR$2&BT$2) | BU8: =SUMIFS(領用表!$L:$L,領用表!$E:$E,$B8,領用表!$B:$B,$BR$2&BU$2) | BV8: =SUMIFS(領用表!$L:$L,領用表!$E:$E,$B8,領用表!$B:$B,$BR$2&BV$2) | BW8: =SUMIFS(領用表!$L:$L,領用表!$A:$A,BW$2,領用表!$E:$E,B8) | BX8: =SUMIFS(領用表!$L:$L,領用表!$E:$E,$B8,領用表!$B:$B,BW$2&BX$2) | BY8: =SUMIFS(領用表!$L:$L,領用表!$E:$E,$B8,領用表!$B:$B,$BW$2&BY$2) | BZ8: =SUMIFS(領用表!$L:$L,領用表!$E:$E,$B8,領用表!$B:$B,$BW$2&BZ$2) | CA8: =SUMIFS(領用表!$L:$L,領用表!$E:$E,$B8,領用表!$B:$B,$BW$2&CA$2) | CB8: =SUMIFS(領用表!$L:$L,領用表!$A:$A,CB$2,領用表!$E:$E,B8) | CC8: =SUMIFS(領用表!$L:$L,領用表!$E:$E,$B8,領用表!$B:$B,CB$2&CC$2) | CD8: =SUMIFS(領用表!$L:$L,領用表!$E:$E,$B8,領用表!$B:$B,$CB$2&CD$2) | CE8: =SUMIFS(領用表!$L:$L,領用表!$E:$E,$B8,領用表!$B:$B,$CB$2&CE$2) | CF8: =SUMIFS(領用表!$L:$L,領用表!$E:$E,$B8,領用表!$B:$B,$CB$2&CF$2) | CG8: =SUMIFS(領用表!$L:$L,領用表!$A:$A,CG$2,領用表!$E:$E,B8) | CH8: =SUMIFS(領用表!$L:$L,領用表!$E:$E,$B8,領用表!$B:$B,CG$2&CH$2) | CI8: =SUMIFS(領用表!$L:$L,領用表!$E:$E,$B8,領用表!$B:$B,CG$2&CI$2) | CJ8: =SUMIFS(領用表!$L:$L,領用表!$E:$E,$B8,領用表!$B:$B,CG$2&CJ$2) | CK8: =SUMIFS(領用表!$L:$L,領用表!$E:$E,$B8,領用表!$B:$B,$CG$2&CK$2) | CL8: =SUM(AX8,AY8,AZ8,BA8,BB8,BC8,BH8,BM8,BR8,BW8,CB8,CG8) | CM8: =AVERAGE(AX8,AY8,AZ8,BA8,BB8,BC8,BH8,BM8,BR8,BW8,CB8,CG8) | CN8: =SUMIFS(領用表!$L:$L,領用表!$A:$A,CN$2,領用表!$E:$E,B8) | CO8: =SUMIFS(領用表!$L:$L,領用表!$E:$E,$B8,領用表!$B:$B,CN$2&CO$2) | CP8: =SUMIFS(領用表!$L:$L,領用表!$E:$E,$B8,領用表!$B:$B,$CN$2&CP$2) | CQ8: =SUMIFS(領用表!$L:$L,領用表!$E:$E,$B8,領用表!$B:$B,$CN$2&CQ$2) | CR8: =SUMIFS(領用表!$L:$L,領用表!$E:$E,$B8,領用表!$B:$B,$CN$2&CR$2) | CS8: =SUMIFS(領用表!$L:$L,領用表!$A:$A,CS$2,領用表!$E:$E,B8) | CT8: =SUMIFS(領用表!$L:$L,領用表!$E:$E,$B8,領用表!$B:$B,CS$2&CT$2) | CU8: =SUMIFS(領用表!$L:$L,領用表!$E:$E,$B8,領用表!$B:$B,$CS$2&CU$2) | CV8: =SUMIFS(領用表!$L:$L,領用表!$E:$E,$B8,領用表!$B:$B,$CS$2&CV$2) | CW8: =SUMIFS(領用表!$L:$L,領用表!$E:$E,$B8,領用表!$B:$B,$CS$2&CW$2) | CX8: =SUMIFS(領用表!$L:$L,領用表!$E:$E,$B8,領用表!$B:$B,$CS$2&CX$2) | CY8: =SUMIFS(領用表!$L:$L,領用表!$A:$A,CY$2,領用表!$E:$E,B8) | CZ8: =SUMIFS(領用表!$L:$L,領用表!$E:$E,$B8,領用表!$B:$B,CY$2&CZ$2) | DA8: =SUMIFS(領用表!$L:$L,領用表!$E:$E,$B8,領用表!$B:$B,$CY$2&DA$2) | DB8: =SUMIFS(領用表!$L:$L,領用表!$E:$E,$B8,領用表!$B:$B,$CY$2&DB$2) | DC8: =SUMIFS(領用表!$L:$L,領用表!$E:$E,$B8,領用表!$B:$B,$CY$2&DC$2) | DD8: =SUMIFS(領用表!$L:$L,領用表!$E:$E,$B8,領用表!$B:$B,$CY$2&DD$2) | DE8: =SUMIFS(領用表!$L:$L,領用表!$A:$A,DE$2,領用表!$E:$E,B8) | DF8: =SUMIFS(領用表!$L:$L,領用表!$E:$E,$B8,領用表!$B:$B,DE$2&DF$2) | DG8: =SUMIFS(領用表!$L:$L,領用表!$E:$E,$B8,領用表!$B:$B,$DE$2&DG$2) | DH8: =SUMIFS(領用表!$L:$L,領用表!$E:$E,$B8,領用表!$B:$B,$DE$2&DH$2) | DI8: =SUMIFS(領用表!$L:$L,領用表!$E:$E,$B8,領用表!$B:$B,$DE$2&DI$2) | DJ8: =SUMIFS(領用表!$L:$L,領用表!$E:$E,$B8,領用表!$B:$B,$DE$2&DJ$2) | DK8: =SUMIFS(領用表!$L:$L,領用表!$A:$A,DK$2,領用表!$E:$E,$B8) | DL8: =SUMIFS(領用表!$L:$L,領用表!$E:$E,$B8,領用表!$B:$B,DK$2&DL$2) | DM8: =SUMIFS(領用表!$L:$L,領用表!$E:$E,$B8,領用表!$B:$B,$DK$2&DM$2) | DN8: =SUMIFS(領用表!$L:$L,領用表!$E:$E,$B8,領用表!$B:$B,$DK$2&DN$2) | DO8: =SUMIFS(領用表!$L:$L,領用表!$E:$E,$B8,領用表!$B:$B,$DK$2&DO$2) | DP8: =SUMIFS(領用表!$L:$L,領用表!$E:$E,$B8,領用表!$B:$B,$DK$2&DP$2) | DW8: =SUM(CN8,CS8,CY8,DE8,DK8,DQ8) | DX8: =AVERAGEA(CN8,CS8,CY8,DE8,DK8,DQ8) | DY8: =SUM(DZ8:EC8) | DZ8: 5 | EA8: 0 | EB8: 5 | EC8: 0 | ED8: 6 | EE8: 0 | EJ8: =IFERROR(VLOOKUP(A8,站前4樓!A:BF,57,0),0) | EK8: =IFERROR(VLOOKUP(A8,站前11樓!A:BE,57,0),0) | EL8: =IFERROR(VLOOKUP(A8,忠孝7樓!A:N,57,0),0) | EM8: =IFERROR(VLOOKUP(A8,忠孝國際醫學3樓!A:L,57,0),0) | EN8: =SUM(ED8:EG8) | EP8: 26 | EQ8: 7
B9: 6150015 | C9: 喬雅登絲漾膚玻尿酸植入物Skinvive 1ml/支 | D9: 2 | E9: PCS | F9: =SUMIF(站前4樓!B:B,B9,站前4樓!F:F) | G9: =SUMIF(站前11樓!B:B,B9,站前11樓!F:F) | H9: =SUMIF(忠孝7樓!B:B,B9,忠孝7樓!G:G) | I9: =SUMIF(忠孝國際醫學3樓!B:B,B9,忠孝國際醫學3樓!G:G) | J9: =SUMIF(忠孝健康7樓!B:B,B9,忠孝健康7樓!G:G) | CL9: =SUM(AX9,AY9,AZ9,BA9,BB9,BC9,BH9,BM9,BR9,BW9,CB9,CG9) | CM9: =IFERROR(AVERAGE(AX9,AY9,AZ9,BA9,BB9,BC9,BH9,BM9,BR9,BW9,CB9,CG9),0) | CN9: =SUMIFS(領用表!$L:$L,領用表!$A:$A,CN$2,領用表!$E:$E,B9) | CO9: =SUMIFS(領用表!$L:$L,領用表!$E:$E,$B9,領用表!$B:$B,CN$2&CO$2) | CP9: =SUMIFS(領用表!$L:$L,領用表!$E:$E,$B9,領用表!$B:$B,$CN$2&CP$2) | CQ9: =SUMIFS(領用表!$L:$L,領用表!$E:$E,$B9,領用表!$B:$B,$CN$2&CQ$2) | CR9: =SUMIFS(領用表!$L:$L,領用表!$E:$E,$B9,領用表!$B:$B,$CN$2&CR$2) | CS9: =SUMIFS(領用表!$L:$L,領用表!$A:$A,CS$2,領用表!$E:$E,B9) | CT9: =SUMIFS(領用表!$L:$L,領用表!$E:$E,$B9,領用表!$B:$B,CS$2&CT$2) | CU9: =SUMIFS(領用表!$L:$L,領用表!$E:$E,$B9,領用表!$B:$B,$CS$2&CU$2) | CV9: =SUMIFS(領用表!$L:$L,領用表!$E:$E,$B9,領用表!$B:$B,$CS$2&CV$2) | CW9: =SUMIFS(領用表!$L:$L,領用表!$E:$E,$B9,領用表!$B:$B,$CS$2&CW$2) | CX9: =SUMIFS(領用表!$L:$L,領用表!$E:$E,$B9,領用表!$B:$B,$CS$2&CX$2) | CY9: =SUMIFS(領用表!$L:$L,領用表!$A:$A,CY$2,領用表!$E:$E,B9) | CZ9: =SUMIFS(領用表!$L:$L,領用表!$E:$E,$B9,領用表!$B:$B,CY$2&CZ$2) | DA9: =SUMIFS(領用表!$L:$L,領用表!$E:$E,$B9,領用表!$B:$B,$CY$2&DA$2) | DB9: =SUMIFS(領用表!$L:$L,領用表!$E:$E,$B9,領用表!$B:$B,$CY$2&DB$2) | DC9: =SUMIFS(領用表!$L:$L,領用表!$E:$E,$B9,領用表!$B:$B,$CY$2&DC$2) | DD9: =SUMIFS(領用表!$L:$L,領用表!$E:$E,$B9,領用表!$B:$B,$CY$2&DD$2) | DE9: =SUMIFS(領用表!$L:$L,領用表!$A:$A,DE$2,領用表!$E:$E,B9) | DF9: =SUMIFS(領用表!$L:$L,領用表!$E:$E,$B9,領用表!$B:$B,DE$2&DF$2) | DG9: =SUMIFS(領用表!$L:$L,領用表!$E:$E,$B9,領用表!$B:$B,$DE$2&DG$2) | DH9: =SUMIFS(領用表!$L:$L,領用表!$E:$E,$B9,領用表!$B:$B,$DE$2&DH$2) | DI9: =SUMIFS(領用表!$L:$L,領用表!$E:$E,$B9,領用表!$B:$B,$DE$2&DI$2) | DJ9: =SUMIFS(領用表!$L:$L,領用表!$E:$E,$B9,領用表!$B:$B,$DE$2&DJ$2) | DK9: =SUMIFS(領用表!$L:$L,領用表!$A:$A,DK$2,領用表!$E:$E,$B9) | DL9: =SUMIFS(領用表!$L:$L,領用表!$E:$E,$B9,領用表!$B:$B,DK$2&DL$2) | DM9: =SUMIFS(領用表!$L:$L,領用表!$E:$E,$B9,領用表!$B:$B,$DK$2&DM$2) | DN9: =SUMIFS(領用表!$L:$L,領用表!$E:$E,$B9,領用表!$B:$B,$DK$2&DN$2) | DO9: =SUMIFS(領用表!$L:$L,領用表!$E:$E,$B9,領用表!$B:$B,$DK$2&DO$2) | DP9: =SUMIFS(領用表!$L:$L,領用表!$E:$E,$B9,領用表!$B:$B,$DK$2&DP$2) | DQ9: 3 | DT9: 1 | DV9: 2 | DW9: =SUM(CN9,CS9,CY9,DE9,DK9,DQ9) | DX9: =AVERAGEA(CN9,CS9,CY9,DE9,DK9,DQ9) | DY9: =SUM(DZ9:EC9)
B10: 6150016 | C10: 彈力針(1支/盒) | D10: 1 | E10: PCS | F10: =SUMIF(站前4樓!B:B,B10,站前4樓!F:F) | G10: =SUMIF(站前11樓!B:B,B10,站前11樓!F:F) | H10: =SUMIF(忠孝7樓!B:B,B10,忠孝7樓!G:G) | I10: =SUMIF(忠孝國際醫學3樓!B:B,B10,忠孝國際醫學3樓!G:G) | J10: =SUMIF(忠孝健康7樓!B:B,B10,忠孝健康7樓!G:G) | DK10: =SUMIFS(領用表!$L:$L,領用表!$A:$A,DK$2,領用表!$E:$E,$B10) | DL10: =SUMIFS(領用表!$L:$L,領用表!$E:$E,$B10,領用表!$B:$B,DK$2&DL$2) | DM10: =SUMIFS(領用表!$L:$L,領用表!$E:$E,$B10,領用表!$B:$B,$DK$2&DM$2) | DN10: =SUMIFS(領用表!$L:$L,領用表!$E:$E,$B10,領用表!$B:$B,$DK$2&DN$2) | DO10: =SUMIFS(領用表!$L:$L,領用表!$E:$E,$B10,領用表!$B:$B,$DK$2&DO$2) | DP10: =SUMIFS(領用表!$L:$L,領用表!$E:$E,$B10,領用表!$B:$B,$DK$2&DP$2) | DW10: =SUM(CN10,CS10,CY10,DE10,DK10,DQ10) | DX10: =AVERAGEA(CN10,CS10,CY10,DE10,DK10,DQ10) | DY10: =SUM(DZ10:EC10)
A11: MP1MA010011A | B11: 6180015 | C11: MINT秘特拉提線EASY 42.4CM(1支) | D11: 2 | E11: PCS | F11: =SUMIF(站前4樓!B:B,B11,站前4樓!F:F) | G11: =SUMIF(站前11樓!B:B,B11,站前11樓!F:F) | H11: =SUMIF(忠孝7樓!B:B,B11,忠孝7樓!G:G) | I11: =SUMIF(忠孝國際醫學3樓!B:B,B11,忠孝國際醫學3樓!G:G) | J11: =SUMIF(忠孝健康7樓!B:B,B11,忠孝健康7樓!G:G) | K11: 0 | L11: 0 | M11: 0 | N11: 0 | O11: 0 | P11: 0 | Q11: 0 | R11: 0 | S11: 0 | T11: 0 | U11: 0 | V11: 0 | W11: 0 | X11: 0 | Y11: 0 | Z11: 0 | AA11: 0 | AB11: 0 | AC11: 0 | AD11: 0 | AE11: 0 | AF11: 0 | AG11: 0 | AH11: 0 | AI11: 0 | AJ11: 0 | AK11: 0 | AL11: 0 | AM11: 2 | AN11: 0 | AO11: 0 | AP11: 0 | AQ11: 0 | AR11: 1 | AS11: 0 | AT11: 0 | AU11: 0 | AV11: =SUM(AJ11:AU11) | AW11: =AV11/12 | AX11: 0 | AY11: 0 | AZ11: 2 | BA11: 0 | BB11: 2 | BC11: =SUMIFS(領用表!$L:$L,領用表!$A:$A,BC$2,領用表!$E:$E,B11) | BD11: =SUMIFS(領用表!$L:$L,領用表!$E:$E,$B11,領用表!$B:$B,BC$2&BD$2) | BE11: =SUMIFS(領用表!$L:$L,領用表!$E:$E,$B11,領用表!$B:$B,$BC$2&BE$2) | BF11: =SUMIFS(領用表!$L:$L,領用表!$E:$E,$B11,領用表!$B:$B,$BC$2&BF$2) | BG11: =SUMIFS(領用表!$L:$L,領用表!$E:$E,$B11,領用表!$B:$B,$BC$2&BG$2) | BH11: =SUMIFS(領用表!$L:$L,領用表!$A:$A,BH$2,領用表!$E:$E,B11) | BI11: =SUMIFS(領用表!$L:$L,領用表!$E:$E,$B11,領用表!$B:$B,BH$2&BI$2) | BJ11: =SUMIFS(領用表!$L:$L,領用表!$E:$E,$B11,領用表!$B:$B,$BH$2&BJ$2) | BK11: =SUMIFS(領用表!$L:$L,領用表!$E:$E,$B11,領用表!$B:$B,$BH$2&BK$2) | BL11: =SUMIFS(領用表!$L:$L,領用表!$E:$E,$B11,領用表!$B:$B,$BH$2&BL$2) | BM11: =SUMIFS(領用表!$L:$L,領用表!$A:$A,BM$2,領用表!$E:$E,B11) | BN11: =SUMIFS(領用表!$L:$L,領用表!$E:$E,$B11,領用表!$B:$B,BM$2&BN$2) | BO11: =SUMIFS(領用表!$L:$L,領用表!$E:$E,$B11,領用表!$B:$B,$BM$2&BO$2) | BP11: =SUMIFS(領用表!$L:$L,領用表!$E:$E,$B11,領用表!$B:$B,$BM$2&BP$2) | BQ11: =SUMIFS(領用表!$L:$L,領用表!$E:$E,$B11,領用表!$B:$B,$BM$2&BQ$2) | BR11: =SUMIFS(領用表!$L:$L,領用表!$A:$A,BR$2,領用表!$E:$E,B11) | BS11: =SUMIFS(領用表!$L:$L,領用表!$E:$E,$B11,領用表!$B:$B,BR$2&BS$2) | BT11: =SUMIFS(領用表!$L:$L,領用表!$E:$E,$B11,領用表!$B:$B,$BR$2&BT$2) | BU11: =SUMIFS(領用表!$L:$L,領用表!$E:$E,$B11,領用表!$B:$B,$BR$2&BU$2) | BV11: =SUMIFS(領用表!$L:$L,領用表!$E:$E,$B11,領用表!$B:$B,$BR$2&BV$2) | BW11: =SUMIFS(領用表!$L:$L,領用表!$A:$A,BW$2,領用表!$E:$E,B11) | BX11: =SUMIFS(領用表!$L:$L,領用表!$E:$E,$B11,領用表!$B:$B,BW$2&BX$2) | BY11: =SUMIFS(領用表!$L:$L,領用表!$E:$E,$B11,領用表!$B:$B,$BW$2&BY$2) | BZ11: =SUMIFS(領用表!$L:$L,領用表!$E:$E,$B11,領用表!$B:$B,$BW$2&BZ$2) | CA11: =SUMIFS(領用表!$L:$L,領用表!$E:$E,$B11,領用表!$B:$B,$BW$2&CA$2) | CB11: =SUMIFS(領用表!$L:$L,領用表!$A:$A,CB$2,領用表!$E:$E,B11) | CC11: =SUMIFS(領用表!$L:$L,領用表!$E:$E,$B11,領用表!$B:$B,CB$2&CC$2) | CD11: =SUMIFS(領用表!$L:$L,領用表!$E:$E,$B11,領用表!$B:$B,$CB$2&CD$2) | CE11: =SUMIFS(領用表!$L:$L,領用表!$E:$E,$B11,領用表!$B:$B,$CB$2&CE$2) | CF11: =SUMIFS(領用表!$L:$L,領用表!$E:$E,$B11,領用表!$B:$B,$CB$2&CF$2) | CG11: =SUMIFS(領用表!$L:$L,領用表!$A:$A,CG$2,領用表!$E:$E,B11) | CH11: =SUMIFS(領用表!$L:$L,領用表!$E:$E,$B11,領用表!$B:$B,CG$2&CH$2) | CI11: =SUMIFS(領用表!$L:$L,領用表!$E:$E,$B11,領用表!$B:$B,CG$2&CI$2) | CJ11: =SUMIFS(領用表!$L:$L,領用表!$E:$E,$B11,領用表!$B:$B,CG$2&CJ$2) | CK11: =SUMIFS(領用表!$L:$L,領用表!$E:$E,$B11,領用表!$B:$B,$CG$2&CK$2) | CL11: =SUM(AX11,AY11,AZ11,BA11,BB11,BC11,BH11,BM11,BR11,BW11,CB11,CG11) | CM11: =AVERAGE(AX11,AY11,AZ11,BA11,BB11,BC11,BH11,BM11,BR11,BW11,CB11,CG11) | CN11: =SUMIFS(領用表!$L:$L,領用表!$A:$A,CN$2,領用表!$E:$E,B11) | CO11: =SUMIFS(領用表!$L:$L,領用表!$E:$E,$B11,領用表!$B:$B,CN$2&CO$2) | CP11: =SUMIFS(領用表!$L:$L,領用表!$E:$E,$B11,領用表!$B:$B,$CN$2&CP$2) | CQ11: =SUMIFS(領用表!$L:$L,領用表!$E:$E,$B11,領用表!$B:$B,$CN$2&CQ$2) | CR11: =SUMIFS(領用表!$L:$L,領用表!$E:$E,$B11,領用表!$B:$B,$CN$2&CR$2) | CS11: =SUMIFS(領用表!$L:$L,領用表!$A:$A,CS$2,領用表!$E:$E,B11) | CT11: =SUMIFS(領用表!$L:$L,領用表!$E:$E,$B11,領用表!$B:$B,CS$2&CT$2) | CU11: =SUMIFS(領用表!$L:$L,領用表!$E:$E,$B11,領用表!$B:$B,$CS$2&CU$2) | CV11: =SUMIFS(領用表!$L:$L,領用表!$E:$E,$B11,領用表!$B:$B,$CS$2&CV$2) | CW11: =SUMIFS(領用表!$L:$L,領用表!$E:$E,$B11,領用表!$B:$B,$CS$2&CW$2) | CX11: =SUMIFS(領用表!$L:$L,領用表!$E:$E,$B11,領用表!$B:$B,$CS$2&CX$2) | CY11: =SUMIFS(領用表!$L:$L,領用表!$A:$A,CY$2,領用表!$E:$E,B11) | CZ11: =SUMIFS(領用表!$L:$L,領用表!$E:$E,$B11,領用表!$B:$B,CY$2&CZ$2) | DA11: =SUMIFS(領用表!$L:$L,領用表!$E:$E,$B11,領用表!$B:$B,$CY$2&DA$2) | DB11: =SUMIFS(領用表!$L:$L,領用表!$E:$E,$B11,領用表!$B:$B,$CY$2&DB$2) | DC11: =SUMIFS(領用表!$L:$L,領用表!$E:$E,$B11,領用表!$B:$B,$CY$2&DC$2) | DD11: =SUMIFS(領用表!$L:$L,領用表!$E:$E,$B11,領用表!$B:$B,$CY$2&DD$2) | DE11: =SUMIFS(領用表!$L:$L,領用表!$A:$A,DE$2,領用表!$E:$E,B11) | DF11: =SUMIFS(領用表!$L:$L,領用表!$E:$E,$B11,領用表!$B:$B,DE$2&DF$2) | DG11: =SUMIFS(領用表!$L:$L,領用表!$E:$E,$B11,領用表!$B:$B,$DE$2&DG$2) | DH11: =SUMIFS(領用表!$L:$L,領用表!$E:$E,$B11,領用表!$B:$B,$DE$2&DH$2) | DI11: =SUMIFS(領用表!$L:$L,領用表!$E:$E,$B11,領用表!$B:$B,$DE$2&DI$2) | DJ11: =SUMIFS(領用表!$L:$L,領用表!$E:$E,$B11,領用表!$B:$B,$DE$2&DJ$2) | DK11: =SUMIFS(領用表!$L:$L,領用表!$A:$A,DK$2,領用表!$E:$E,$B11) | DL11: =SUMIFS(領用表!$L:$L,領用表!$E:$E,$B11,領用表!$B:$B,DK$2&DL$2) | DM11: =SUMIFS(領用表!$L:$L,領用表!$E:$E,$B11,領用表!$B:$B,$DK$2&DM$2) | DN11: =SUMIFS(領用表!$L:$L,領用表!$E:$E,$B11,領用表!$B:$B,$DK$2&DN$2) | DO11: =SUMIFS(領用表!$L:$L,領用表!$E:$E,$B11,領用表!$B:$B,$DK$2&DO$2) | DP11: =SUMIFS(領用表!$L:$L,領用表!$E:$E,$B11,領用表!$B:$B,$DK$2&DP$2) | DW11: =SUM(CN11,CS11,CY11,DE11,DK11,DQ11) | DX11: =AVERAGEA(CN11,CS11,CY11,DE11,DK11,DQ11) | DY11: =SUM(DZ11:EC11) | DZ11: 1 | EA11: 0 | EB11: 1 | EC11: 0 | ED11: 1 | EJ11: =IFERROR(VLOOKUP(A11,站前4樓!A:BF,57,0),0) | EK11: =IFERROR(VLOOKUP(A11,站前11樓!A:BE,57,0),0) | EL11: =IFERROR(VLOOKUP(A11,忠孝7樓!A:N,57,0),0) | EM11: =IFERROR(VLOOKUP(A11,忠孝國際醫學3樓!A:L,57,0),0) | EN11: =SUM(ED11:EG11) | EP11: 6 | EQ11: 4
A12: MP1MA010012A | B12: 6180005 | C12: MINT秘特拉提線FINE 18CM(1支) | D12: 20 | E12: PCS | F12: =SUMIF(站前4樓!B:B,B12,站前4樓!F:F) | G12: =SUMIF(站前11樓!B:B,B12,站前11樓!F:F) | H12: =SUMIF(忠孝7樓!B:B,B12,忠孝7樓!G:G) | I12: =SUMIF(忠孝國際醫學3樓!B:B,B12,忠孝國際醫學3樓!G:G) | J12: =SUMIF(忠孝健康7樓!B:B,B12,忠孝健康7樓!G:G) | K12: 0 | L12: 0 | M12: 0 | N12: 0 | O12: 0 | P12: 0 | Q12: 0 | R12: 0 | S12: 0 | T12: 0 | U12: 0 | V12: 0 | W12: 0 | X12: 0 | Y12: 0 | Z12: 0 | AA12: 0 | AB12: 0 | AC12: 0 | AD12: 0 | AE12: 0 | AF12: 0 | AG12: 0 | AH12: 0 | AI12: 32 | AJ12: 1.2 | AK12: 2.2 | AL12: 2.2 | AM12: 1.6 | AN12: 3.4 | AO12: 2.2 | AP12: 0.4 | AQ12: 0.6 | AR12: 0.4 | AS12: 0.2 | AT12: 0.4 | AU12: 28 | AV12: =SUM(AJ12:AU12) | AW12: =AV12/12 | AX12: 0 | AY12: 8 | AZ12: 0 | BA12: 0 | BB12: 0 | BC12: =SUMIFS(領用表!$L:$L,領用表!$A:$A,BC$2,領用表!$E:$E,B12) | BD12: =SUMIFS(領用表!$L:$L,領用表!$E:$E,$B12,領用表!$B:$B,BC$2&BD$2) | BE12: =SUMIFS(領用表!$L:$L,領用表!$E:$E,$B12,領用表!$B:$B,$BC$2&BE$2) | BF12: =SUMIFS(領用表!$L:$L,領用表!$E:$E,$B12,領用表!$B:$B,$BC$2&BF$2) | BG12: =SUMIFS(領用表!$L:$L,領用表!$E:$E,$B12,領用表!$B:$B,$BC$2&BG$2) | BH12: =SUMIFS(領用表!$L:$L,領用表!$A:$A,BH$2,領用表!$E:$E,B12) | BI12: =SUMIFS(領用表!$L:$L,領用表!$E:$E,$B12,領用表!$B:$B,BH$2&BI$2) | BJ12: =SUMIFS(領用表!$L:$L,領用表!$E:$E,$B12,領用表!$B:$B,$BH$2&BJ$2) | BK12: =SUMIFS(領用表!$L:$L,領用表!$E:$E,$B12,領用表!$B:$B,$BH$2&BK$2) | BL12: =SUMIFS(領用表!$L:$L,領用表!$E:$E,$B12,領用表!$B:$B,$BH$2&BL$2) | BM12: =SUMIFS(領用表!$L:$L,領用表!$A:$A,BM$2,領用表!$E:$E,B12) | BN12: =SUMIFS(領用表!$L:$L,領用表!$E:$E,$B12,領用表!$B:$B,BM$2&BN$2) | BO12: =SUMIFS(領用表!$L:$L,領用表!$E:$E,$B12,領用表!$B:$B,$BM$2&BO$2) | BP12: =SUMIFS(領用表!$L:$L,領用表!$E:$E,$B12,領用表!$B:$B,$BM$2&BP$2) | BQ12: =SUMIFS(領用表!$L:$L,領用表!$E:$E,$B12,領用表!$B:$B,$BM$2&BQ$2) | BR12: =SUMIFS(領用表!$L:$L,領用表!$A:$A,BR$2,領用表!$E:$E,B12) | BS12: =SUMIFS(領用表!$L:$L,領用表!$E:$E,$B12,領用表!$B:$B,BR$2&BS$2) | BT12: =SUMIFS(領用表!$L:$L,領用表!$E:$E,$B12,領用表!$B:$B,$BR$2&BT$2) | BU12: =SUMIFS(領用表!$L:$L,領用表!$E:$E,$B12,領用表!$B:$B,$BR$2&BU$2) | BV12: =SUMIFS(領用表!$L:$L,領用表!$E:$E,$B12,領用表!$B:$B,$BR$2&BV$2) | BW12: =SUMIFS(領用表!$L:$L,領用表!$A:$A,BW$2,領用表!$E:$E,B12) | BX12: =SUMIFS(領用表!$L:$L,領用表!$E:$E,$B12,領用表!$B:$B,BW$2&BX$2) | BY12: =SUMIFS(領用表!$L:$L,領用表!$E:$E,$B12,領用表!$B:$B,$BW$2&BY$2) | BZ12: =SUMIFS(領用表!$L:$L,領用表!$E:$E,$B12,領用表!$B:$B,$BW$2&BZ$2) | CA12: =SUMIFS(領用表!$L:$L,領用表!$E:$E,$B12,領用表!$B:$B,$BW$2&CA$2) | CB12: =SUMIFS(領用表!$L:$L,領用表!$A:$A,CB$2,領用表!$E:$E,B12) | CC12: =SUMIFS(領用表!$L:$L,領用表!$E:$E,$B12,領用表!$B:$B,CB$2&CC$2) | CD12: =SUMIFS(領用表!$L:$L,領用表!$E:$E,$B12,領用表!$B:$B,$CB$2&CD$2) | CE12: =SUMIFS(領用表!$L:$L,領用表!$E:$E,$B12,領用表!$B:$B,$CB$2&CE$2) | CF12: =SUMIFS(領用表!$L:$L,領用表!$E:$E,$B12,領用表!$B:$B,$CB$2&CF$2) | CG12: =SUMIFS(領用表!$L:$L,領用表!$A:$A,CG$2,領用表!$E:$E,B12) | CH12: =SUMIFS(領用表!$L:$L,領用表!$E:$E,$B12,領用表!$B:$B,CG$2&CH$2) | CI12: =SUMIFS(領用表!$L:$L,領用表!$E:$E,$B12,領用表!$B:$B,CG$2&CI$2) | CJ12: =SUMIFS(領用表!$L:$L,領用表!$E:$E,$B12,領用表!$B:$B,CG$2&CJ$2) | CK12: =SUMIFS(領用表!$L:$L,領用表!$E:$E,$B12,領用表!$B:$B,$CG$2&CK$2) | CL12: =SUM(AX12,AY12,AZ12,BA12,BB12,BC12,BH12,BM12,BR12,BW12,CB12,CG12) | CM12: =AVERAGE(AX12,AY12,AZ12,BA12,BB12,BC12,BH12,BM12,BR12,BW12,CB12,CG12) | CN12: =SUMIFS(領用表!$L:$L,領用表!$A:$A,CN$2,領用表!$E:$E,B12) | CO12: =SUMIFS(領用表!$L:$L,領用表!$E:$E,$B12,領用表!$B:$B,CN$2&CO$2) | CP12: =SUMIFS(領用表!$L:$L,領用表!$E:$E,$B12,領用表!$B:$B,$CN$2&CP$2) | CQ12: =SUMIFS(領用表!$L:$L,領用表!$E:$E,$B12,領用表!$B:$B,$CN$2&CQ$2) | CR12: =SUMIFS(領用表!$L:$L,領用表!$E:$E,$B12,領用表!$B:$B,$CN$2&CR$2) | CS12: =SUMIFS(領用表!$L:$L,領用表!$A:$A,CS$2,領用表!$E:$E,B12) | CT12: =SUMIFS(領用表!$L:$L,領用表!$E:$E,$B12,領用表!$B:$B,CS$2&CT$2) | CU12: =SUMIFS(領用表!$L:$L,領用表!$E:$E,$B12,領用表!$B:$B,$CS$2&CU$2) | CV12: =SUMIFS(領用表!$L:$L,領用表!$E:$E,$B12,領用表!$B:$B,$CS$2&CV$2) | CW12: =SUMIFS(領用表!$L:$L,領用表!$E:$E,$B12,領用表!$B:$B,$CS$2&CW$2) | CX12: =SUMIFS(領用表!$L:$L,領用表!$E:$E,$B12,領用表!$B:$B,$CS$2&CX$2) | CY12: =SUMIFS(領用表!$L:$L,領用表!$A:$A,CY$2,領用表!$E:$E,B12) | CZ12: =SUMIFS(領用表!$L:$L,領用表!$E:$E,$B12,領用表!$B:$B,CY$2&CZ$2) | DA12: =SUMIFS(領用表!$L:$L,領用表!$E:$E,$B12,領用表!$B:$B,$CY$2&DA$2) | DB12: =SUMIFS(領用表!$L:$L,領用表!$E:$E,$B12,領用表!$B:$B,$CY$2&DB$2) | DC12: =SUMIFS(領用表!$L:$L,領用表!$E:$E,$B12,領用表!$B:$B,$CY$2&DC$2) | DD12: =SUMIFS(領用表!$L:$L,領用表!$E:$E,$B12,領用表!$B:$B,$CY$2&DD$2) | DE12: =SUMIFS(領用表!$L:$L,領用表!$A:$A,DE$2,領用表!$E:$E,B12) | DF12: =SUMIFS(領用表!$L:$L,領用表!$E:$E,$B12,領用表!$B:$B,DE$2&DF$2) | DG12: =SUMIFS(領用表!$L:$L,領用表!$E:$E,$B12,領用表!$B:$B,$DE$2&DG$2) | DH12: =SUMIFS(領用表!$L:$L,領用表!$E:$E,$B12,領用表!$B:$B,$DE$2&DH$2) | DI12: =SUMIFS(領用表!$L:$L,領用表!$E:$E,$B12,領用表!$B:$B,$DE$2&DI$2) | DJ12: =SUMIFS(領用表!$L:$L,領用表!$E:$E,$B12,領用表!$B:$B,$DE$2&DJ$2) | DK12: =SUMIFS(領用表!$L:$L,領用表!$A:$A,DK$2,領用表!$E:$E,$B12) | DL12: =SUMIFS(領用表!$L:$L,領用表!$E:$E,$B12,領用表!$B:$B,DK$2&DL$2) | DM12: =SUMIFS(領用表!$L:$L,領用表!$E:$E,$B12,領用表!$B:$B,$DK$2&DM$2) | DN12: =SUMIFS(領用表!$L:$L,領用表!$E:$E,$B12,領用表!$B:$B,$DK$2&DN$2) | DO12: =SUMIFS(領用表!$L:$L,領用表!$E:$E,$B12,領用表!$B:$B,$DK$2&DO$2) | DP12: =SUMIFS(領用表!$L:$L,領用表!$E:$E,$B12,領用表!$B:$B,$DK$2&DP$2) | DW12: =SUM(CN12,CS12,CY12,DE12,DK12,DQ12) | DX12: =AVERAGEA(CN12,CS12,CY12,DE12,DK12,DQ12) | DY12: =SUM(DZ12:EC12) | DZ12: 4 | EA12: 0 | EB12: 10 | EC12: 0 | ED12: 20 | EJ12: =IFERROR(VLOOKUP(A12,站前4樓!A:BF,57,0),0) | EK12: =IFERROR(VLOOKUP(A12,站前11樓!A:BE,57,0),0) | EL12: =IFERROR(VLOOKUP(A12,忠孝7樓!A:N,57,0),0) | EM12: =IFERROR(VLOOKUP(A12,忠孝國際醫學3樓!A:L,57,0),0) | EN12: =SUM(ED12:EG12) | EP12: 48 | EQ12: 8
A13: MP1MA010013A | B13: 6180013 | C13: MINT秘特拉提線FIX 18CM(1支) | D13: 20 | E13: PCS | F13: =SUMIF(站前4樓!B:B,B13,站前4樓!F:F) | G13: =SUMIF(站前11樓!B:B,B13,站前11樓!F:F) | H13: =SUMIF(忠孝7樓!B:B,B13,忠孝7樓!G:G) | I13: =SUMIF(忠孝國際醫學3樓!B:B,B13,忠孝國際醫學3樓!G:G) | J13: =SUMIF(忠孝健康7樓!B:B,B13,忠孝健康7樓!G:G) | K13: 0 | L13: 0 | M13: 0 | N13: 0 | O13: 0 | P13: 0 | Q13: 0 | R13: 0 | S13: 0 | T13: 0 | U13: 0 | V13: 0 | W13: 0 | X13: 0 | Y13: 0 | Z13: 0 | AA13: 0 | AB13: 0 | AC13: 0 | AD13: 0 | AE13: 0 | AF13: 0 | AG13: 0 | AH13: 0 | AI13: 0 | AJ13: 0 | AK13: 0 | AL13: 0 | AM13: 0.4 | AN13: 0 | AO13: 0.4 | AP13: 0.2 | AQ13: 0.8 | AR13: 0.2 | AS13: 0.6 | AT13: 0 | AU13: 0 | AV13: =SUM(AJ13:AU13) | AW13: =AV13/12 | AX13: 23 | AY13: 0 | AZ13: 0 | BA13: 0 | BB13: 8 | BC13: =SUMIFS(領用表!$L:$L,領用表!$A:$A,BC$2,領用表!$E:$E,B13) | BD13: =SUMIFS(領用表!$L:$L,領用表!$E:$E,$B13,領用表!$B:$B,BC$2&BD$2) | BE13: =SUMIFS(領用表!$L:$L,領用表!$E:$E,$B13,領用表!$B:$B,$BC$2&BE$2) | BF13: =SUMIFS(領用表!$L:$L,領用表!$E:$E,$B13,領用表!$B:$B,$BC$2&BF$2) | BG13: =SUMIFS(領用表!$L:$L,領用表!$E:$E,$B13,領用表!$B:$B,$BC$2&BG$2) | BH13: =SUMIFS(領用表!$L:$L,領用表!$A:$A,BH$2,領用表!$E:$E,B13) | BI13: =SUMIFS(領用表!$L:$L,領用表!$E:$E,$B13,領用表!$B:$B,BH$2&BI$2) | BJ13: =SUMIFS(領用表!$L:$L,領用表!$E:$E,$B13,領用表!$B:$B,$BH$2&BJ$2) | BK13: =SUMIFS(領用表!$L:$L,領用表!$E:$E,$B13,領用表!$B:$B,$BH$2&BK$2) | BL13: =SUMIFS(領用表!$L:$L,領用表!$E:$E,$B13,領用表!$B:$B,$BH$2&BL$2) | BM13: =SUMIFS(領用表!$L:$L,領用表!$A:$A,BM$2,領用表!$E:$E,B13) | BN13: =SUMIFS(領用表!$L:$L,領用表!$E:$E,$B13,領用表!$B:$B,BM$2&BN$2) | BO13: =SUMIFS(領用表!$L:$L,領用表!$E:$E,$B13,領用表!$B:$B,$BM$2&BO$2) | BP13: =SUMIFS(領用表!$L:$L,領用表!$E:$E,$B13,領用表!$B:$B,$BM$2&BP$2) | BQ13: =SUMIFS(領用表!$L:$L,領用表!$E:$E,$B13,領用表!$B:$B,$BM$2&BQ$2) | BR13: =SUMIFS(領用表!$L:$L,領用表!$A:$A,BR$2,領用表!$E:$E,B13) | BS13: =SUMIFS(領用表!$L:$L,領用表!$E:$E,$B13,領用表!$B:$B,BR$2&BS$2) | BT13: =SUMIFS(領用表!$L:$L,領用表!$E:$E,$B13,領用表!$B:$B,$BR$2&BT$2) | BU13: =SUMIFS(領用表!$L:$L,領用表!$E:$E,$B13,領用表!$B:$B,$BR$2&BU$2) | BV13: =SUMIFS(領用表!$L:$L,領用表!$E:$E,$B13,領用表!$B:$B,$BR$2&BV$2) | BW13: =SUMIFS(領用表!$L:$L,領用表!$A:$A,BW$2,領用表!$E:$E,B13) | BX13: =SUMIFS(領用表!$L:$L,領用表!$E:$E,$B13,領用表!$B:$B,BW$2&BX$2) | BY13: =SUMIFS(領用表!$L:$L,領用表!$E:$E,$B13,領用表!$B:$B,$BW$2&BY$2) | BZ13: =SUMIFS(領用表!$L:$L,領用表!$E:$E,$B13,領用表!$B:$B,$BW$2&BZ$2) | CA13: =SUMIFS(領用表!$L:$L,領用表!$E:$E,$B13,領用表!$B:$B,$BW$2&CA$2) | CB13: =SUMIFS(領用表!$L:$L,領用表!$A:$A,CB$2,領用表!$E:$E,B13) | CC13: =SUMIFS(領用表!$L:$L,領用表!$E:$E,$B13,領用表!$B:$B,CB$2&CC$2) | CD13: =SUMIFS(領用表!$L:$L,領用表!$E:$E,$B13,領用表!$B:$B,$CB$2&CD$2) | CE13: =SUMIFS(領用表!$L:$L,領用表!$E:$E,$B13,領用表!$B:$B,$CB$2&CE$2) | CF13: =SUMIFS(領用表!$L:$L,領用表!$E:$E,$B13,領用表!$B:$B,$CB$2&CF$2) | CG13: =SUMIFS(領用表!$L:$L,領用表!$A:$A,CG$2,領用表!$E:$E,B13) | CH13: =SUMIFS(領用表!$L:$L,領用表!$E:$E,$B13,領用表!$B:$B,CG$2&CH$2) | CI13: =SUMIFS(領用表!$L:$L,領用表!$E:$E,$B13,領用表!$B:$B,CG$2&CI$2) | CJ13: =SUMIFS(領用表!$L:$L,領用表!$E:$E,$B13,領用表!$B:$B,CG$2&CJ$2) | CK13: =SUMIFS(領用表!$L:$L,領用表!$E:$E,$B13,領用表!$B:$B,$CG$2&CK$2) | CL13: =SUM(AX13,AY13,AZ13,BA13,BB13,BC13,BH13,BM13,BR13,BW13,CB13,CG13) | CM13: =AVERAGE(AX13,AY13,AZ13,BA13,BB13,BC13,BH13,BM13,BR13,BW13,CB13,CG13) | CN13: =SUMIFS(領用表!$L:$L,領用表!$A:$A,CN$2,領用表!$E:$E,B13) | CO13: =SUMIFS(領用表!$L:$L,領用表!$E:$E,$B13,領用表!$B:$B,CN$2&CO$2) | CP13: =SUMIFS(領用表!$L:$L,領用表!$E:$E,$B13,領用表!$B:$B,$CN$2&CP$2) | CQ13: =SUMIFS(領用表!$L:$L,領用表!$E:$E,$B13,領用表!$B:$B,$CN$2&CQ$2) | CR13: =SUMIFS(領用表!$L:$L,領用表!$E:$E,$B13,領用表!$B:$B,$CN$2&CR$2) | CS13: =SUMIFS(領用表!$L:$L,領用表!$A:$A,CS$2,領用表!$E:$E,B13) | CT13: =SUMIFS(領用表!$L:$L,領用表!$E:$E,$B13,領用表!$B:$B,CS$2&CT$2) | CU13: =SUMIFS(領用表!$L:$L,領用表!$E:$E,$B13,領用表!$B:$B,$CS$2&CU$2) | CV13: =SUMIFS(領用表!$L:$L,領用表!$E:$E,$B13,領用表!$B:$B,$CS$2&CV$2) | CW13: =SUMIFS(領用表!$L:$L,領用表!$E:$E,$B13,領用表!$B:$B,$CS$2&CW$2) | CX13: =SUMIFS(領用表!$L:$L,領用表!$E:$E,$B13,領用表!$B:$B,$CS$2&CX$2) | CY13: =SUMIFS(領用表!$L:$L,領用表!$A:$A,CY$2,領用表!$E:$E,B13) | CZ13: =SUMIFS(領用表!$L:$L,領用表!$E:$E,$B13,領用表!$B:$B,CY$2&CZ$2) | DA13: =SUMIFS(領用表!$L:$L,領用表!$E:$E,$B13,領用表!$B:$B,$CY$2&DA$2) | DB13: =SUMIFS(領用表!$L:$L,領用表!$E:$E,$B13,領用表!$B:$B,$CY$2&DB$2) | DC13: =SUMIFS(領用表!$L:$L,領用表!$E:$E,$B13,領用表!$B:$B,$CY$2&DC$2) | DD13: =SUMIFS(領用表!$L:$L,領用表!$E:$E,$B13,領用表!$B:$B,$CY$2&DD$2) | DE13: =SUMIFS(領用表!$L:$L,領用表!$A:$A,DE$2,領用表!$E:$E,B13) | DF13: =SUMIFS(領用表!$L:$L,領用表!$E:$E,$B13,領用表!$B:$B,DE$2&DF$2) | DG13: =SUMIFS(領用表!$L:$L,領用表!$E:$E,$B13,領用表!$B:$B,$DE$2&DG$2) | DH13: =SUMIFS(領用表!$L:$L,領用表!$E:$E,$B13,領用表!$B:$B,$DE$2&DH$2) | DI13: =SUMIFS(領用表!$L:$L,領用表!$E:$E,$B13,領用表!$B:$B,$DE$2&DI$2) | DJ13: =SUMIFS(領用表!$L:$L,領用表!$E:$E,$B13,領用表!$B:$B,$DE$2&DJ$2) | DK13: =SUMIFS(領用表!$L:$L,領用表!$A:$A,DK$2,領用表!$E:$E,$B13) | DL13: =SUMIFS(領用表!$L:$L,領用表!$E:$E,$B13,領用表!$B:$B,DK$2&DL$2) | DM13: =SUMIFS(領用表!$L:$L,領用表!$E:$E,$B13,領用表!$B:$B,$DK$2&DM$2) | DN13: =SUMIFS(領用表!$L:$L,領用表!$E:$E,$B13,領用表!$B:$B,$DK$2&DN$2) | DO13: =SUMIFS(領用表!$L:$L,領用表!$E:$E,$B13,領用表!$B:$B,$DK$2&DO$2) | DP13: =SUMIFS(領用表!$L:$L,領用表!$E:$E,$B13,領用表!$B:$B,$DK$2&DP$2) | DW13: =SUM(CN13,CS13,CY13,DE13,DK13,DQ13) | DX13: =AVERAGEA(CN13,CS13,CY13,DE13,DK13,DQ13) | DY13: =SUM(DZ13:EC13) | DZ13: 1 | EA13: 0 | EB13: 5 | EC13: 0 | ED13: 20 | EJ13: =IFERROR(VLOOKUP(A13,站前4樓!A:BF,57,0),0) | EK13: =IFERROR(VLOOKUP(A13,站前11樓!A:BE,57,0),0) | EL13: =IFERROR(VLOOKUP(A13,忠孝7樓!A:N,57,0),0) | EM13: =IFERROR(VLOOKUP(A13,忠孝國際醫學3樓!A:L,57,0),0) | EN13: =SUM(ED13:EG13) | EP13: 40 | EQ13: 24
A14: MP1MA010014A | B14: 6180007 | C14: MINT秘特拉提線PETIT 15CM(1支) | D14: 20 | E14: PCS | F14: =SUMIF(站前4樓!B:B,B14,站前4樓!F:F) | G14: =SUMIF(站前11樓!B:B,B14,站前11樓!F:F) | H14: =SUMIF(忠孝7樓!B:B,B14,忠孝7樓!G:G) | I14: =SUMIF(忠孝國際醫學3樓!B:B,B14,忠孝國際醫學3樓!G:G) | J14: =SUMIF(忠孝健康7樓!B:B,B14,忠孝健康7樓!G:G) | K14: 0 | L14: 0 | M14: 0 | N14: 0 | O14: 0 | P14: 0 | Q14: 0 | R14: 0 | S14: 0 | T14: 0 | U14: 0 | V14: 0 | W14: 0 | X14: 0 | Y14: 0 | Z14: 0 | AA14: 0 | AB14: 0 | AC14: 0 | AD14: 0 | AE14: 0 | AF14: 0 | AG14: 0 | AH14: 0 | AI14: 0 | AJ14: 0 | AK14: 0 | AL14: 1 | AM14: 1.8 | AN14: 1.2 | AO14: 1.6 | AP14: 0.6 | AQ14: 2.2 | AR14: 0.8 | AS14: 1.2 | AT14: 0.6 | AU14: 24 | AV14: =SUM(AJ14:AU14) | AW14: =AV14/12 | AX14: 56 | AY14: 16 | AZ14: 0 | BA14: 0 | BB14: 4 | BC14: =SUMIFS(領用表!$L:$L,領用表!$A:$A,BC$2,領用表!$E:$E,B14) | BD14: =SUMIFS(領用表!$L:$L,領用表!$E:$E,$B14,領用表!$B:$B,BC$2&BD$2) | BE14: =SUMIFS(領用表!$L:$L,領用表!$E:$E,$B14,領用表!$B:$B,$BC$2&BE$2) | BF14: =SUMIFS(領用表!$L:$L,領用表!$E:$E,$B14,領用表!$B:$B,$BC$2&BF$2) | BG14: =SUMIFS(領用表!$L:$L,領用表!$E:$E,$B14,領用表!$B:$B,$BC$2&BG$2) | BH14: =SUMIFS(領用表!$L:$L,領用表!$A:$A,BH$2,領用表!$E:$E,B14) | BI14: =SUMIFS(領用表!$L:$L,領用表!$E:$E,$B14,領用表!$B:$B,BH$2&BI$2) | BJ14: =SUMIFS(領用表!$L:$L,領用表!$E:$E,$B14,領用表!$B:$B,$BH$2&BJ$2) | BK14: =SUMIFS(領用表!$L:$L,領用表!$E:$E,$B14,領用表!$B:$B,$BH$2&BK$2) | BL14: =SUMIFS(領用表!$L:$L,領用表!$E:$E,$B14,領用表!$B:$B,$BH$2&BL$2) | BM14: =SUMIFS(領用表!$L:$L,領用表!$A:$A,BM$2,領用表!$E:$E,B14) | BN14: =SUMIFS(領用表!$L:$L,領用表!$E:$E,$B14,領用表!$B:$B,BM$2&BN$2) | BO14: =SUMIFS(領用表!$L:$L,領用表!$E:$E,$B14,領用表!$B:$B,$BM$2&BO$2) | BP14: =SUMIFS(領用表!$L:$L,領用表!$E:$E,$B14,領用表!$B:$B,$BM$2&BP$2) | BQ14: =SUMIFS(領用表!$L:$L,領用表!$E:$E,$B14,領用表!$B:$B,$BM$2&BQ$2) | BR14: =SUMIFS(領用表!$L:$L,領用表!$A:$A,BR$2,領用表!$E:$E,B14) | BS14: =SUMIFS(領用表!$L:$L,領用表!$E:$E,$B14,領用表!$B:$B,BR$2&BS$2) | BT14: =SUMIFS(領用表!$L:$L,領用表!$E:$E,$B14,領用表!$B:$B,$BR$2&BT$2) | BU14: =SUMIFS(領用表!$L:$L,領用表!$E:$E,$B14,領用表!$B:$B,$BR$2&BU$2) | BV14: =SUMIFS(領用表!$L:$L,領用表!$E:$E,$B14,領用表!$B:$B,$BR$2&BV$2) | BW14: =SUMIFS(領用表!$L:$L,領用表!$A:$A,BW$2,領用表!$E:$E,B14) | BX14: =SUMIFS(領用表!$L:$L,領用表!$E:$E,$B14,領用表!$B:$B,BW$2&BX$2) | BY14: =SUMIFS(領用表!$L:$L,領用表!$E:$E,$B14,領用表!$B:$B,$BW$2&BY$2) | BZ14: =SUMIFS(領用表!$L:$L,領用表!$E:$E,$B14,領用表!$B:$B,$BW$2&BZ$2) | CA14: =SUMIFS(領用表!$L:$L,領用表!$E:$E,$B14,領用表!$B:$B,$BW$2&CA$2) | CB14: =SUMIFS(領用表!$L:$L,領用表!$A:$A,CB$2,領用表!$E:$E,B14) | CC14: =SUMIFS(領用表!$L:$L,領用表!$E:$E,$B14,領用表!$B:$B,CB$2&CC$2) | CD14: =SUMIFS(領用表!$L:$L,領用表!$E:$E,$B14,領用表!$B:$B,$CB$2&CD$2) | CE14: =SUMIFS(領用表!$L:$L,領用表!$E:$E,$B14,領用表!$B:$B,$CB$2&CE$2) | CF14: =SUMIFS(領用表!$L:$L,領用表!$E:$E,$B14,領用表!$B:$B,$CB$2&CF$2) | CG14: =SUMIFS(領用表!$L:$L,領用表!$A:$A,CG$2,領用表!$E:$E,B14) | CH14: =SUMIFS(領用表!$L:$L,領用表!$E:$E,$B14,領用表!$B:$B,CG$2&CH$2) | CI14: =SUMIFS(領用表!$L:$L,領用表!$E:$E,$B14,領用表!$B:$B,CG$2&CI$2) | CJ14: =SUMIFS(領用表!$L:$L,領用表!$E:$E,$B14,領用表!$B:$B,CG$2&CJ$2) | CK14: =SUMIFS(領用表!$L:$L,領用表!$E:$E,$B14,領用表!$B:$B,$CG$2&CK$2) | CL14: =SUM(AX14,AY14,AZ14,BA14,BB14,BC14,BH14,BM14,BR14,BW14,CB14,CG14) | CM14: =AVERAGE(AX14,AY14,AZ14,BA14,BB14,BC14,BH14,BM14,BR14,BW14,CB14,CG14) | CN14: =SUMIFS(領用表!$L:$L,領用表!$A:$A,CN$2,領用表!$E:$E,B14) | CO14: =SUMIFS(領用表!$L:$L,領用表!$E:$E,$B14,領用表!$B:$B,CN$2&CO$2) | CP14: =SUMIFS(領用表!$L:$L,領用表!$E:$E,$B14,領用表!$B:$B,$CN$2&CP$2) | CQ14: =SUMIFS(領用表!$L:$L,領用表!$E:$E,$B14,領用表!$B:$B,$CN$2&CQ$2) | CR14: =SUMIFS(領用表!$L:$L,領用表!$E:$E,$B14,領用表!$B:$B,$CN$2&CR$2) | CS14: =SUMIFS(領用表!$L:$L,領用表!$A:$A,CS$2,領用表!$E:$E,B14) | CT14: =SUMIFS(領用表!$L:$L,領用表!$E:$E,$B14,領用表!$B:$B,CS$2&CT$2) | CU14: =SUMIFS(領用表!$L:$L,領用表!$E:$E,$B14,領用表!$B:$B,$CS$2&CU$2) | CV14: =SUMIFS(領用表!$L:$L,領用表!$E:$E,$B14,領用表!$B:$B,$CS$2&CV$2) | CW14: =SUMIFS(領用表!$L:$L,領用表!$E:$E,$B14,領用表!$B:$B,$CS$2&CW$2) | CX14: =SUMIFS(領用表!$L:$L,領用表!$E:$E,$B14,領用表!$B:$B,$CS$2&CX$2) | CY14: =SUMIFS(領用表!$L:$L,領用表!$A:$A,CY$2,領用表!$E:$E,B14) | CZ14: =SUMIFS(領用表!$L:$L,領用表!$E:$E,$B14,領用表!$B:$B,CY$2&CZ$2) | DA14: =SUMIFS(領用表!$L:$L,領用表!$E:$E,$B14,領用表!$B:$B,$CY$2&DA$2) | DB14: =SUMIFS(領用表!$L:$L,領用表!$E:$E,$B14,領用表!$B:$B,$CY$2&DB$2) | DC14: =SUMIFS(領用表!$L:$L,領用表!$E:$E,$B14,領用表!$B:$B,$CY$2&DC$2) | DD14: =SUMIFS(領用表!$L:$L,領用表!$E:$E,$B14,領用表!$B:$B,$CY$2&DD$2) | DE14: =SUMIFS(領用表!$L:$L,領用表!$A:$A,DE$2,領用表!$E:$E,B14) | DF14: =SUMIFS(領用表!$L:$L,領用表!$E:$E,$B14,領用表!$B:$B,DE$2&DF$2) | DG14: =SUMIFS(領用表!$L:$L,領用表!$E:$E,$B14,領用表!$B:$B,$DE$2&DG$2) | DH14: =SUMIFS(領用表!$L:$L,領用表!$E:$E,$B14,領用表!$B:$B,$DE$2&DH$2) | DI14: =SUMIFS(領用表!$L:$L,領用表!$E:$E,$B14,領用表!$B:$B,$DE$2&DI$2) | DJ14: =SUMIFS(領用表!$L:$L,領用表!$E:$E,$B14,領用表!$B:$B,$DE$2&DJ$2) | DK14: =SUMIFS(領用表!$L:$L,領用表!$A:$A,DK$2,領用表!$E:$E,$B14) | DL14: =SUMIFS(領用表!$L:$L,領用表!$E:$E,$B14,領用表!$B:$B,DK$2&DL$2) | DM14: =SUMIFS(領用表!$L:$L,領用表!$E:$E,$B14,領用表!$B:$B,$DK$2&DM$2) | DN14: =SUMIFS(領用表!$L:$L,領用表!$E:$E,$B14,領用表!$B:$B,$DK$2&DN$2) | DO14: =SUMIFS(領用表!$L:$L,領用表!$E:$E,$B14,領用表!$B:$B,$DK$2&DO$2) | DP14: =SUMIFS(領用表!$L:$L,領用表!$E:$E,$B14,領用表!$B:$B,$DK$2&DP$2) | DW14: =SUM(CN14,CS14,CY14,DE14,DK14,DQ14) | DX14: =AVERAGEA(CN14,CS14,CY14,DE14,DK14,DQ14) | DY14: =SUM(DZ14:EC14) | DZ14: 4 | EA14: 0 | EB14: 12 | EC14: 0 | ED14: 20 | EJ14: =IFERROR(VLOOKUP(A14,站前4樓!A:BF,57,0),0) | EK14: =IFERROR(VLOOKUP(A14,站前11樓!A:BE,57,0),0) | EL14: =IFERROR(VLOOKUP(A14,忠孝7樓!A:N,57,0),0) | EM14: =IFERROR(VLOOKUP(A14,忠孝國際醫學3樓!A:L,57,0),0) | EN14: =SUM(ED14:EG14) | EP14: 8 | EQ14: 32
A15: MP1MA010015A | B15: 6180009 | C15: MINT秘特拉提線TIP 4CM(1支) | D15: 10 | E15: PCS | F15: =SUMIF(站前4樓!B:B,B15,站前4樓!F:F) | G15: =SUMIF(站前11樓!B:B,B15,站前11樓!F:F) | H15: =SUMIF(忠孝7樓!B:B,B15,忠孝7樓!G:G) | I15: =SUMIF(忠孝國際醫學3樓!B:B,B15,忠孝國際醫學3樓!G:G) | J15: =SUMIF(忠孝健康7樓!B:B,B15,忠孝健康7樓!G:G) | K15: 0 | L15: 0 | M15: 0 | N15: 0 | O15: 0 | P15: 0 | Q15: 0 | R15: 0 | S15: 0 | T15: 0 | U15: 0 | V15: 0 | W15: 0 | X15: 0 | Y15: 0 | Z15: 0 | AA15: 0 | AB15: 0 | AC15: 0 | AD15: 0 | AE15: 0 | AF15: 0 | AG15: 0 | AH15: 0 | AI15: 0 | AJ15: 0.4 | AK15: 0.2 | AL15: 0.8 | AM15: 0.2 | AN15: 1.4 | AO15: 0.8 | AP15: 0.6 | AQ15: 0.6 | AR15: 0.4 | AS15: 0.6 | AT15: 0.6 | AU15: 0 | AV15: =SUM(AJ15:AU15) | AW15: =AV15/12 | AX15: 4 | AY15: 4 | AZ15: 12 | BA15: 0 | BB15: 8 | BC15: =SUMIFS(領用表!$L:$L,領用表!$A:$A,BC$2,領用表!$E:$E,B15) | BD15: =SUMIFS(領用表!$L:$L,領用表!$E:$E,$B15,領用表!$B:$B,BC$2&BD$2) | BE15: =SUMIFS(領用表!$L:$L,領用表!$E:$E,$B15,領用表!$B:$B,$BC$2&BE$2) | BF15: =SUMIFS(領用表!$L:$L,領用表!$E:$E,$B15,領用表!$B:$B,$BC$2&BF$2) | BG15: =SUMIFS(領用表!$L:$L,領用表!$E:$E,$B15,領用表!$B:$B,$BC$2&BG$2) | BH15: =SUMIFS(領用表!$L:$L,領用表!$A:$A,BH$2,領用表!$E:$E,B15) | BI15: =SUMIFS(領用表!$L:$L,領用表!$E:$E,$B15,領用表!$B:$B,BH$2&BI$2) | BJ15: =SUMIFS(領用表!$L:$L,領用表!$E:$E,$B15,領用表!$B:$B,$BH$2&BJ$2) | BK15: =SUMIFS(領用表!$L:$L,領用表!$E:$E,$B15,領用表!$B:$B,$BH$2&BK$2) | BL15: =SUMIFS(領用表!$L:$L,領用表!$E:$E,$B15,領用表!$B:$B,$BH$2&BL$2) | BM15: =SUMIFS(領用表!$L:$L,領用表!$A:$A,BM$2,領用表!$E:$E,B15) | BN15: =SUMIFS(領用表!$L:$L,領用表!$E:$E,$B15,領用表!$B:$B,BM$2&BN$2) | BO15: =SUMIFS(領用表!$L:$L,領用表!$E:$E,$B15,領用表!$B:$B,$BM$2&BO$2) | BP15: =SUMIFS(領用表!$L:$L,領用表!$E:$E,$B15,領用表!$B:$B,$BM$2&BP$2) | BQ15: =SUMIFS(領用表!$L:$L,領用表!$E:$E,$B15,領用表!$B:$B,$BM$2&BQ$2) | BR15: =SUMIFS(領用表!$L:$L,領用表!$A:$A,BR$2,領用表!$E:$E,B15) | BS15: =SUMIFS(領用表!$L:$L,領用表!$E:$E,$B15,領用表!$B:$B,BR$2&BS$2) | BT15: =SUMIFS(領用表!$L:$L,領用表!$E:$E,$B15,領用表!$B:$B,$BR$2&BT$2) | BU15: =SUMIFS(領用表!$L:$L,領用表!$E:$E,$B15,領用表!$B:$B,$BR$2&BU$2) | BV15: =SUMIFS(領用表!$L:$L,領用表!$E:$E,$B15,領用表!$B:$B,$BR$2&BV$2) | BW15: =SUMIFS(領用表!$L:$L,領用表!$A:$A,BW$2,領用表!$E:$E,B15) | BX15: =SUMIFS(領用表!$L:$L,領用表!$E:$E,$B15,領用表!$B:$B,BW$2&BX$2) | BY15: =SUMIFS(領用表!$L:$L,領用表!$E:$E,$B15,領用表!$B:$B,$BW$2&BY$2) | BZ15: =SUMIFS(領用表!$L:$L,領用表!$E:$E,$B15,領用表!$B:$B,$BW$2&BZ$2) | CA15: =SUMIFS(領用表!$L:$L,領用表!$E:$E,$B15,領用表!$B:$B,$BW$2&CA$2) | CB15: =SUMIFS(領用表!$L:$L,領用表!$A:$A,CB$2,領用表!$E:$E,B15) | CC15: =SUMIFS(領用表!$L:$L,領用表!$E:$E,$B15,領用表!$B:$B,CB$2&CC$2) | CD15: =SUMIFS(領用表!$L:$L,領用表!$E:$E,$B15,領用表!$B:$B,$CB$2&CD$2) | CE15: =SUMIFS(領用表!$L:$L,領用表!$E:$E,$B15,領用表!$B:$B,$CB$2&CE$2) | CF15: =SUMIFS(領用表!$L:$L,領用表!$E:$E,$B15,領用表!$B:$B,$CB$2&CF$2) | CG15: =SUMIFS(領用表!$L:$L,領用表!$A:$A,CG$2,領用表!$E:$E,B15) | CH15: =SUMIFS(領用表!$L:$L,領用表!$E:$E,$B15,領用表!$B:$B,CG$2&CH$2) | CI15: =SUMIFS(領用表!$L:$L,領用表!$E:$E,$B15,領用表!$B:$B,CG$2&CI$2) | CJ15: =SUMIFS(領用表!$L:$L,領用表!$E:$E,$B15,領用表!$B:$B,CG$2&CJ$2) | CK15: =SUMIFS(領用表!$L:$L,領用表!$E:$E,$B15,領用表!$B:$B,$CG$2&CK$2) | CL15: =SUM(AX15,AY15,AZ15,BA15,BB15,BC15,BH15,BM15,BR15,BW15,CB15,CG15) | CM15: =AVERAGE(AX15,AY15,AZ15,BA15,BB15,BC15,BH15,BM15,BR15,BW15,CB15,CG15) | CN15: =SUMIFS(領用表!$L:$L,領用表!$A:$A,CN$2,領用表!$E:$E,B15) | CO15: =SUMIFS(領用表!$L:$L,領用表!$E:$E,$B15,領用表!$B:$B,CN$2&CO$2) | CP15: =SUMIFS(領用表!$L:$L,領用表!$E:$E,$B15,領用表!$B:$B,$CN$2&CP$2) | CQ15: =SUMIFS(領用表!$L:$L,領用表!$E:$E,$B15,領用表!$B:$B,$CN$2&CQ$2) | CR15: =SUMIFS(領用表!$L:$L,領用表!$E:$E,$B15,領用表!$B:$B,$CN$2&CR$2) | CS15: =SUMIFS(領用表!$L:$L,領用表!$A:$A,CS$2,領用表!$E:$E,B15) | CT15: =SUMIFS(領用表!$L:$L,領用表!$E:$E,$B15,領用表!$B:$B,CS$2&CT$2) | CU15: =SUMIFS(領用表!$L:$L,領用表!$E:$E,$B15,領用表!$B:$B,$CS$2&CU$2) | CV15: =SUMIFS(領用表!$L:$L,領用表!$E:$E,$B15,領用表!$B:$B,$CS$2&CV$2) | CW15: =SUMIFS(領用表!$L:$L,領用表!$E:$E,$B15,領用表!$B:$B,$CS$2&CW$2) | CX15: =SUMIFS(領用表!$L:$L,領用表!$E:$E,$B15,領用表!$B:$B,$CS$2&CX$2) | CY15: =SUMIFS(領用表!$L:$L,領用表!$A:$A,CY$2,領用表!$E:$E,B15) | CZ15: =SUMIFS(領用表!$L:$L,領用表!$E:$E,$B15,領用表!$B:$B,CY$2&CZ$2) | DA15: =SUMIFS(領用表!$L:$L,領用表!$E:$E,$B15,領用表!$B:$B,$CY$2&DA$2) | DB15: =SUMIFS(領用表!$L:$L,領用表!$E:$E,$B15,領用表!$B:$B,$CY$2&DB$2) | DC15: =SUMIFS(領用表!$L:$L,領用表!$E:$E,$B15,領用表!$B:$B,$CY$2&DC$2) | DD15: =SUMIFS(領用表!$L:$L,領用表!$E:$E,$B15,領用表!$B:$B,$CY$2&DD$2) | DE15: =SUMIFS(領用表!$L:$L,領用表!$A:$A,DE$2,領用表!$E:$E,B15) | DF15: =SUMIFS(領用表!$L:$L,領用表!$E:$E,$B15,領用表!$B:$B,DE$2&DF$2) | DG15: =SUMIFS(領用表!$L:$L,領用表!$E:$E,$B15,領用表!$B:$B,$DE$2&DG$2) | DH15: =SUMIFS(領用表!$L:$L,領用表!$E:$E,$B15,領用表!$B:$B,$DE$2&DH$2) | DI15: =SUMIFS(領用表!$L:$L,領用表!$E:$E,$B15,領用表!$B:$B,$DE$2&DI$2) | DJ15: =SUMIFS(領用表!$L:$L,領用表!$E:$E,$B15,領用表!$B:$B,$DE$2&DJ$2) | DK15: =SUMIFS(領用表!$L:$L,領用表!$A:$A,DK$2,領用表!$E:$E,$B15) | DL15: =SUMIFS(領用表!$L:$L,領用表!$E:$E,$B15,領用表!$B:$B,DK$2&DL$2) | DM15: =SUMIFS(領用表!$L:$L,領用表!$E:$E,$B15,領用表!$B:$B,$DK$2&DM$2) | DN15: =SUMIFS(領用表!$L:$L,領用表!$E:$E,$B15,領用表!$B:$B,$DK$2&DN$2) | DO15: =SUMIFS(領用表!$L:$L,領用表!$E:$E,$B15,領用表!$B:$B,$DK$2&DO$2) | DP15: =SUMIFS(領用表!$L:$L,領用表!$E:$E,$B15,領用表!$B:$B,$DK$2&DP$2) | DQ15: 4 | DT15: 4 | DW15: =SUM(CN15,CS15,CY15,DE15,DK15,DQ15) | DX15: =AVERAGEA(CN15,CS15,CY15,DE15,DK15,DQ15) | DY15: =SUM(DZ15:EC15) | DZ15: 8 | EA15: 0 | EB15: 12 | EC15: 0 | ED15: 20 | EJ15: =IFERROR(VLOOKUP(A15,站前4樓!A:BF,57,0),0) | EK15: =IFERROR(VLOOKUP(A15,站前11樓!A:BE,57,0),0) | EL15: =IFERROR(VLOOKUP(A15,忠孝7樓!A:N,57,0),0) | EM15: =IFERROR(VLOOKUP(A15,忠孝國際醫學3樓!A:L,57,0),0) | EN15: =SUM(ED15:EG15) | EP15: 36 | EQ15: 52
A16: MP1MA010016A | B16: 6180011 | C16: MINT秘特拉提線UP 9.5CM(1支) | D16: 10 | E16: PCS | F16: =SUMIF(站前4樓!B:B,B16,站前4樓!F:F) | G16: =SUMIF(站前11樓!B:B,B16,站前11樓!F:F) | H16: =SUMIF(忠孝7樓!B:B,B16,忠孝7樓!G:G) | I16: =SUMIF(忠孝國際醫學3樓!B:B,B16,忠孝國際醫學3樓!G:G) | J16: =SUMIF(忠孝健康7樓!B:B,B16,忠孝健康7樓!G:G) | K16: 0 | L16: 0 | M16: 0 | N16: 0 | O16: 0 | P16: 0 | Q16: 0 | R16: 0 | S16: 0 | T16: 0 | U16: 0 | V16: 0 | W16: 0 | X16: 0 | Y16: 0 | Z16: 0 | AA16: 0 | AB16: 0 | AC16: 0 | AD16: 0 | AE16: 0 | AF16: 0 | AG16: 0 | AH16: 0 | AI16: 0 | AJ16: 1.2 | AK16: 1.2 | AL16: 2.8 | AM16: 0.8 | AN16: 4 | AO16: 1 | AP16: 1.2 | AQ16: 0 | AR16: 0 | AS16: 0 | AT16: 0 | AU16: 4 | AV16: =SUM(AJ16:AU16) | AW16: =AV16/12 | AX16: 12 | AY16: 0 | AZ16: 40 | BA16: 4 | BB16: 16 | BC16: =SUMIFS(領用表!$L:$L,領用表!$A:$A,BC$2,領用表!$E:$E,B16) | BD16: =SUMIFS(領用表!$L:$L,領用表!$E:$E,$B16,領用表!$B:$B,BC$2&BD$2) | BE16: =SUMIFS(領用表!$L:$L,領用表!$E:$E,$B16,領用表!$B:$B,$BC$2&BE$2) | BF16: =SUMIFS(領用表!$L:$L,領用表!$E:$E,$B16,領用表!$B:$B,$BC$2&BF$2) | BG16: =SUMIFS(領用表!$L:$L,領用表!$E:$E,$B16,領用表!$B:$B,$BC$2&BG$2) | BH16: =SUMIFS(領用表!$L:$L,領用表!$A:$A,BH$2,領用表!$E:$E,B16) | BI16: =SUMIFS(領用表!$L:$L,領用表!$E:$E,$B16,領用表!$B:$B,BH$2&BI$2) | BJ16: =SUMIFS(領用表!$L:$L,領用表!$E:$E,$B16,領用表!$B:$B,$BH$2&BJ$2) | BK16: =SUMIFS(領用表!$L:$L,領用表!$E:$E,$B16,領用表!$B:$B,$BH$2&BK$2) | BL16: =SUMIFS(領用表!$L:$L,領用表!$E:$E,$B16,領用表!$B:$B,$BH$2&BL$2) | BM16: =SUMIFS(領用表!$L:$L,領用表!$A:$A,BM$2,領用表!$E:$E,B16) | BN16: =SUMIFS(領用表!$L:$L,領用表!$E:$E,$B16,領用表!$B:$B,BM$2&BN$2) | BO16: =SUMIFS(領用表!$L:$L,領用表!$E:$E,$B16,領用表!$B:$B,$BM$2&BO$2) | BP16: =SUMIFS(領用表!$L:$L,領用表!$E:$E,$B16,領用表!$B:$B,$BM$2&BP$2) | BQ16: =SUMIFS(領用表!$L:$L,領用表!$E:$E,$B16,領用表!$B:$B,$BM$2&BQ$2) | BR16: =SUMIFS(領用表!$L:$L,領用表!$A:$A,BR$2,領用表!$E:$E,B16) | BS16: =SUMIFS(領用表!$L:$L,領用表!$E:$E,$B16,領用表!$B:$B,BR$2&BS$2) | BT16: =SUMIFS(領用表!$L:$L,領用表!$E:$E,$B16,領用表!$B:$B,$BR$2&BT$2) | BU16: =SUMIFS(領用表!$L:$L,領用表!$E:$E,$B16,領用表!$B:$B,$BR$2&BU$2) | BV16: =SUMIFS(領用表!$L:$L,領用表!$E:$E,$B16,領用表!$B:$B,$BR$2&BV$2) | BW16: =SUMIFS(領用表!$L:$L,領用表!$A:$A,BW$2,領用表!$E:$E,B16) | BX16: =SUMIFS(領用表!$L:$L,領用表!$E:$E,$B16,領用表!$B:$B,BW$2&BX$2) | BY16: =SUMIFS(領用表!$L:$L,領用表!$E:$E,$B16,領用表!$B:$B,$BW$2&BY$2) | BZ16: =SUMIFS(領用表!$L:$L,領用表!$E:$E,$B16,領用表!$B:$B,$BW$2&BZ$2) | CA16: =SUMIFS(領用表!$L:$L,領用表!$E:$E,$B16,領用表!$B:$B,$BW$2&CA$2) | CB16: =SUMIFS(領用表!$L:$L,領用表!$A:$A,CB$2,領用表!$E:$E,B16) | CC16: =SUMIFS(領用表!$L:$L,領用表!$E:$E,$B16,領用表!$B:$B,CB$2&CC$2) | CD16: =SUMIFS(領用表!$L:$L,領用表!$E:$E,$B16,領用表!$B:$B,$CB$2&CD$2) | CE16: =SUMIFS(領用表!$L:$L,領用表!$E:$E,$B16,領用表!$B:$B,$CB$2&CE$2) | CF16: =SUMIFS(領用表!$L:$L,領用表!$E:$E,$B16,領用表!$B:$B,$CB$2&CF$2) | CG16: =SUMIFS(領用表!$L:$L,領用表!$A:$A,CG$2,領用表!$E:$E,B16) | CH16: =SUMIFS(領用表!$L:$L,領用表!$E:$E,$B16,領用表!$B:$B,CG$2&CH$2) | CI16: =SUMIFS(領用表!$L:$L,領用表!$E:$E,$B16,領用表!$B:$B,CG$2&CI$2) | CJ16: =SUMIFS(領用表!$L:$L,領用表!$E:$E,$B16,領用表!$B:$B,CG$2&CJ$2) | CK16: =SUMIFS(領用表!$L:$L,領用表!$E:$E,$B16,領用表!$B:$B,$CG$2&CK$2) | CL16: =SUM(AX16,AY16,AZ16,BA16,BB16,BC16,BH16,BM16,BR16,BW16,CB16,CG16) | CM16: =AVERAGE(AX16,AY16,AZ16,BA16,BB16,BC16,BH16,BM16,BR16,BW16,CB16,CG16) | CN16: =SUMIFS(領用表!$L:$L,領用表!$A:$A,CN$2,領用表!$E:$E,B16) | CO16: =SUMIFS(領用表!$L:$L,領用表!$E:$E,$B16,領用表!$B:$B,CN$2&CO$2) | CP16: =SUMIFS(領用表!$L:$L,領用表!$E:$E,$B16,領用表!$B:$B,$CN$2&CP$2) | CQ16: =SUMIFS(領用表!$L:$L,領用表!$E:$E,$B16,領用表!$B:$B,$CN$2&CQ$2) | CR16: =SUMIFS(領用表!$L:$L,領用表!$E:$E,$B16,領用表!$B:$B,$CN$2&CR$2) | CS16: =SUMIFS(領用表!$L:$L,領用表!$A:$A,CS$2,領用表!$E:$E,B16) | CT16: =SUMIFS(領用表!$L:$L,領用表!$E:$E,$B16,領用表!$B:$B,CS$2&CT$2) | CU16: =SUMIFS(領用表!$L:$L,領用表!$E:$E,$B16,領用表!$B:$B,$CS$2&CU$2) | CV16: =SUMIFS(領用表!$L:$L,領用表!$E:$E,$B16,領用表!$B:$B,$CS$2&CV$2) | CW16: =SUMIFS(領用表!$L:$L,領用表!$E:$E,$B16,領用表!$B:$B,$CS$2&CW$2) | CX16: =SUMIFS(領用表!$L:$L,領用表!$E:$E,$B16,領用表!$B:$B,$CS$2&CX$2) | CY16: =SUMIFS(領用表!$L:$L,領用表!$A:$A,CY$2,領用表!$E:$E,B16) | CZ16: =SUMIFS(領用表!$L:$L,領用表!$E:$E,$B16,領用表!$B:$B,CY$2&CZ$2) | DA16: =SUMIFS(領用表!$L:$L,領用表!$E:$E,$B16,領用表!$B:$B,$CY$2&DA$2) | DB16: =SUMIFS(領用表!$L:$L,領用表!$E:$E,$B16,領用表!$B:$B,$CY$2&DB$2) | DC16: =SUMIFS(領用表!$L:$L,領用表!$E:$E,$B16,領用表!$B:$B,$CY$2&DC$2) | DD16: =SUMIFS(領用表!$L:$L,領用表!$E:$E,$B16,領用表!$B:$B,$CY$2&DD$2) | DE16: =SUMIFS(領用表!$L:$L,領用表!$A:$A,DE$2,領用表!$E:$E,B16) | DF16: =SUMIFS(領用表!$L:$L,領用表!$E:$E,$B16,領用表!$B:$B,DE$2&DF$2) | DG16: =SUMIFS(領用表!$L:$L,領用表!$E:$E,$B16,領用表!$B:$B,$DE$2&DG$2) | DH16: =SUMIFS(領用表!$L:$L,領用表!$E:$E,$B16,領用表!$B:$B,$DE$2&DH$2) | DI16: =SUMIFS(領用表!$L:$L,領用表!$E:$E,$B16,領用表!$B:$B,$DE$2&DI$2) | DJ16: =SUMIFS(領用表!$L:$L,領用表!$E:$E,$B16,領用表!$B:$B,$DE$2&DJ$2) | DK16: =SUMIFS(領用表!$L:$L,領用表!$A:$A,DK$2,領用表!$E:$E,$B16) | DL16: =SUMIFS(領用表!$L:$L,領用表!$E:$E,$B16,領用表!$B:$B,DK$2&DL$2) | DM16: =SUMIFS(領用表!$L:$L,領用表!$E:$E,$B16,領用表!$B:$B,$DK$2&DM$2) | DN16: =SUMIFS(領用表!$L:$L,領用表!$E:$E,$B16,領用表!$B:$B,$DK$2&DN$2) | DO16: =SUMIFS(領用表!$L:$L,領用表!$E:$E,$B16,領用表!$B:$B,$DK$2&DO$2) | DP16: =SUMIFS(領用表!$L:$L,領用表!$E:$E,$B16,領用表!$B:$B,$DK$2&DP$2) | DW16: =SUM(CN16,CS16,CY16,DE16,DK16,DQ16) | DX16: =AVERAGEA(CN16,CS16,CY16,DE16,DK16,DQ16) | DY16: =SUM(DZ16:EC16) | DZ16: 8 | EA16: 0 | EB16: 20 | EC16: 0 | ED16: 20 | EJ16: =IFERROR(VLOOKUP(A16,站前4樓!A:BF,57,0),0) | EK16: =IFERROR(VLOOKUP(A16,站前11樓!A:BE,57,0),0) | EL16: =IFERROR(VLOOKUP(A16,忠孝7樓!A:N,57,0),0) | EM16: =IFERROR(VLOOKUP(A16,忠孝國際醫學3樓!A:L,57,0),0) | EN16: =SUM(ED16:EG16) | EP16: 20 | EQ16: 34
A17: MP1MA070006A | B17: 6210001 | C17: 水光針針頭/ 31G/ 9pin/ 1.0mm(1支) | D17: 20 | E17: PCS | F17: =SUMIF(站前4樓!B:B,B17,站前4樓!F:F) | G17: =SUMIF(站前11樓!B:B,B17,站前11樓!F:F) | H17: =SUMIF(忠孝7樓!B:B,B17,忠孝7樓!G:G) | I17: =SUMIF(忠孝國際醫學3樓!B:B,B17,忠孝國際醫學3樓!G:G) | J17: =SUMIF(忠孝健康7樓!B:B,B17,忠孝健康7樓!G:G) | K17: 0 | L17: 0 | M17: 0 | N17: 0 | O17: 0 | P17: 0 | Q17: 0 | R17: 0 | S17: 0 | T17: 0 | U17: 0 | V17: 0 | W17: 0 | X17: 0 | Y17: 0 | Z17: 0 | AA17: 0 | AB17: 1 | AC17: 0 | AD17: 0 | AE17: 0 | AF17: 0 | AG17: 1 | AH17: 0 | AI17: 0 | AJ17: 0.05 | AK17: 0.1 | AL17: 0.15 | AM17: 0.15 | AN17: 0.05 | AO17: 0.35 | AP17: 0.65 | AQ17: 1.2 | AR17: 0 | AS17: 0.3 | AT17: 0 | AU17: 0 | AV17: =SUM(AJ17:AU17) | AW17: =AV17/12 | AX17: 6 | AY17: 1 | AZ17: 7 | BA17: 10 | BB17: 0 | BC17: =SUMIFS(領用表!$L:$L,領用表!$A:$A,BC$2,領用表!$E:$E,B17) | BD17: =SUMIFS(領用表!$L:$L,領用表!$E:$E,$B17,領用表!$B:$B,BC$2&BD$2) | BE17: =SUMIFS(領用表!$L:$L,領用表!$E:$E,$B17,領用表!$B:$B,$BC$2&BE$2) | BF17: =SUMIFS(領用表!$L:$L,領用表!$E:$E,$B17,領用表!$B:$B,$BC$2&BF$2) | BG17: =SUMIFS(領用表!$L:$L,領用表!$E:$E,$B17,領用表!$B:$B,$BC$2&BG$2) | BH17: =SUMIFS(領用表!$L:$L,領用表!$A:$A,BH$2,領用表!$E:$E,B17) | BI17: =SUMIFS(領用表!$L:$L,領用表!$E:$E,$B17,領用表!$B:$B,BH$2&BI$2) | BJ17: =SUMIFS(領用表!$L:$L,領用表!$E:$E,$B17,領用表!$B:$B,$BH$2&BJ$2) | BK17: =SUMIFS(領用表!$L:$L,領用表!$E:$E,$B17,領用表!$B:$B,$BH$2&BK$2) | BL17: =SUMIFS(領用表!$L:$L,領用表!$E:$E,$B17,領用表!$B:$B,$BH$2&BL$2) | BM17: =SUMIFS(領用表!$L:$L,領用表!$A:$A,BM$2,領用表!$E:$E,B17) | BN17: =SUMIFS(領用表!$L:$L,領用表!$E:$E,$B17,領用表!$B:$B,BM$2&BN$2) | BO17: =SUMIFS(領用表!$L:$L,領用表!$E:$E,$B17,領用表!$B:$B,$BM$2&BO$2) | BP17: =SUMIFS(領用表!$L:$L,領用表!$E:$E,$B17,領用表!$B:$B,$BM$2&BP$2) | BQ17: =SUMIFS(領用表!$L:$L,領用表!$E:$E,$B17,領用表!$B:$B,$BM$2&BQ$2) | BR17: =SUMIFS(領用表!$L:$L,領用表!$A:$A,BR$2,領用表!$E:$E,B17) | BS17: =SUMIFS(領用表!$L:$L,領用表!$E:$E,$B17,領用表!$B:$B,BR$2&BS$2) | BT17: =SUMIFS(領用表!$L:$L,領用表!$E:$E,$B17,領用表!$B:$B,$BR$2&BT$2) | BU17: =SUMIFS(領用表!$L:$L,領用表!$E:$E,$B17,領用表!$B:$B,$BR$2&BU$2) | BV17: =SUMIFS(領用表!$L:$L,領用表!$E:$E,$B17,領用表!$B:$B,$BR$2&BV$2) | BW17: =SUMIFS(領用表!$L:$L,領用表!$A:$A,BW$2,領用表!$E:$E,B17) | BX17: =SUMIFS(領用表!$L:$L,領用表!$E:$E,$B17,領用表!$B:$B,BW$2&BX$2) | BY17: =SUMIFS(領用表!$L:$L,領用表!$E:$E,$B17,領用表!$B:$B,$BW$2&BY$2) | BZ17: =SUMIFS(領用表!$L:$L,領用表!$E:$E,$B17,領用表!$B:$B,$BW$2&BZ$2) | CA17: =SUMIFS(領用表!$L:$L,領用表!$E:$E,$B17,領用表!$B:$B,$BW$2&CA$2) | CB17: =SUMIFS(領用表!$L:$L,領用表!$A:$A,CB$2,領用表!$E:$E,B17) | CC17: =SUMIFS(領用表!$L:$L,領用表!$E:$E,$B17,領用表!$B:$B,CB$2&CC$2) | CD17: =SUMIFS(領用表!$L:$L,領用表!$E:$E,$B17,領用表!$B:$B,$CB$2&CD$2) | CE17: =SUMIFS(領用表!$L:$L,領用表!$E:$E,$B17,領用表!$B:$B,$CB$2&CE$2) | CF17: =SUMIFS(領用表!$L:$L,領用表!$E:$E,$B17,領用表!$B:$B,$CB$2&CF$2) | CG17: =SUMIFS(領用表!$L:$L,領用表!$A:$A,CG$2,領用表!$E:$E,B17) | CH17: =SUMIFS(領用表!$L:$L,領用表!$E:$E,$B17,領用表!$B:$B,CG$2&CH$2) | CI17: =SUMIFS(領用表!$L:$L,領用表!$E:$E,$B17,領用表!$B:$B,CG$2&CI$2) | CJ17: =SUMIFS(領用表!$L:$L,領用表!$E:$E,$B17,領用表!$B:$B,CG$2&CJ$2) | CK17: =SUMIFS(領用表!$L:$L,領用表!$E:$E,$B17,領用表!$B:$B,$CG$2&CK$2) | CL17: =SUM(AX17,AY17,AZ17,BA17,BB17,BC17,BH17,BM17,BR17,BW17,CB17,CG17) | CM17: =AVERAGE(AX17,AY17,AZ17,BA17,BB17,BC17,BH17,BM17,BR17,BW17,CB17,CG17) | CN17: =SUMIFS(領用表!$L:$L,領用表!$A:$A,CN$2,領用表!$E:$E,B17) | CO17: =SUMIFS(領用表!$L:$L,領用表!$E:$E,$B17,領用表!$B:$B,CN$2&CO$2) | CP17: =SUMIFS(領用表!$L:$L,領用表!$E:$E,$B17,領用表!$B:$B,$CN$2&CP$2) | CQ17: =SUMIFS(領用表!$L:$L,領用表!$E:$E,$B17,領用表!$B:$B,$CN$2&CQ$2) | CR17: =SUMIFS(領用表!$L:$L,領用表!$E:$E,$B17,領用表!$B:$B,$CN$2&CR$2) | CS17: =SUMIFS(領用表!$L:$L,領用表!$A:$A,CS$2,領用表!$E:$E,B17) | CT17: =SUMIFS(領用表!$L:$L,領用表!$E:$E,$B17,領用表!$B:$B,CS$2&CT$2) | CU17: =SUMIFS(領用表!$L:$L,領用表!$E:$E,$B17,領用表!$B:$B,$CS$2&CU$2) | CV17: =SUMIFS(領用表!$L:$L,領用表!$E:$E,$B17,領用表!$B:$B,$CS$2&CV$2) | CW17: =SUMIFS(領用表!$L:$L,領用表!$E:$E,$B17,領用表!$B:$B,$CS$2&CW$2) | CX17: =SUMIFS(領用表!$L:$L,領用表!$E:$E,$B17,領用表!$B:$B,$CS$2&CX$2) | CY17: =SUMIFS(領用表!$L:$L,領用表!$A:$A,CY$2,領用表!$E:$E,B17) | CZ17: =SUMIFS(領用表!$L:$L,領用表!$E:$E,$B17,領用表!$B:$B,CY$2&CZ$2) | DA17: =SUMIFS(領用表!$L:$L,領用表!$E:$E,$B17,領用表!$B:$B,$CY$2&DA$2) | DB17: =SUMIFS(領用表!$L:$L,領用表!$E:$E,$B17,領用表!$B:$B,$CY$2&DB$2) | DC17: =SUMIFS(領用表!$L:$L,領用表!$E:$E,$B17,領用表!$B:$B,$CY$2&DC$2) | DD17: =SUMIFS(領用表!$L:$L,領用表!$E:$E,$B17,領用表!$B:$B,$CY$2&DD$2) | DE17: =SUMIFS(領用表!$L:$L,領用表!$A:$A,DE$2,領用表!$E:$E,B17) | DF17: =SUMIFS(領用表!$L:$L,領用表!$E:$E,$B17,領用表!$B:$B,DE$2&DF$2) | DG17: =SUMIFS(領用表!$L:$L,領用表!$E:$E,$B17,領用表!$B:$B,$DE$2&DG$2) | DH17: =SUMIFS(領用表!$L:$L,領用表!$E:$E,$B17,領用表!$B:$B,$DE$2&DH$2) | DI17: =SUMIFS(領用表!$L:$L,領用表!$E:$E,$B17,領用表!$B:$B,$DE$2&DI$2) | DJ17: =SUMIFS(領用表!$L:$L,領用表!$E:$E,$B17,領用表!$B:$B,$DE$2&DJ$2) | DK17: =SUMIFS(領用表!$L:$L,領用表!$A:$A,DK$2,領用表!$E:$E,$B17) | DL17: =SUMIFS(領用表!$L:$L,領用表!$E:$E,$B17,領用表!$B:$B,DK$2&DL$2) | DM17: =SUMIFS(領用表!$L:$L,領用表!$E:$E,$B17,領用表!$B:$B,$DK$2&DM$2) | DN17: =SUMIFS(領用表!$L:$L,領用表!$E:$E,$B17,領用表!$B:$B,$DK$2&DN$2) | DO17: =SUMIFS(領用表!$L:$L,領用表!$E:$E,$B17,領用表!$B:$B,$DK$2&DO$2) | DP17: =SUMIFS(領用表!$L:$L,領用表!$E:$E,$B17,領用表!$B:$B,$DK$2&DP$2) | DW17: =SUM(CN17,CS17,CY17,DE17,DK17,DQ17) | DX17: =AVERAGEA(CN17,CS17,CY17,DE17,DK17,DQ17) | DY17: =SUM(DZ17:EC17) | DZ17: 5 | EA17: 0 | EB17: 5 | EC17: 0 | ED17: 20 | EJ17: =IFERROR(VLOOKUP(A17,站前4樓!A:BF,57,0),0) | EK17: =IFERROR(VLOOKUP(A17,站前11樓!A:BE,57,0),0) | EL17: =IFERROR(VLOOKUP(A17,忠孝7樓!A:N,57,0),0) | EM17: =IFERROR(VLOOKUP(A17,忠孝國際醫學3樓!A:L,57,0),0) | EN17: =SUM(ED17:EG17) | EP17: 60 | EQ17: 23
A18: MP1MA070007A | B18: 6210002 | C18: 水光針針頭/ 31G/ 9pin/ 1.2mm(1支) | D18: 20 | E18: PCS | F18: =SUMIF(站前4樓!B:B,B18,站前4樓!F:F) | G18: =SUMIF(站前11樓!B:B,B18,站前11樓!F:F) | H18: =SUMIF(忠孝7樓!B:B,B18,忠孝7樓!G:G) | I18: =SUMIF(忠孝國際醫學3樓!B:B,B18,忠孝國際醫學3樓!G:G) | J18: =SUMIF(忠孝健康7樓!B:B,B18,忠孝健康7樓!G:G) | K18: 0 | L18: 0 | M18: 0 | N18: 0 | O18: 0 | P18: 0 | Q18: 0 | R18: 0 | S18: 0 | T18: 0 | U18: 0 | V18: 0 | W18: 0 | X18: 0 | Y18: 0 | Z18: 0 | AA18: 0 | AB18: 0 | AC18: 0 | AD18: 0 | AE18: 0 | AF18: 0 | AG18: 0 | AH18: 0 | AI18: 0 | AJ18: 0 | AK18: 0 | AL18: 0 | AM18: 0 | AN18: 0 | AO18: 0 | AP18: 0 | AQ18: 0 | AR18: 0.9 | AS18: 1.1 | AT18: 0.65 | AU18: 9 | AV18: =SUM(AJ18:AU18) | AW18: =AV18/12 | AX18: 22 | AY18: 36 | AZ18: 35 | BA18: 26 | BB18: 17 | BC18: =SUMIFS(領用表!$L:$L,領用表!$A:$A,BC$2,領用表!$E:$E,B18) | BD18: =SUMIFS(領用表!$L:$L,領用表!$E:$E,$B18,領用表!$B:$B,BC$2&BD$2) | BE18: =SUMIFS(領用表!$L:$L,領用表!$E:$E,$B18,領用表!$B:$B,$BC$2&BE$2) | BF18: =SUMIFS(領用表!$L:$L,領用表!$E:$E,$B18,領用表!$B:$B,$BC$2&BF$2) | BG18: =SUMIFS(領用表!$L:$L,領用表!$E:$E,$B18,領用表!$B:$B,$BC$2&BG$2) | BH18: =SUMIFS(領用表!$L:$L,領用表!$A:$A,BH$2,領用表!$E:$E,B18) | BI18: =SUMIFS(領用表!$L:$L,領用表!$E:$E,$B18,領用表!$B:$B,BH$2&BI$2) | BJ18: =SUMIFS(領用表!$L:$L,領用表!$E:$E,$B18,領用表!$B:$B,$BH$2&BJ$2) | BK18: =SUMIFS(領用表!$L:$L,領用表!$E:$E,$B18,領用表!$B:$B,$BH$2&BK$2) | BL18: =SUMIFS(領用表!$L:$L,領用表!$E:$E,$B18,領用表!$B:$B,$BH$2&BL$2) | BM18: =SUMIFS(領用表!$L:$L,領用表!$A:$A,BM$2,領用表!$E:$E,B18) | BN18: =SUMIFS(領用表!$L:$L,領用表!$E:$E,$B18,領用表!$B:$B,BM$2&BN$2) | BO18: =SUMIFS(領用表!$L:$L,領用表!$E:$E,$B18,領用表!$B:$B,$BM$2&BO$2) | BP18: =SUMIFS(領用表!$L:$L,領用表!$E:$E,$B18,領用表!$B:$B,$BM$2&BP$2) | BQ18: =SUMIFS(領用表!$L:$L,領用表!$E:$E,$B18,領用表!$B:$B,$BM$2&BQ$2) | BR18: =SUMIFS(領用表!$L:$L,領用表!$A:$A,BR$2,領用表!$E:$E,B18) | BS18: =SUMIFS(領用表!$L:$L,領用表!$E:$E,$B18,領用表!$B:$B,BR$2&BS$2) | BT18: =SUMIFS(領用表!$L:$L,領用表!$E:$E,$B18,領用表!$B:$B,$BR$2&BT$2) | BU18: =SUMIFS(領用表!$L:$L,領用表!$E:$E,$B18,領用表!$B:$B,$BR$2&BU$2) | BV18: =SUMIFS(領用表!$L:$L,領用表!$E:$E,$B18,領用表!$B:$B,$BR$2&BV$2) | BW18: =SUMIFS(領用表!$L:$L,領用表!$A:$A,BW$2,領用表!$E:$E,B18) | BX18: =SUMIFS(領用表!$L:$L,領用表!$E:$E,$B18,領用表!$B:$B,BW$2&BX$2) | BY18: =SUMIFS(領用表!$L:$L,領用表!$E:$E,$B18,領用表!$B:$B,$BW$2&BY$2) | BZ18: =SUMIFS(領用表!$L:$L,領用表!$E:$E,$B18,領用表!$B:$B,$BW$2&BZ$2) | CA18: =SUMIFS(領用表!$L:$L,領用表!$E:$E,$B18,領用表!$B:$B,$BW$2&CA$2) | CB18: =SUMIFS(領用表!$L:$L,領用表!$A:$A,CB$2,領用表!$E:$E,B18) | CC18: =SUMIFS(領用表!$L:$L,領用表!$E:$E,$B18,領用表!$B:$B,CB$2&CC$2) | CD18: =SUMIFS(領用表!$L:$L,領用表!$E:$E,$B18,領用表!$B:$B,$CB$2&CD$2) | CE18: =SUMIFS(領用表!$L:$L,領用表!$E:$E,$B18,領用表!$B:$B,$CB$2&CE$2) | CF18: =SUMIFS(領用表!$L:$L,領用表!$E:$E,$B18,領用表!$B:$B,$CB$2&CF$2) | CG18: =SUMIFS(領用表!$L:$L,領用表!$A:$A,CG$2,領用表!$E:$E,B18) | CH18: =SUMIFS(領用表!$L:$L,領用表!$E:$E,$B18,領用表!$B:$B,CG$2&CH$2) | CI18: =SUMIFS(領用表!$L:$L,領用表!$E:$E,$B18,領用表!$B:$B,CG$2&CI$2) | CJ18: =SUMIFS(領用表!$L:$L,領用表!$E:$E,$B18,領用表!$B:$B,CG$2&CJ$2) | CK18: =SUMIFS(領用表!$L:$L,領用表!$E:$E,$B18,領用表!$B:$B,$CG$2&CK$2) | CL18: =SUM(AX18,AY18,AZ18,BA18,BB18,BC18,BH18,BM18,BR18,BW18,CB18,CG18) | CM18: =AVERAGE(AX18,AY18,AZ18,BA18,BB18,BC18,BH18,BM18,BR18,BW18,CB18,CG18) | CN18: =SUMIFS(領用表!$L:$L,領用表!$A:$A,CN$2,領用表!$E:$E,B18) | CO18: =SUMIFS(領用表!$L:$L,領用表!$E:$E,$B18,領用表!$B:$B,CN$2&CO$2) | CP18: =SUMIFS(領用表!$L:$L,領用表!$E:$E,$B18,領用表!$B:$B,$CN$2&CP$2) | CQ18: =SUMIFS(領用表!$L:$L,領用表!$E:$E,$B18,領用表!$B:$B,$CN$2&CQ$2) | CR18: =SUMIFS(領用表!$L:$L,領用表!$E:$E,$B18,領用表!$B:$B,$CN$2&CR$2) | CS18: =SUMIFS(領用表!$L:$L,領用表!$A:$A,CS$2,領用表!$E:$E,B18) | CT18: =SUMIFS(領用表!$L:$L,領用表!$E:$E,$B18,領用表!$B:$B,CS$2&CT$2) | CU18: =SUMIFS(領用表!$L:$L,領用表!$E:$E,$B18,領用表!$B:$B,$CS$2&CU$2) | CV18: =SUMIFS(領用表!$L:$L,領用表!$E:$E,$B18,領用表!$B:$B,$CS$2&CV$2) | CW18: =SUMIFS(領用表!$L:$L,領用表!$E:$E,$B18,領用表!$B:$B,$CS$2&CW$2) | CX18: =SUMIFS(領用表!$L:$L,領用表!$E:$E,$B18,領用表!$B:$B,$CS$2&CX$2) | CY18: =SUMIFS(領用表!$L:$L,領用表!$A:$A,CY$2,領用表!$E:$E,B18) | CZ18: =SUMIFS(領用表!$L:$L,領用表!$E:$E,$B18,領用表!$B:$B,CY$2&CZ$2) | DA18: =SUMIFS(領用表!$L:$L,領用表!$E:$E,$B18,領用表!$B:$B,$CY$2&DA$2) | DB18: =SUMIFS(領用表!$L:$L,領用表!$E:$E,$B18,領用表!$B:$B,$CY$2&DB$2) | DC18: =SUMIFS(領用表!$L:$L,領用表!$E:$E,$B18,領用表!$B:$B,$CY$2&DC$2) | DD18: =SUMIFS(領用表!$L:$L,領用表!$E:$E,$B18,領用表!$B:$B,$CY$2&DD$2) | DE18: =SUMIFS(領用表!$L:$L,領用表!$A:$A,DE$2,領用表!$E:$E,B18) | DF18: =SUMIFS(領用表!$L:$L,領用表!$E:$E,$B18,領用表!$B:$B,DE$2&DF$2) | DG18: =SUMIFS(領用表!$L:$L,領用表!$E:$E,$B18,領用表!$B:$B,$DE$2&DG$2) | DH18: =SUMIFS(領用表!$L:$L,領用表!$E:$E,$B18,領用表!$B:$B,$DE$2&DH$2) | DI18: =SUMIFS(領用表!$L:$L,領用表!$E:$E,$B18,領用表!$B:$B,$DE$2&DI$2) | DJ18: =SUMIFS(領用表!$L:$L,領用表!$E:$E,$B18,領用表!$B:$B,$DE$2&DJ$2) | DK18: =SUMIFS(領用表!$L:$L,領用表!$A:$A,DK$2,領用表!$E:$E,$B18) | DL18: =SUMIFS(領用表!$L:$L,領用表!$E:$E,$B18,領用表!$B:$B,DK$2&DL$2) | DM18: =SUMIFS(領用表!$L:$L,領用表!$E:$E,$B18,領用表!$B:$B,$DK$2&DM$2) | DN18: =SUMIFS(領用表!$L:$L,領用表!$E:$E,$B18,領用表!$B:$B,$DK$2&DN$2) | DO18: =SUMIFS(領用表!$L:$L,領用表!$E:$E,$B18,領用表!$B:$B,$DK$2&DO$2) | DP18: =SUMIFS(領用表!$L:$L,領用表!$E:$E,$B18,領用表!$B:$B,$DK$2&DP$2) | DQ18: 123 | DR18: 40 | DT18: 59 | DV18: 24 | DW18: =SUM(CN18,CS18,CY18,DE18,DK18,DQ18) | DX18: =AVERAGEA(CN18,CS18,CY18,DE18,DK18,DQ18) | DY18: =SUM(DZ18:EC18) | DZ18: 130 | EA18: 0 | EB18: 200 | EC18: 0 | ED18: 40 | EF18: 4盒(10/21) | EG18: 15盒(10/17) | EJ18: =IFERROR(VLOOKUP(A18,站前4樓!A:BF,57,0),0) | EK18: =IFERROR(VLOOKUP(A18,站前11樓!A:BE,57,0),0) | EL18: =IFERROR(VLOOKUP(A18,忠孝7樓!A:N,57,0),0) | EM18: =IFERROR(VLOOKUP(A18,忠孝國際醫學3樓!A:L,57,0),0) | EN18: =SUM(ED18:EG18) | EP18: 132 | EQ18: 43
A19: MP1MA070008A | B19: 6210003 | C19: 水光針針頭/ 31G/ 9pin/ 1.5mm(1支) | D19: 20 | E19: PCS | F19: =SUMIF(站前4樓!B:B,B19,站前4樓!F:F) | G19: =SUMIF(站前11樓!B:B,B19,站前11樓!F:F) | H19: =SUMIF(忠孝7樓!B:B,B19,忠孝7樓!G:G) | I19: =SUMIF(忠孝國際醫學3樓!B:B,B19,忠孝國際醫學3樓!G:G) | J19: =SUMIF(忠孝健康7樓!B:B,B19,忠孝健康7樓!G:G) | K19: 0 | L19: 0 | M19: 0 | N19: 0 | O19: 0 | P19: 0 | Q19: 0 | R19: 0 | S19: 0 | T19: 0 | U19: 0 | V19: 0 | W19: 0 | X19: 0 | Y19: 0 | Z19: 0 | AA19: 0 | AB19: 1 | AC19: 0 | AD19: 0 | AE19: 0 | AF19: 0 | AG19: 0 | AH19: 0 | AI19: 0 | AJ19: 0.05 | AK19: 0.05 | AL19: 0 | AM19: 0.15 | AN19: 0.05 | AO19: 0.2 | AP19: 0.25 | AQ19: 1.7 | AR19: 0.35 | AS19: 0 | AT19: 0.35 | AU19: 2 | AV19: =SUM(AJ19:AU19) | AW19: =AV19/12 | AX19: 4 | AY19: 3 | AZ19: 5 | BA19: 13 | BB19: 8 | BC19: =SUMIFS(領用表!$L:$L,領用表!$A:$A,BC$2,領用表!$E:$E,B19) | BD19: =SUMIFS(領用表!$L:$L,領用表!$E:$E,$B19,領用表!$B:$B,BC$2&BD$2) | BE19: =SUMIFS(領用表!$L:$L,領用表!$E:$E,$B19,領用表!$B:$B,$BC$2&BE$2) | BF19: =SUMIFS(領用表!$L:$L,領用表!$E:$E,$B19,領用表!$B:$B,$BC$2&BF$2) | BG19: =SUMIFS(領用表!$L:$L,領用表!$E:$E,$B19,領用表!$B:$B,$BC$2&BG$2) | BH19: =SUMIFS(領用表!$L:$L,領用表!$A:$A,BH$2,領用表!$E:$E,B19) | BI19: =SUMIFS(領用表!$L:$L,領用表!$E:$E,$B19,領用表!$B:$B,BH$2&BI$2) | BJ19: =SUMIFS(領用表!$L:$L,領用表!$E:$E,$B19,領用表!$B:$B,$BH$2&BJ$2) | BK19: =SUMIFS(領用表!$L:$L,領用表!$E:$E,$B19,領用表!$B:$B,$BH$2&BK$2) | BL19: =SUMIFS(領用表!$L:$L,領用表!$E:$E,$B19,領用表!$B:$B,$BH$2&BL$2) | BM19: =SUMIFS(領用表!$L:$L,領用表!$A:$A,BM$2,領用表!$E:$E,B19) | BN19: =SUMIFS(領用表!$L:$L,領用表!$E:$E,$B19,領用表!$B:$B,BM$2&BN$2) | BO19: =SUMIFS(領用表!$L:$L,領用表!$E:$E,$B19,領用表!$B:$B,$BM$2&BO$2) | BP19: =SUMIFS(領用表!$L:$L,領用表!$E:$E,$B19,領用表!$B:$B,$BM$2&BP$2) | BQ19: =SUMIFS(領用表!$L:$L,領用表!$E:$E,$B19,領用表!$B:$B,$BM$2&BQ$2) | BR19: =SUMIFS(領用表!$L:$L,領用表!$A:$A,BR$2,領用表!$E:$E,B19) | BS19: =SUMIFS(領用表!$L:$L,領用表!$E:$E,$B19,領用表!$B:$B,BR$2&BS$2) | BT19: =SUMIFS(領用表!$L:$L,領用表!$E:$E,$B19,領用表!$B:$B,$BR$2&BT$2) | BU19: =SUMIFS(領用表!$L:$L,領用表!$E:$E,$B19,領用表!$B:$B,$BR$2&BU$2) | BV19: =SUMIFS(領用表!$L:$L,領用表!$E:$E,$B19,領用表!$B:$B,$BR$2&BV$2) | BW19: =SUMIFS(領用表!$L:$L,領用表!$A:$A,BW$2,領用表!$E:$E,B19) | BX19: =SUMIFS(領用表!$L:$L,領用表!$E:$E,$B19,領用表!$B:$B,BW$2&BX$2) | BY19: =SUMIFS(領用表!$L:$L,領用表!$E:$E,$B19,領用表!$B:$B,$BW$2&BY$2) | BZ19: =SUMIFS(領用表!$L:$L,領用表!$E:$E,$B19,領用表!$B:$B,$BW$2&BZ$2) | CA19: =SUMIFS(領用表!$L:$L,領用表!$E:$E,$B19,領用表!$B:$B,$BW$2&CA$2) | CB19: =SUMIFS(領用表!$L:$L,領用表!$A:$A,CB$2,領用表!$E:$E,B19) | CC19: =SUMIFS(領用表!$L:$L,領用表!$E:$E,$B19,領用表!$B:$B,CB$2&CC$2) | CD19: =SUMIFS(領用表!$L:$L,領用表!$E:$E,$B19,領用表!$B:$B,$CB$2&CD$2) | CE19: =SUMIFS(領用表!$L:$L,領用表!$E:$E,$B19,領用表!$B:$B,$CB$2&CE$2) | CF19: =SUMIFS(領用表!$L:$L,領用表!$E:$E,$B19,領用表!$B:$B,$CB$2&CF$2) | CG19: =SUMIFS(領用表!$L:$L,領用表!$A:$A,CG$2,領用表!$E:$E,B19) | CH19: =SUMIFS(領用表!$L:$L,領用表!$E:$E,$B19,領用表!$B:$B,CG$2&CH$2) | CI19: =SUMIFS(領用表!$L:$L,領用表!$E:$E,$B19,領用表!$B:$B,CG$2&CI$2) | CJ19: =SUMIFS(領用表!$L:$L,領用表!$E:$E,$B19,領用表!$B:$B,CG$2&CJ$2) | CK19: =SUMIFS(領用表!$L:$L,領用表!$E:$E,$B19,領用表!$B:$B,$CG$2&CK$2) | CL19: =SUM(AX19,AY19,AZ19,BA19,BB19,BC19,BH19,BM19,BR19,BW19,CB19,CG19) | CM19: =AVERAGE(AX19,AY19,AZ19,BA19,BB19,BC19,BH19,BM19,BR19,BW19,CB19,CG19) | CN19: =SUMIFS(領用表!$L:$L,領用表!$A:$A,CN$2,領用表!$E:$E,B19) | CO19: =SUMIFS(領用表!$L:$L,領用表!$E:$E,$B19,領用表!$B:$B,CN$2&CO$2) | CP19: =SUMIFS(領用表!$L:$L,領用表!$E:$E,$B19,領用表!$B:$B,$CN$2&CP$2) | CQ19: =SUMIFS(領用表!$L:$L,領用表!$E:$E,$B19,領用表!$B:$B,$CN$2&CQ$2) | CR19: =SUMIFS(領用表!$L:$L,領用表!$E:$E,$B19,領用表!$B:$B,$CN$2&CR$2) | CS19: =SUMIFS(領用表!$L:$L,領用表!$A:$A,CS$2,領用表!$E:$E,B19) | CT19: =SUMIFS(領用表!$L:$L,領用表!$E:$E,$B19,領用表!$B:$B,CS$2&CT$2) | CU19: =SUMIFS(領用表!$L:$L,領用表!$E:$E,$B19,領用表!$B:$B,$CS$2&CU$2) | CV19: =SUMIFS(領用表!$L:$L,領用表!$E:$E,$B19,領用表!$B:$B,$CS$2&CV$2) | CW19: =SUMIFS(領用表!$L:$L,領用表!$E:$E,$B19,領用表!$B:$B,$CS$2&CW$2) | CX19: =SUMIFS(領用表!$L:$L,領用表!$E:$E,$B19,領用表!$B:$B,$CS$2&CX$2) | CY19: =SUMIFS(領用表!$L:$L,領用表!$A:$A,CY$2,領用表!$E:$E,B19) | CZ19: =SUMIFS(領用表!$L:$L,領用表!$E:$E,$B19,領用表!$B:$B,CY$2&CZ$2) | DA19: =SUMIFS(領用表!$L:$L,領用表!$E:$E,$B19,領用表!$B:$B,$CY$2&DA$2) | DB19: =SUMIFS(領用表!$L:$L,領用表!$E:$E,$B19,領用表!$B:$B,$CY$2&DB$2) | DC19: =SUMIFS(領用表!$L:$L,領用表!$E:$E,$B19,領用表!$B:$B,$CY$2&DC$2) | DD19: =SUMIFS(領用表!$L:$L,領用表!$E:$E,$B19,領用表!$B:$B,$CY$2&DD$2) | DE19: =SUMIFS(領用表!$L:$L,領用表!$A:$A,DE$2,領用表!$E:$E,B19) | DF19: =SUMIFS(領用表!$L:$L,領用表!$E:$E,$B19,領用表!$B:$B,DE$2&DF$2) | DG19: =SUMIFS(領用表!$L:$L,領用表!$E:$E,$B19,領用表!$B:$B,$DE$2&DG$2) | DH19: =SUMIFS(領用表!$L:$L,領用表!$E:$E,$B19,領用表!$B:$B,$DE$2&DH$2) | DI19: =SUMIFS(領用表!$L:$L,領用表!$E:$E,$B19,領用表!$B:$B,$DE$2&DI$2) | DJ19: =SUMIFS(領用表!$L:$L,領用表!$E:$E,$B19,領用表!$B:$B,$DE$2&DJ$2) | DK19: =SUMIFS(領用表!$L:$L,領用表!$A:$A,DK$2,領用表!$E:$E,$B19) | DL19: =SUMIFS(領用表!$L:$L,領用表!$E:$E,$B19,領用表!$B:$B,DK$2&DL$2) | DM19: =SUMIFS(領用表!$L:$L,領用表!$E:$E,$B19,領用表!$B:$B,$DK$2&DM$2) | DN19: =SUMIFS(領用表!$L:$L,領用表!$E:$E,$B19,領用表!$B:$B,$DK$2&DN$2) | DO19: =SUMIFS(領用表!$L:$L,領用表!$E:$E,$B19,領用表!$B:$B,$DK$2&DO$2) | DP19: =SUMIFS(領用表!$L:$L,領用表!$E:$E,$B19,領用表!$B:$B,$DK$2&DP$2) | DQ19: 14 | DR19: 3 | DT19: 9 | DV19: 2 | DW19: =SUM(CN19,CS19,CY19,DE19,DK19,DQ19) | DX19: =AVERAGEA(CN19,CS19,CY19,DE19,DK19,DQ19) | DY19: =SUM(DZ19:EC19) | DZ19: 20 | EA19: 0 | EB19: 30 | EC19: 0 | ED19: 20 | EF19: 1盒(10/21) | EG19: 1盒(10/17) | EJ19: =IFERROR(VLOOKUP(A19,站前4樓!A:BF,57,0),0) | EK19: =IFERROR(VLOOKUP(A19,站前11樓!A:BE,57,0),0) | EL19: =IFERROR(VLOOKUP(A19,忠孝7樓!A:N,57,0),0) | EM19: =IFERROR(VLOOKUP(A19,忠孝國際醫學3樓!A:L,57,0),0) | EN19: =SUM(ED19:EG19) | EP19: 28 | EQ19: 9
A20: MP1MA070005A | B20: 6210005 | C20: 水光針針頭/ 32G/ 9pin/ 1.0mm(1支) | D20: 20 | E20: PCS | F20: =SUMIF(站前4樓!B:B,B20,站前4樓!F:F) | G20: =SUMIF(站前11樓!B:B,B20,站前11樓!F:F) | H20: =SUMIF(忠孝7樓!B:B,B20,忠孝7樓!G:G) | I20: =SUMIF(忠孝國際醫學3樓!B:B,B20,忠孝國際醫學3樓!G:G) | J20: =SUMIF(忠孝健康7樓!B:B,B20,忠孝健康7樓!G:G) | AQ20: 0 | AR20: 0 | AS20: 0 | AT20: 0 | AU20: 0 | AV20: =SUM(AJ20:AU20) | AW20: =AV20/12 | AX20: 0 | AY20: 63 | AZ20: 1 | BA20: 3 | BB20: 3 | BC20: =SUMIFS(領用表!$L:$L,領用表!$A:$A,BC$2,領用表!$E:$E,B20) | BD20: =SUMIFS(領用表!$L:$L,領用表!$E:$E,$B20,領用表!$B:$B,BC$2&BD$2) | BE20: =SUMIFS(領用表!$L:$L,領用表!$E:$E,$B20,領用表!$B:$B,$BC$2&BE$2) | BF20: =SUMIFS(領用表!$L:$L,領用表!$E:$E,$B20,領用表!$B:$B,$BC$2&BF$2) | BG20: =SUMIFS(領用表!$L:$L,領用表!$E:$E,$B20,領用表!$B:$B,$BC$2&BG$2) | BH20: =SUMIFS(領用表!$L:$L,領用表!$A:$A,BH$2,領用表!$E:$E,B20) | BI20: =SUMIFS(領用表!$L:$L,領用表!$E:$E,$B20,領用表!$B:$B,BH$2&BI$2) | BJ20: =SUMIFS(領用表!$L:$L,領用表!$E:$E,$B20,領用表!$B:$B,$BH$2&BJ$2) | BK20: =SUMIFS(領用表!$L:$L,領用表!$E:$E,$B20,領用表!$B:$B,$BH$2&BK$2) | BL20: =SUMIFS(領用表!$L:$L,領用表!$E:$E,$B20,領用表!$B:$B,$BH$2&BL$2) | BM20: =SUMIFS(領用表!$L:$L,領用表!$A:$A,BM$2,領用表!$E:$E,B20) | BN20: =SUMIFS(領用表!$L:$L,領用表!$E:$E,$B20,領用表!$B:$B,BM$2&BN$2) | BO20: =SUMIFS(領用表!$L:$L,領用表!$E:$E,$B20,領用表!$B:$B,$BM$2&BO$2) | BP20: =SUMIFS(領用表!$L:$L,領用表!$E:$E,$B20,領用表!$B:$B,$BM$2&BP$2) | BQ20: =SUMIFS(領用表!$L:$L,領用表!$E:$E,$B20,領用表!$B:$B,$BM$2&BQ$2) | BR20: =SUMIFS(領用表!$L:$L,領用表!$A:$A,BR$2,領用表!$E:$E,B20) | BS20: =SUMIFS(領用表!$L:$L,領用表!$E:$E,$B20,領用表!$B:$B,BR$2&BS$2) | BT20: =SUMIFS(領用表!$L:$L,領用表!$E:$E,$B20,領用表!$B:$B,$BR$2&BT$2) | BU20: =SUMIFS(領用表!$L:$L,領用表!$E:$E,$B20,領用表!$B:$B,$BR$2&BU$2) | BV20: =SUMIFS(領用表!$L:$L,領用表!$E:$E,$B20,領用表!$B:$B,$BR$2&BV$2) | BW20: =SUMIFS(領用表!$L:$L,領用表!$A:$A,BW$2,領用表!$E:$E,B20) | BX20: =SUMIFS(領用表!$L:$L,領用表!$E:$E,$B20,領用表!$B:$B,BW$2&BX$2) | BY20: =SUMIFS(領用表!$L:$L,領用表!$E:$E,$B20,領用表!$B:$B,$BW$2&BY$2) | BZ20: =SUMIFS(領用表!$L:$L,領用表!$E:$E,$B20,領用表!$B:$B,$BW$2&BZ$2) | CA20: =SUMIFS(領用表!$L:$L,領用表!$E:$E,$B20,領用表!$B:$B,$BW$2&CA$2) | CB20: =SUMIFS(領用表!$L:$L,領用表!$A:$A,CB$2,領用表!$E:$E,B20) | CC20: =SUMIFS(領用表!$L:$L,領用表!$E:$E,$B20,領用表!$B:$B,CB$2&CC$2) | CD20: =SUMIFS(領用表!$L:$L,領用表!$E:$E,$B20,領用表!$B:$B,$CB$2&CD$2) | CE20: =SUMIFS(領用表!$L:$L,領用表!$E:$E,$B20,領用表!$B:$B,$CB$2&CE$2) | CF20: =SUMIFS(領用表!$L:$L,領用表!$E:$E,$B20,領用表!$B:$B,$CB$2&CF$2) | CG20: =SUMIFS(領用表!$L:$L,領用表!$A:$A,CG$2,領用表!$E:$E,B20) | CH20: =SUMIFS(領用表!$L:$L,領用表!$E:$E,$B20,領用表!$B:$B,CG$2&CH$2) | CI20: =SUMIFS(領用表!$L:$L,領用表!$E:$E,$B20,領用表!$B:$B,CG$2&CI$2) | CJ20: =SUMIFS(領用表!$L:$L,領用表!$E:$E,$B20,領用表!$B:$B,CG$2&CJ$2) | CK20: =SUMIFS(領用表!$L:$L,領用表!$E:$E,$B20,領用表!$B:$B,$CG$2&CK$2) | CL20: =SUM(AX20,AY20,AZ20,BA20,BB20,BC20,BH20,BM20,BR20,BW20,CB20,CG20) | CM20: =AVERAGE(AX20,AY20,AZ20,BA20,BB20,BC20,BH20,BM20,BR20,BW20,CB20,CG20) | CN20: =SUMIFS(領用表!$L:$L,領用表!$A:$A,CN$2,領用表!$E:$E,B20) | CO20: =SUMIFS(領用表!$L:$L,領用表!$E:$E,$B20,領用表!$B:$B,CN$2&CO$2) | CP20: =SUMIFS(領用表!$L:$L,領用表!$E:$E,$B20,領用表!$B:$B,$CN$2&CP$2) | CQ20: =SUMIFS(領用表!$L:$L,領用表!$E:$E,$B20,領用表!$B:$B,$CN$2&CQ$2) | CR20: =SUMIFS(領用表!$L:$L,領用表!$E:$E,$B20,領用表!$B:$B,$CN$2&CR$2) | CS20: =SUMIFS(領用表!$L:$L,領用表!$A:$A,CS$2,領用表!$E:$E,B20) | CT20: =SUMIFS(領用表!$L:$L,領用表!$E:$E,$B20,領用表!$B:$B,CS$2&CT$2) | CU20: =SUMIFS(領用表!$L:$L,領用表!$E:$E,$B20,領用表!$B:$B,$CS$2&CU$2) | CV20: =SUMIFS(領用表!$L:$L,領用表!$E:$E,$B20,領用表!$B:$B,$CS$2&CV$2) | CW20: =SUMIFS(領用表!$L:$L,領用表!$E:$E,$B20,領用表!$B:$B,$CS$2&CW$2) | CX20: =SUMIFS(領用表!$L:$L,領用表!$E:$E,$B20,領用表!$B:$B,$CS$2&CX$2) | CY20: =SUMIFS(領用表!$L:$L,領用表!$A:$A,CY$2,領用表!$E:$E,B20) | CZ20: =SUMIFS(領用表!$L:$L,領用表!$E:$E,$B20,領用表!$B:$B,CY$2&CZ$2) | DA20: =SUMIFS(領用表!$L:$L,領用表!$E:$E,$B20,領用表!$B:$B,$CY$2&DA$2) | DB20: =SUMIFS(領用表!$L:$L,領用表!$E:$E,$B20,領用表!$B:$B,$CY$2&DB$2) | DC20: =SUMIFS(領用表!$L:$L,領用表!$E:$E,$B20,領用表!$B:$B,$CY$2&DC$2) | DD20: =SUMIFS(領用表!$L:$L,領用表!$E:$E,$B20,領用表!$B:$B,$CY$2&DD$2) | DE20: =SUMIFS(領用表!$L:$L,領用表!$A:$A,DE$2,領用表!$E:$E,B20) | DF20: =SUMIFS(領用表!$L:$L,領用表!$E:$E,$B20,領用表!$B:$B,DE$2&DF$2) | DG20: =SUMIFS(領用表!$L:$L,領用表!$E:$E,$B20,領用表!$B:$B,$DE$2&DG$2) | DH20: =SUMIFS(領用表!$L:$L,領用表!$E:$E,$B20,領用表!$B:$B,$DE$2&DH$2) | DI20: =SUMIFS(領用表!$L:$L,領用表!$E:$E,$B20,領用表!$B:$B,$DE$2&DI$2) | DJ20: =SUMIFS(領用表!$L:$L,領用表!$E:$E,$B20,領用表!$B:$B,$DE$2&DJ$2) | DK20: =SUMIFS(領用表!$L:$L,領用表!$A:$A,DK$2,領用表!$E:$E,$B20) | DL20: =SUMIFS(領用表!$L:$L,領用表!$E:$E,$B20,領用表!$B:$B,DK$2&DL$2) | DM20: =SUMIFS(領用表!$L:$L,領用表!$E:$E,$B20,領用表!$B:$B,$DK$2&DM$2) | DN20: =SUMIFS(領用表!$L:$L,領用表!$E:$E,$B20,領用表!$B:$B,$DK$2&DN$2) | DO20: =SUMIFS(領用表!$L:$L,領用表!$E:$E,$B20,領用表!$B:$B,$DK$2&DO$2) | DP20: =SUMIFS(領用表!$L:$L,領用表!$E:$E,$B20,領用表!$B:$B,$DK$2&DP$2) | DW20: =SUM(CN20,CS20,CY20,DE20,DK20,DQ20) | DX20: =AVERAGEA(CN20,CS20,CY20,DE20,DK20,DQ20) | DY20: =SUM(DZ20:EC20) | DZ20: 5 | EA20: 0 | EB20: 0 | EC20: 0 | ED20: 20 | EJ20: =IFERROR(VLOOKUP(A20,站前4樓!A:BF,57,0),0) | EK20: =IFERROR(VLOOKUP(A20,站前11樓!A:BE,57,0),0) | EL20: =IFERROR(VLOOKUP(A20,忠孝7樓!A:N,57,0),0) | EM20: =IFERROR(VLOOKUP(A20,忠孝國際醫學3樓!A:L,57,0),0) | EN20: =SUM(ED20:EG20) | EP20: 17 | EQ20: 0
A21: MM2MA070005A | B21: 6210008 | C21: 得美微針筆 33G針頭(支) | D21: 33 | E21: PCS | F21: =SUMIF(站前4樓!B:B,B21,站前4樓!F:F) | G21: =SUMIF(站前11樓!B:B,B21,站前11樓!F:F) | H21: =SUMIF(忠孝7樓!B:B,B21,忠孝7樓!G:G) | I21: =SUMIF(忠孝國際醫學3樓!B:B,B21,忠孝國際醫學3樓!G:G) | J21: =SUMIF(忠孝健康7樓!B:B,B21,忠孝健康7樓!G:G) | BC21: =SUMIFS(領用表!$L:$L,領用表!$A:$A,BC$2,領用表!$E:$E,B21) | BD21: =SUMIFS(領用表!$L:$L,領用表!$E:$E,$B21,領用表!$B:$B,BC$2&BD$2) | BE21: =SUMIFS(領用表!$L:$L,領用表!$E:$E,$B21,領用表!$B:$B,$BC$2&BE$2) | BF21: =SUMIFS(領用表!$L:$L,領用表!$E:$E,$B21,領用表!$B:$B,$BC$2&BF$2) | BG21: =SUMIFS(領用表!$L:$L,領用表!$E:$E,$B21,領用表!$B:$B,$BC$2&BG$2) | BH21: =SUMIFS(領用表!$L:$L,領用表!$A:$A,BH$2,領用表!$E:$E,B21) | BI21: =SUMIFS(領用表!$L:$L,領用表!$E:$E,$B21,領用表!$B:$B,BH$2&BI$2) | BJ21: =SUMIFS(領用表!$L:$L,領用表!$E:$E,$B21,領用表!$B:$B,$BH$2&BJ$2) | BK21: =SUMIFS(領用表!$L:$L,領用表!$E:$E,$B21,領用表!$B:$B,$BH$2&BK$2) | BL21: =SUMIFS(領用表!$L:$L,領用表!$E:$E,$B21,領用表!$B:$B,$BH$2&BL$2) | BM21: =SUMIFS(領用表!$L:$L,領用表!$A:$A,BM$2,領用表!$E:$E,B21) | BN21: =SUMIFS(領用表!$L:$L,領用表!$E:$E,$B21,領用表!$B:$B,BM$2&BN$2) | BO21: =SUMIFS(領用表!$L:$L,領用表!$E:$E,$B21,領用表!$B:$B,$BM$2&BO$2) | BP21: =SUMIFS(領用表!$L:$L,領用表!$E:$E,$B21,領用表!$B:$B,$BM$2&BP$2) | BQ21: =SUMIFS(領用表!$L:$L,領用表!$E:$E,$B21,領用表!$B:$B,$BM$2&BQ$2) | BR21: =SUMIFS(領用表!$L:$L,領用表!$A:$A,BR$2,領用表!$E:$E,B21) | BS21: =SUMIFS(領用表!$L:$L,領用表!$E:$E,$B21,領用表!$B:$B,BR$2&BS$2) | BT21: =SUMIFS(領用表!$L:$L,領用表!$E:$E,$B21,領用表!$B:$B,$BR$2&BT$2) | BU21: =SUMIFS(領用表!$L:$L,領用表!$E:$E,$B21,領用表!$B:$B,$BR$2&BU$2) | BV21: =SUMIFS(領用表!$L:$L,領用表!$E:$E,$B21,領用表!$B:$B,$BR$2&BV$2) | BW21: =SUMIFS(領用表!$L:$L,領用表!$A:$A,BW$2,領用表!$E:$E,B21) | BX21: =SUMIFS(領用表!$L:$L,領用表!$E:$E,$B21,領用表!$B:$B,BW$2&BX$2) | BY21: =SUMIFS(領用表!$L:$L,領用表!$E:$E,$B21,領用表!$B:$B,$BW$2&BY$2) | BZ21: =SUMIFS(領用表!$L:$L,領用表!$E:$E,$B21,領用表!$B:$B,$BW$2&BZ$2) | CA21: =SUMIFS(領用表!$L:$L,領用表!$E:$E,$B21,領用表!$B:$B,$BW$2&CA$2) | CB21: =SUMIFS(領用表!$L:$L,領用表!$A:$A,CB$2,領用表!$E:$E,B21) | CC21: =SUMIFS(領用表!$L:$L,領用表!$E:$E,$B21,領用表!$B:$B,CB$2&CC$2) | CD21: =SUMIFS(領用表!$L:$L,領用表!$E:$E,$B21,領用表!$B:$B,$CB$2&CD$2) | CE21: =SUMIFS(領用表!$L:$L,領用表!$E:$E,$B21,領用表!$B:$B,$CB$2&CE$2) | CF21: =SUMIFS(領用表!$L:$L,領用表!$E:$E,$B21,領用表!$B:$B,$CB$2&CF$2) | CG21: =SUMIFS(領用表!$L:$L,領用表!$A:$A,CG$2,領用表!$E:$E,B21) | CH21: =SUMIFS(領用表!$L:$L,領用表!$E:$E,$B21,領用表!$B:$B,CG$2&CH$2) | CI21: =SUMIFS(領用表!$L:$L,領用表!$E:$E,$B21,領用表!$B:$B,CG$2&CI$2) | CJ21: =SUMIFS(領用表!$L:$L,領用表!$E:$E,$B21,領用表!$B:$B,CG$2&CJ$2) | CK21: =SUMIFS(領用表!$L:$L,領用表!$E:$E,$B21,領用表!$B:$B,$CG$2&CK$2) | CL21: =SUM(AX21,AY21,AZ21,BA21,BB21,BC21,BH21,BM21,BR21,BW21,CB21,CG21) | CM21: =AVERAGE(AX21,AY21,AZ21,BA21,BB21,BC21,BH21,BM21,BR21,BW21,CB21,CG21) | CN21: =SUMIFS(領用表!$L:$L,領用表!$A:$A,CN$2,領用表!$E:$E,B21) | CO21: =SUMIFS(領用表!$L:$L,領用表!$E:$E,$B21,領用表!$B:$B,CN$2&CO$2) | CP21: =SUMIFS(領用表!$L:$L,領用表!$E:$E,$B21,領用表!$B:$B,$CN$2&CP$2) | CQ21: =SUMIFS(領用表!$L:$L,領用表!$E:$E,$B21,領用表!$B:$B,$CN$2&CQ$2) | CR21: =SUMIFS(領用表!$L:$L,領用表!$E:$E,$B21,領用表!$B:$B,$CN$2&CR$2) | CS21: =SUMIFS(領用表!$L:$L,領用表!$A:$A,CS$2,領用表!$E:$E,B21) | CT21: =SUMIFS(領用表!$L:$L,領用表!$E:$E,$B21,領用表!$B:$B,CS$2&CT$2) | CU21: =SUMIFS(領用表!$L:$L,領用表!$E:$E,$B21,領用表!$B:$B,$CS$2&CU$2) | CV21: =SUMIFS(領用表!$L:$L,領用表!$E:$E,$B21,領用表!$B:$B,$CS$2&CV$2) | CW21: =SUMIFS(領用表!$L:$L,領用表!$E:$E,$B21,領用表!$B:$B,$CS$2&CW$2) | CX21: =SUMIFS(領用表!$L:$L,領用表!$E:$E,$B21,領用表!$B:$B,$CS$2&CX$2) | CY21: =SUMIFS(領用表!$L:$L,領用表!$A:$A,CY$2,領用表!$E:$E,B21) | CZ21: =SUMIFS(領用表!$L:$L,領用表!$E:$E,$B21,領用表!$B:$B,CY$2&CZ$2) | DA21: =SUMIFS(領用表!$L:$L,領用表!$E:$E,$B21,領用表!$B:$B,$CY$2&DA$2) | DB21: =SUMIFS(領用表!$L:$L,領用表!$E:$E,$B21,領用表!$B:$B,$CY$2&DB$2) | DC21: =SUMIFS(領用表!$L:$L,領用表!$E:$E,$B21,領用表!$B:$B,$CY$2&DC$2) | DD21: =SUMIFS(領用表!$L:$L,領用表!$E:$E,$B21,領用表!$B:$B,$CY$2&DD$2) | DE21: =SUMIFS(領用表!$L:$L,領用表!$A:$A,DE$2,領用表!$E:$E,B21) | DF21: =SUMIFS(領用表!$L:$L,領用表!$E:$E,$B21,領用表!$B:$B,DE$2&DF$2) | DG21: =SUMIFS(領用表!$L:$L,領用表!$E:$E,$B21,領用表!$B:$B,$DE$2&DG$2) | DH21: =SUMIFS(領用表!$L:$L,領用表!$E:$E,$B21,領用表!$B:$B,$DE$2&DH$2) | DI21: =SUMIFS(領用表!$L:$L,領用表!$E:$E,$B21,領用表!$B:$B,$DE$2&DI$2) | DJ21: =SUMIFS(領用表!$L:$L,領用表!$E:$E,$B21,領用表!$B:$B,$DE$2&DJ$2) | DK21: =SUMIFS(領用表!$L:$L,領用表!$A:$A,DK$2,領用表!$E:$E,$B21) | DL21: =SUMIFS(領用表!$L:$L,領用表!$E:$E,$B21,領用表!$B:$B,DK$2&DL$2) | DM21: =SUMIFS(領用表!$L:$L,領用表!$E:$E,$B21,領用表!$B:$B,$DK$2&DM$2) | DN21: =SUMIFS(領用表!$L:$L,領用表!$E:$E,$B21,領用表!$B:$B,$DK$2&DN$2) | DO21: =SUMIFS(領用表!$L:$L,領用表!$E:$E,$B21,領用表!$B:$B,$DK$2&DO$2) | DP21: =SUMIFS(領用表!$L:$L,領用表!$E:$E,$B21,領用表!$B:$B,$DK$2&DP$2) | DQ21: 5 | DR21: 1 | DT21: 4 | DW21: =SUM(CN21,CS21,CY21,DE21,DK21,DQ21) | DX21: =AVERAGEA(CN21,CS21,CY21,DE21,DK21,DQ21) | DY21: =SUM(DZ21:EC21) | DZ21: 3 | EA21: 0 | EB21: 3 | EC21: 0 | ED21: 33 | EE21: 726支 | EJ21: =IFERROR(VLOOKUP(A21,站前4樓!A:BF,57,0),0) | EK21: =IFERROR(VLOOKUP(A21,站前11樓!A:BE,57,0),0) | EL21: =IFERROR(VLOOKUP(A21,忠孝7樓!A:N,57,0),0) | EM21: =IFERROR(VLOOKUP(A21,忠孝國際醫學3樓!A:L,57,0),0) | EN21: =SUM(ED21:EG21) | EP21: 63 | EQ21: 31
A22: MP1MA020016A | C22: 薇貝拉軟組織植入劑-小分子白童針 50mg | D22: 1 | E22: PCS | F22: =SUMIF(站前4樓!B:B,B22,站前4樓!F:F) | G22: =SUMIF(站前11樓!B:B,B22,站前11樓!F:F) | H22: =SUMIF(忠孝7樓!B:B,B22,忠孝7樓!G:G) | I22: =SUMIF(忠孝國際醫學3樓!B:B,B22,忠孝國際醫學3樓!G:G) | J22: =SUMIF(忠孝健康7樓!B:B,B22,忠孝健康7樓!G:G) | K22: 0 | L22: 0 | M22: 0 | N22: 0 | O22: 0 | P22: 0 | Q22: 0 | R22: 0 | S22: 0 | T22: 0 | U22: 0 | V22: 0 | W22: 0 | X22: 0 | Y22: 0 | Z22: 0 | AA22: 0 | AB22: 0 | AC22: 0 | AD22: 0 | AE22: 0 | AF22: 0 | AG22: 0 | AH22: 0 | AI22: 0 | AJ22: 0 | AK22: 0 | AL22: 0 | AM22: 0 | AN22: 0 | AO22: 0 | AP22: 0 | AQ22: 0 | AR22: 3 | AS22: 9 | AT22: 9 | AU22: 16 | AV22: =SUM(AJ22:AU22) | AW22: =AV22/4 | AX22: 25 | AY22: 28 | AZ22: 23 | BA22: 30 | BB22: 31 | BC22: =SUMIFS(領用表!$L:$L,領用表!$A:$A,BC$2,領用表!$E:$E,B22) | BD22: =SUMIFS(領用表!$L:$L,領用表!$E:$E,$B22,領用表!$B:$B,BC$2&BD$2) | BE22: =SUMIFS(領用表!$L:$L,領用表!$E:$E,$B22,領用表!$B:$B,$BC$2&BE$2) | BF22: =SUMIFS(領用表!$L:$L,領用表!$E:$E,$B22,領用表!$B:$B,$BC$2&BF$2) | BG22: =SUMIFS(領用表!$L:$L,領用表!$E:$E,$B22,領用表!$B:$B,$BC$2&BG$2) | BH22: =SUMIFS(領用表!$L:$L,領用表!$A:$A,BH$2,領用表!$E:$E,B22) | BI22: =SUMIFS(領用表!$L:$L,領用表!$E:$E,$B22,領用表!$B:$B,BH$2&BI$2) | BJ22: =SUMIFS(領用表!$L:$L,領用表!$E:$E,$B22,領用表!$B:$B,$BH$2&BJ$2) | BK22: =SUMIFS(領用表!$L:$L,領用表!$E:$E,$B22,領用表!$B:$B,$BH$2&BK$2) | BL22: =SUMIFS(領用表!$L:$L,領用表!$E:$E,$B22,領用表!$B:$B,$BH$2&BL$2) | BM22: =SUMIFS(領用表!$L:$L,領用表!$A:$A,BM$2,領用表!$E:$E,B22) | BN22: =SUMIFS(領用表!$L:$L,領用表!$E:$E,$B22,領用表!$B:$B,BM$2&BN$2) | BO22: =SUMIFS(領用表!$L:$L,領用表!$E:$E,$B22,領用表!$B:$B,$BM$2&BO$2) | BP22: =SUMIFS(領用表!$L:$L,領用表!$E:$E,$B22,領用表!$B:$B,$BM$2&BP$2) | BQ22: =SUMIFS(領用表!$L:$L,領用表!$E:$E,$B22,領用表!$B:$B,$BM$2&BQ$2) | BR22: =SUMIFS(領用表!$L:$L,領用表!$A:$A,BR$2,領用表!$E:$E,B22) | BS22: =SUMIFS(領用表!$L:$L,領用表!$E:$E,$B22,領用表!$B:$B,BR$2&BS$2) | BT22: =SUMIFS(領用表!$L:$L,領用表!$E:$E,$B22,領用表!$B:$B,$BR$2&BT$2) | BU22: =SUMIFS(領用表!$L:$L,領用表!$E:$E,$B22,領用表!$B:$B,$BR$2&BU$2) | BV22: =SUMIFS(領用表!$L:$L,領用表!$E:$E,$B22,領用表!$B:$B,$BR$2&BV$2) | BW22: =SUMIFS(領用表!$L:$L,領用表!$A:$A,BW$2,領用表!$E:$E,B22) | BX22: =SUMIFS(領用表!$L:$L,領用表!$E:$E,$B22,領用表!$B:$B,BW$2&BX$2) | BY22: =SUMIFS(領用表!$L:$L,領用表!$E:$E,$B22,領用表!$B:$B,$BW$2&BY$2) | BZ22: =SUMIFS(領用表!$L:$L,領用表!$E:$E,$B22,領用表!$B:$B,$BW$2&BZ$2) | CA22: =SUMIFS(領用表!$L:$L,領用表!$E:$E,$B22,領用表!$B:$B,$BW$2&CA$2) | CB22: =SUMIFS(領用表!$L:$L,領用表!$A:$A,CB$2,領用表!$E:$E,B22) | CC22: =SUMIFS(領用表!$L:$L,領用表!$E:$E,$B22,領用表!$B:$B,CB$2&CC$2) | CD22: =SUMIFS(領用表!$L:$L,領用表!$E:$E,$B22,領用表!$B:$B,$CB$2&CD$2) | CE22: =SUMIFS(領用表!$L:$L,領用表!$E:$E,$B22,領用表!$B:$B,$CB$2&CE$2) | CF22: =SUMIFS(領用表!$L:$L,領用表!$E:$E,$B22,領用表!$B:$B,$CB$2&CF$2) | CG22: =SUMIFS(領用表!$L:$L,領用表!$A:$A,CG$2,領用表!$E:$E,B22) | CH22: =SUMIFS(領用表!$L:$L,領用表!$E:$E,$B22,領用表!$B:$B,CG$2&CH$2) | CI22: =SUMIFS(領用表!$L:$L,領用表!$E:$E,$B22,領用表!$B:$B,CG$2&CI$2) | CJ22: =SUMIFS(領用表!$L:$L,領用表!$E:$E,$B22,領用表!$B:$B,CG$2&CJ$2) | CK22: =SUMIFS(領用表!$L:$L,領用表!$E:$E,$B22,領用表!$B:$B,$CG$2&CK$2) | CL22: =SUM(AX22,AY22,AZ22,BA22,BB22,BC22,BH22,BM22,BR22,BW22,CB22,CG22) | CM22: =AVERAGE(AX22,AY22,AZ22,BA22,BB22,BC22,BH22,BM22,BR22,BW22,CB22,CG22) | CN22: =SUMIFS(領用表!$L:$L,領用表!$A:$A,CN$2,領用表!$E:$E,B22) | CO22: =SUMIFS(領用表!$L:$L,領用表!$E:$E,$B22,領用表!$B:$B,CN$2&CO$2) | CP22: =SUMIFS(領用表!$L:$L,領用表!$E:$E,$B22,領用表!$B:$B,$CN$2&CP$2) | CQ22: =SUMIFS(領用表!$L:$L,領用表!$E:$E,$B22,領用表!$B:$B,$CN$2&CQ$2) | CR22: =SUMIFS(領用表!$L:$L,領用表!$E:$E,$B22,領用表!$B:$B,$CN$2&CR$2) | CS22: =SUMIFS(領用表!$L:$L,領用表!$A:$A,CS$2,領用表!$E:$E,B22) | CT22: =SUMIFS(領用表!$L:$L,領用表!$E:$E,$B22,領用表!$B:$B,CS$2&CT$2) | CU22: =SUMIFS(領用表!$L:$L,領用表!$E:$E,$B22,領用表!$B:$B,$CS$2&CU$2) | CV22: =SUMIFS(領用表!$L:$L,領用表!$E:$E,$B22,領用表!$B:$B,$CS$2&CV$2) | CW22: =SUMIFS(領用表!$L:$L,領用表!$E:$E,$B22,領用表!$B:$B,$CS$2&CW$2) | CX22: =SUMIFS(領用表!$L:$L,領用表!$E:$E,$B22,領用表!$B:$B,$CS$2&CX$2) | CY22: =SUMIFS(領用表!$L:$L,領用表!$A:$A,CY$2,領用表!$E:$E,B22) | CZ22: =SUMIFS(領用表!$L:$L,領用表!$E:$E,$B22,領用表!$B:$B,CY$2&CZ$2) | DA22: =SUMIFS(領用表!$L:$L,領用表!$E:$E,$B22,領用表!$B:$B,$CY$2&DA$2) | DB22: =SUMIFS(領用表!$L:$L,領用表!$E:$E,$B22,領用表!$B:$B,$CY$2&DB$2) | DC22: =SUMIFS(領用表!$L:$L,領用表!$E:$E,$B22,領用表!$B:$B,$CY$2&DC$2) | DD22: =SUMIFS(領用表!$L:$L,領用表!$E:$E,$B22,領用表!$B:$B,$CY$2&DD$2) | DE22: =SUMIFS(領用表!$L:$L,領用表!$A:$A,DE$2,領用表!$E:$E,B22) | DF22: =SUMIFS(領用表!$L:$L,領用表!$E:$E,$B22,領用表!$B:$B,DE$2&DF$2) | DG22: =SUMIFS(領用表!$L:$L,領用表!$E:$E,$B22,領用表!$B:$B,$DE$2&DG$2) | DH22: =SUMIFS(領用表!$L:$L,領用表!$E:$E,$B22,領用表!$B:$B,$DE$2&DH$2) | DI22: =SUMIFS(領用表!$L:$L,領用表!$E:$E,$B22,領用表!$B:$B,$DE$2&DI$2) | DJ22: =SUMIFS(領用表!$L:$L,領用表!$E:$E,$B22,領用表!$B:$B,$DE$2&DJ$2) | DK22: =SUMIFS(領用表!$L:$L,領用表!$A:$A,DK$2,領用表!$E:$E,$B22) | DL22: =SUMIFS(領用表!$L:$L,領用表!$E:$E,$B22,領用表!$B:$B,DK$2&DL$2) | DM22: =SUMIFS(領用表!$L:$L,領用表!$E:$E,$B22,領用表!$B:$B,$DK$2&DM$2) | DN22: =SUMIFS(領用表!$L:$L,領用表!$E:$E,$B22,領用表!$B:$B,$DK$2&DN$2) | DO22: =SUMIFS(領用表!$L:$L,領用表!$E:$E,$B22,領用表!$B:$B,$DK$2&DO$2) | DP22: =SUMIFS(領用表!$L:$L,領用表!$E:$E,$B22,領用表!$B:$B,$DK$2&DP$2) | DW22: =SUM(CN22,CS22,CY22,DE22,DK22,DQ22) | DX22: =AVERAGEA(CN22,CS22,CY22,DE22,DK22,DQ22) | DY22: =SUM(DZ22:EC22) | DZ22: 0 | EA22: 0 | EB22: 0 | EC22: 0 | EJ22: =IFERROR(VLOOKUP(A22,站前4樓!A:BF,57,0),0) | EK22: =IFERROR(VLOOKUP(A22,站前11樓!A:BE,57,0),0) | EL22: =IFERROR(VLOOKUP(A22,忠孝7樓!A:N,57,0),0) | EM22: =IFERROR(VLOOKUP(A22,忠孝國際醫學3樓!A:L,57,0),0) | EN22: =SUM(ED22:EG22) | EP22: 38 | EQ22: 0
A23: MP1MA020017A | C23: 薇貝拉軟組織植入劑-大分子黑童針 200mg | D23: 1 | E23: PCS | F23: =SUMIF(站前4樓!B:B,B23,站前4樓!F:F) | G23: =SUMIF(站前11樓!B:B,B23,站前11樓!F:F) | H23: =SUMIF(忠孝7樓!B:B,B23,忠孝7樓!G:G) | I23: =SUMIF(忠孝國際醫學3樓!B:B,B23,忠孝國際醫學3樓!G:G) | J23: =SUMIF(忠孝健康7樓!B:B,B23,忠孝健康7樓!G:G) | K23: 0 | L23: 0 | M23: 0 | N23: 0 | O23: 0 | P23: 0 | Q23: 0 | R23: 0 | S23: 0 | T23: 0 | U23: 0 | V23: 0 | W23: 0 | X23: 0 | Y23: 0 | Z23: 0 | AA23: 0 | AB23: 0 | AC23: 0 | AD23: 0 | AE23: 0 | AF23: 0 | AG23: 0 | AH23: 0 | AI23: 0 | AJ23: 0 | AK23: 0 | AL23: 0 | AM23: 0 | AN23: 0 | AO23: 0 | AP23: 0 | AQ23: 0 | AR23: 3 | AS23: 11 | AT23: 15 | AU23: 15 | AV23: =SUM(AJ23:AU23) | AW23: =AV23/4 | AX23: 15 | AY23: 11 | AZ23: 27 | BA23: 30 | BB23: 28 | BC23: =SUMIFS(領用表!$L:$L,領用表!$A:$A,BC$2,領用表!$E:$E,B23) | BD23: =SUMIFS(領用表!$L:$L,領用表!$E:$E,$B23,領用表!$B:$B,BC$2&BD$2) | BE23: =SUMIFS(領用表!$L:$L,領用表!$E:$E,$B23,領用表!$B:$B,$BC$2&BE$2) | BF23: =SUMIFS(領用表!$L:$L,領用表!$E:$E,$B23,領用表!$B:$B,$BC$2&BF$2) | BG23: =SUMIFS(領用表!$L:$L,領用表!$E:$E,$B23,領用表!$B:$B,$BC$2&BG$2) | BH23: =SUMIFS(領用表!$L:$L,領用表!$A:$A,BH$2,領用表!$E:$E,B23) | BI23: =SUMIFS(領用表!$L:$L,領用表!$E:$E,$B23,領用表!$B:$B,BH$2&BI$2) | BJ23: =SUMIFS(領用表!$L:$L,領用表!$E:$E,$B23,領用表!$B:$B,$BH$2&BJ$2) | BK23: =SUMIFS(領用表!$L:$L,領用表!$E:$E,$B23,領用表!$B:$B,$BH$2&BK$2) | BL23: =SUMIFS(領用表!$L:$L,領用表!$E:$E,$B23,領用表!$B:$B,$BH$2&BL$2) | BM23: =SUMIFS(領用表!$L:$L,領用表!$A:$A,BM$2,領用表!$E:$E,B23) | BN23: =SUMIFS(領用表!$L:$L,領用表!$E:$E,$B23,領用表!$B:$B,BM$2&BN$2) | BO23: =SUMIFS(領用表!$L:$L,領用表!$E:$E,$B23,領用表!$B:$B,$BM$2&BO$2) | BP23: =SUMIFS(領用表!$L:$L,領用表!$E:$E,$B23,領用表!$B:$B,$BM$2&BP$2) | BQ23: =SUMIFS(領用表!$L:$L,領用表!$E:$E,$B23,領用表!$B:$B,$BM$2&BQ$2) | BR23: =SUMIFS(領用表!$L:$L,領用表!$A:$A,BR$2,領用表!$E:$E,B23) | BS23: =SUMIFS(領用表!$L:$L,領用表!$E:$E,$B23,領用表!$B:$B,BR$2&BS$2) | BT23: =SUMIFS(領用表!$L:$L,領用表!$E:$E,$B23,領用表!$B:$B,$BR$2&BT$2) | BU23: =SUMIFS(領用表!$L:$L,領用表!$E:$E,$B23,領用表!$B:$B,$BR$2&BU$2) | BV23: =SUMIFS(領用表!$L:$L,領用表!$E:$E,$B23,領用表!$B:$B,$BR$2&BV$2) | BW23: =SUMIFS(領用表!$L:$L,領用表!$A:$A,BW$2,領用表!$E:$E,B23) | BX23: =SUMIFS(領用表!$L:$L,領用表!$E:$E,$B23,領用表!$B:$B,BW$2&BX$2) | BY23: =SUMIFS(領用表!$L:$L,領用表!$E:$E,$B23,領用表!$B:$B,$BW$2&BY$2) | BZ23: =SUMIFS(領用表!$L:$L,領用表!$E:$E,$B23,領用表!$B:$B,$BW$2&BZ$2) | CA23: =SUMIFS(領用表!$L:$L,領用表!$E:$E,$B23,領用表!$B:$B,$BW$2&CA$2) | CB23: =SUMIFS(領用表!$L:$L,領用表!$A:$A,CB$2,領用表!$E:$E,B23) | CC23: =SUMIFS(領用表!$L:$L,領用表!$E:$E,$B23,領用表!$B:$B,CB$2&CC$2) | CD23: =SUMIFS(領用表!$L:$L,領用表!$E:$E,$B23,領用表!$B:$B,$CB$2&CD$2) | CE23: =SUMIFS(領用表!$L:$L,領用表!$E:$E,$B23,領用表!$B:$B,$CB$2&CE$2) | CF23: =SUMIFS(領用表!$L:$L,領用表!$E:$E,$B23,領用表!$B:$B,$CB$2&CF$2) | CG23: =SUMIFS(領用表!$L:$L,領用表!$A:$A,CG$2,領用表!$E:$E,B23) | CH23: =SUMIFS(領用表!$L:$L,領用表!$E:$E,$B23,領用表!$B:$B,CG$2&CH$2) | CI23: =SUMIFS(領用表!$L:$L,領用表!$E:$E,$B23,領用表!$B:$B,CG$2&CI$2) | CJ23: =SUMIFS(領用表!$L:$L,領用表!$E:$E,$B23,領用表!$B:$B,CG$2&CJ$2) | CK23: =SUMIFS(領用表!$L:$L,領用表!$E:$E,$B23,領用表!$B:$B,$CG$2&CK$2) | CL23: =SUM(AX23,AY23,AZ23,BA23,BB23,BC23,BH23,BM23,BR23,BW23,CB23,CG23) | CM23: =AVERAGE(AX23,AY23,AZ23,BA23,BB23,BC23,BH23,BM23,BR23,BW23,CB23,CG23) | CN23: =SUMIFS(領用表!$L:$L,領用表!$A:$A,CN$2,領用表!$E:$E,B23) | CO23: =SUMIFS(領用表!$L:$L,領用表!$E:$E,$B23,領用表!$B:$B,CN$2&CO$2) | CP23: =SUMIFS(領用表!$L:$L,領用表!$E:$E,$B23,領用表!$B:$B,$CN$2&CP$2) | CQ23: =SUMIFS(領用表!$L:$L,領用表!$E:$E,$B23,領用表!$B:$B,$CN$2&CQ$2) | CR23: =SUMIFS(領用表!$L:$L,領用表!$E:$E,$B23,領用表!$B:$B,$CN$2&CR$2) | CS23: =SUMIFS(領用表!$L:$L,領用表!$A:$A,CS$2,領用表!$E:$E,B23) | CT23: =SUMIFS(領用表!$L:$L,領用表!$E:$E,$B23,領用表!$B:$B,CS$2&CT$2) | CU23: =SUMIFS(領用表!$L:$L,領用表!$E:$E,$B23,領用表!$B:$B,$CS$2&CU$2) | CV23: =SUMIFS(領用表!$L:$L,領用表!$E:$E,$B23,領用表!$B:$B,$CS$2&CV$2) | CW23: =SUMIFS(領用表!$L:$L,領用表!$E:$E,$B23,領用表!$B:$B,$CS$2&CW$2) | CX23: =SUMIFS(領用表!$L:$L,領用表!$E:$E,$B23,領用表!$B:$B,$CS$2&CX$2) | CY23: =SUMIFS(領用表!$L:$L,領用表!$A:$A,CY$2,領用表!$E:$E,B23) | CZ23: =SUMIFS(領用表!$L:$L,領用表!$E:$E,$B23,領用表!$B:$B,CY$2&CZ$2) | DA23: =SUMIFS(領用表!$L:$L,領用表!$E:$E,$B23,領用表!$B:$B,$CY$2&DA$2) | DB23: =SUMIFS(領用表!$L:$L,領用表!$E:$E,$B23,領用表!$B:$B,$CY$2&DB$2) | DC23: =SUMIFS(領用表!$L:$L,領用表!$E:$E,$B23,領用表!$B:$B,$CY$2&DC$2) | DD23: =SUMIFS(領用表!$L:$L,領用表!$E:$E,$B23,領用表!$B:$B,$CY$2&DD$2) | DE23: =SUMIFS(領用表!$L:$L,領用表!$A:$A,DE$2,領用表!$E:$E,B23) | DF23: =SUMIFS(領用表!$L:$L,領用表!$E:$E,$B23,領用表!$B:$B,DE$2&DF$2) | DG23: =SUMIFS(領用表!$L:$L,領用表!$E:$E,$B23,領用表!$B:$B,$DE$2&DG$2) | DH23: =SUMIFS(領用表!$L:$L,領用表!$E:$E,$B23,領用表!$B:$B,$DE$2&DH$2) | DI23: =SUMIFS(領用表!$L:$L,領用表!$E:$E,$B23,領用表!$B:$B,$DE$2&DI$2) | DJ23: =SUMIFS(領用表!$L:$L,領用表!$E:$E,$B23,領用表!$B:$B,$DE$2&DJ$2) | DK23: =SUMIFS(領用表!$L:$L,領用表!$A:$A,DK$2,領用表!$E:$E,$B23) | DL23: =SUMIFS(領用表!$L:$L,領用表!$E:$E,$B23,領用表!$B:$B,DK$2&DL$2) | DM23: =SUMIFS(領用表!$L:$L,領用表!$E:$E,$B23,領用表!$B:$B,$DK$2&DM$2) | DN23: =SUMIFS(領用表!$L:$L,領用表!$E:$E,$B23,領用表!$B:$B,$DK$2&DN$2) | DO23: =SUMIFS(領用表!$L:$L,領用表!$E:$E,$B23,領用表!$B:$B,$DK$2&DO$2) | DP23: =SUMIFS(領用表!$L:$L,領用表!$E:$E,$B23,領用表!$B:$B,$DK$2&DP$2) | DW23: =SUM(CN23,CS23,CY23,DE23,DK23,DQ23) | DX23: =AVERAGEA(CN23,CS23,CY23,DE23,DK23,DQ23) | DY23: =SUM(DZ23:EC23) | DZ23: 0 | EA23: 0 | EB23: 0 | EC23: 0 | EJ23: =IFERROR(VLOOKUP(A23,站前4樓!A:BF,57,0),0) | EK23: =IFERROR(VLOOKUP(A23,站前11樓!A:BE,57,0),0) | EL23: =IFERROR(VLOOKUP(A23,忠孝7樓!A:N,57,0),0) | EM23: =IFERROR(VLOOKUP(A23,忠孝國際醫學3樓!A:L,57,0),0) | EN23: =SUM(ED23:EG23) | EP23: 43 | EQ23: 14.75
A24: MP1MA020032A | B24: 6160008 | C24: 薇貝拉軟組織植入劑-小分子白童針(1cc) | D24: 6 | E24: ml | F24: =SUMIF(站前4樓!B:B,B24,站前4樓!F:F) | G24: =SUMIF(站前11樓!B:B,B24,站前11樓!F:F) | H24: =SUMIF(忠孝7樓!B:B,B24,忠孝7樓!G:G) | I24: =SUMIF(忠孝國際醫學3樓!B:B,B24,忠孝國際醫學3樓!G:G) | J24: =SUMIF(忠孝健康7樓!B:B,B24,忠孝健康7樓!G:G) | BC24: =SUMIFS(領用表!$L:$L,領用表!$A:$A,BC$2,領用表!$E:$E,B24) | BD24: =SUMIFS(領用表!$L:$L,領用表!$E:$E,$B24,領用表!$B:$B,BC$2&BD$2) | BE24: =SUMIFS(領用表!$L:$L,領用表!$E:$E,$B24,領用表!$B:$B,$BC$2&BE$2) | BF24: =SUMIFS(領用表!$L:$L,領用表!$E:$E,$B24,領用表!$B:$B,$BC$2&BF$2) | BG24: =SUMIFS(領用表!$L:$L,領用表!$E:$E,$B24,領用表!$B:$B,$BC$2&BG$2) | BH24: =SUMIFS(領用表!$L:$L,領用表!$A:$A,BH$2,領用表!$E:$E,B24) | BI24: =SUMIFS(領用表!$L:$L,領用表!$E:$E,$B24,領用表!$B:$B,BH$2&BI$2) | BJ24: =SUMIFS(領用表!$L:$L,領用表!$E:$E,$B24,領用表!$B:$B,$BH$2&BJ$2) | BK24: =SUMIFS(領用表!$L:$L,領用表!$E:$E,$B24,領用表!$B:$B,$BH$2&BK$2) | BL24: =SUMIFS(領用表!$L:$L,領用表!$E:$E,$B24,領用表!$B:$B,$BH$2&BL$2) | BM24: =SUMIFS(領用表!$L:$L,領用表!$A:$A,BM$2,領用表!$E:$E,B24) | BN24: =SUMIFS(領用表!$L:$L,領用表!$E:$E,$B24,領用表!$B:$B,BM$2&BN$2) | BO24: =SUMIFS(領用表!$L:$L,領用表!$E:$E,$B24,領用表!$B:$B,$BM$2&BO$2) | BP24: =SUMIFS(領用表!$L:$L,領用表!$E:$E,$B24,領用表!$B:$B,$BM$2&BP$2) | BQ24: =SUMIFS(領用表!$L:$L,領用表!$E:$E,$B24,領用表!$B:$B,$BM$2&BQ$2) | BR24: =SUMIFS(領用表!$L:$L,領用表!$A:$A,BR$2,領用表!$E:$E,B24) | BS24: =SUMIFS(領用表!$L:$L,領用表!$E:$E,$B24,領用表!$B:$B,BR$2&BS$2) | BT24: =SUMIFS(領用表!$L:$L,領用表!$E:$E,$B24,領用表!$B:$B,$BR$2&BT$2) | BU24: =SUMIFS(領用表!$L:$L,領用表!$E:$E,$B24,領用表!$B:$B,$BR$2&BU$2) | BV24: =SUMIFS(領用表!$L:$L,領用表!$E:$E,$B24,領用表!$B:$B,$BR$2&BV$2) | BW24: =SUMIFS(領用表!$L:$L,領用表!$A:$A,BW$2,領用表!$E:$E,B24) | BX24: =SUMIFS(領用表!$L:$L,領用表!$E:$E,$B24,領用表!$B:$B,BW$2&BX$2) | BY24: =SUMIFS(領用表!$L:$L,領用表!$E:$E,$B24,領用表!$B:$B,$BW$2&BY$2) | BZ24: =SUMIFS(領用表!$L:$L,領用表!$E:$E,$B24,領用表!$B:$B,$BW$2&BZ$2) | CA24: =SUMIFS(領用表!$L:$L,領用表!$E:$E,$B24,領用表!$B:$B,$BW$2&CA$2) | CB24: =SUMIFS(領用表!$L:$L,領用表!$A:$A,CB$2,領用表!$E:$E,B24) | CC24: =SUMIFS(領用表!$L:$L,領用表!$E:$E,$B24,領用表!$B:$B,CB$2&CC$2) | CD24: =SUMIFS(領用表!$L:$L,領用表!$E:$E,$B24,領用表!$B:$B,$CB$2&CD$2) | CE24: =SUMIFS(領用表!$L:$L,領用表!$E:$E,$B24,領用表!$B:$B,$CB$2&CE$2) | CF24: =SUMIFS(領用表!$L:$L,領用表!$E:$E,$B24,領用表!$B:$B,$CB$2&CF$2) | CG24: =SUMIFS(領用表!$L:$L,領用表!$A:$A,CG$2,領用表!$E:$E,B24) | CH24: =SUMIFS(領用表!$L:$L,領用表!$E:$E,$B24,領用表!$B:$B,CG$2&CH$2) | CI24: =SUMIFS(領用表!$L:$L,領用表!$E:$E,$B24,領用表!$B:$B,CG$2&CI$2) | CJ24: =SUMIFS(領用表!$L:$L,領用表!$E:$E,$B24,領用表!$B:$B,CG$2&CJ$2) | CK24: =SUMIFS(領用表!$L:$L,領用表!$E:$E,$B24,領用表!$B:$B,$CG$2&CK$2) | CL24: =SUM(AX24,AY24,AZ24,BA24,BB24,BC24,BH24,BM24,BR24,BW24,CB24,CG24) | CM24: =AVERAGE(AX24,AY24,AZ24,BA24,BB24,BC24,BH24,BM24,BR24,BW24,CB24,CG24) | CN24: =SUMIFS(領用表!$L:$L,領用表!$A:$A,CN$2,領用表!$E:$E,B24) | CO24: =SUMIFS(領用表!$L:$L,領用表!$E:$E,$B24,領用表!$B:$B,CN$2&CO$2) | CP24: =SUMIFS(領用表!$L:$L,領用表!$E:$E,$B24,領用表!$B:$B,$CN$2&CP$2) | CQ24: =SUMIFS(領用表!$L:$L,領用表!$E:$E,$B24,領用表!$B:$B,$CN$2&CQ$2) | CR24: =SUMIFS(領用表!$L:$L,領用表!$E:$E,$B24,領用表!$B:$B,$CN$2&CR$2) | CS24: =SUMIFS(領用表!$L:$L,領用表!$A:$A,CS$2,領用表!$E:$E,B24) | CT24: =SUMIFS(領用表!$L:$L,領用表!$E:$E,$B24,領用表!$B:$B,CS$2&CT$2) | CU24: =SUMIFS(領用表!$L:$L,領用表!$E:$E,$B24,領用表!$B:$B,$CS$2&CU$2) | CV24: =SUMIFS(領用表!$L:$L,領用表!$E:$E,$B24,領用表!$B:$B,$CS$2&CV$2) | CW24: =SUMIFS(領用表!$L:$L,領用表!$E:$E,$B24,領用表!$B:$B,$CS$2&CW$2) | CX24: =SUMIFS(領用表!$L:$L,領用表!$E:$E,$B24,領用表!$B:$B,$CS$2&CX$2) | CY24: =SUMIFS(領用表!$L:$L,領用表!$A:$A,CY$2,領用表!$E:$E,B24) | CZ24: =SUMIFS(領用表!$L:$L,領用表!$E:$E,$B24,領用表!$B:$B,CY$2&CZ$2) | DA24: =SUMIFS(領用表!$L:$L,領用表!$E:$E,$B24,領用表!$B:$B,$CY$2&DA$2) | DB24: =SUMIFS(領用表!$L:$L,領用表!$E:$E,$B24,領用表!$B:$B,$CY$2&DB$2) | DC24: =SUMIFS(領用表!$L:$L,領用表!$E:$E,$B24,領用表!$B:$B,$CY$2&DC$2) | DD24: =SUMIFS(領用表!$L:$L,領用表!$E:$E,$B24,領用表!$B:$B,$CY$2&DD$2) | DE24: =SUMIFS(領用表!$L:$L,領用表!$A:$A,DE$2,領用表!$E:$E,B24) | DF24: =SUMIFS(領用表!$L:$L,領用表!$E:$E,$B24,領用表!$B:$B,DE$2&DF$2) | DG24: =SUMIFS(領用表!$L:$L,領用表!$E:$E,$B24,領用表!$B:$B,$DE$2&DG$2) | DH24: =SUMIFS(領用表!$L:$L,領用表!$E:$E,$B24,領用表!$B:$B,$DE$2&DH$2) | DI24: =SUMIFS(領用表!$L:$L,領用表!$E:$E,$B24,領用表!$B:$B,$DE$2&DI$2) | DJ24: =SUMIFS(領用表!$L:$L,領用表!$E:$E,$B24,領用表!$B:$B,$DE$2&DJ$2) | DK24: =SUMIFS(領用表!$L:$L,領用表!$A:$A,DK$2,領用表!$E:$E,$B24) | DL24: =SUMIFS(領用表!$L:$L,領用表!$E:$E,$B24,領用表!$B:$B,DK$2&DL$2) | DM24: =SUMIFS(領用表!$L:$L,領用表!$E:$E,$B24,領用表!$B:$B,$DK$2&DM$2) | DN24: =SUMIFS(領用表!$L:$L,領用表!$E:$E,$B24,領用表!$B:$B,$DK$2&DN$2) | DO24: =SUMIFS(領用表!$L:$L,領用表!$E:$E,$B24,領用表!$B:$B,$DK$2&DO$2) | DP24: =SUMIFS(領用表!$L:$L,領用表!$E:$E,$B24,領用表!$B:$B,$DK$2&DP$2) | DQ24: 64 | DR24: 25 | DT24: 37 | DV24: 2 | DW24: =SUM(CN24,CS24,CY24,DE24,DK24,DQ24) | DX24: =AVERAGEA(CN24,CS24,CY24,DE24,DK24,DQ24) | DY24: =SUM(DZ24:EC24) | DZ24: 35 | EA24: 0 | EB24: 210 | EC24: 0 | ED24: 240 | EF24: 110瓶(10/21) | EG24: 40瓶(10/17) | EJ24: =IFERROR(VLOOKUP(A24,站前4樓!A:BF,57,0),0) | EK24: =IFERROR(VLOOKUP(A24,站前11樓!A:BE,57,0),0) | EL24: =IFERROR(VLOOKUP(A24,忠孝7樓!A:N,57,0),0) | EM24: =IFERROR(VLOOKUP(A24,忠孝國際醫學3樓!A:L,57,0),0) | EN24: =SUM(ED24:EG24) | EP24: 228 | EQ24: 0
A25: MP1MA020033A | B25: 6160009 | C25: 薇貝拉軟組織植入劑-大分子黑童針(1cc) | D25: 8 | E25: ml | F25: =SUMIF(站前4樓!B:B,B25,站前4樓!F:F) | G25: =SUMIF(站前11樓!B:B,B25,站前11樓!F:F) | H25: =SUMIF(忠孝7樓!B:B,B25,忠孝7樓!G:G) | I25: =SUMIF(忠孝國際醫學3樓!B:B,B25,忠孝國際醫學3樓!G:G) | J25: =SUMIF(忠孝健康7樓!B:B,B25,忠孝健康7樓!G:G) | BC25: =SUMIFS(領用表!$L:$L,領用表!$A:$A,BC$2,領用表!$E:$E,B25) | BD25: =SUMIFS(領用表!$L:$L,領用表!$E:$E,$B25,領用表!$B:$B,BC$2&BD$2) | BE25: =SUMIFS(領用表!$L:$L,領用表!$E:$E,$B25,領用表!$B:$B,$BC$2&BE$2) | BF25: =SUMIFS(領用表!$L:$L,領用表!$E:$E,$B25,領用表!$B:$B,$BC$2&BF$2) | BG25: =SUMIFS(領用表!$L:$L,領用表!$E:$E,$B25,領用表!$B:$B,$BC$2&BG$2) | BH25: =SUMIFS(領用表!$L:$L,領用表!$A:$A,BH$2,領用表!$E:$E,B25) | BI25: =SUMIFS(領用表!$L:$L,領用表!$E:$E,$B25,領用表!$B:$B,BH$2&BI$2) | BJ25: =SUMIFS(領用表!$L:$L,領用表!$E:$E,$B25,領用表!$B:$B,$BH$2&BJ$2) | BK25: =SUMIFS(領用表!$L:$L,領用表!$E:$E,$B25,領用表!$B:$B,$BH$2&BK$2) | BL25: =SUMIFS(領用表!$L:$L,領用表!$E:$E,$B25,領用表!$B:$B,$BH$2&BL$2) | BM25: =SUMIFS(領用表!$L:$L,領用表!$A:$A,BM$2,領用表!$E:$E,B25) | BN25: =SUMIFS(領用表!$L:$L,領用表!$E:$E,$B25,領用表!$B:$B,BM$2&BN$2) | BO25: =SUMIFS(領用表!$L:$L,領用表!$E:$E,$B25,領用表!$B:$B,$BM$2&BO$2) | BP25: =SUMIFS(領用表!$L:$L,領用表!$E:$E,$B25,領用表!$B:$B,$BM$2&BP$2) | BQ25: =SUMIFS(領用表!$L:$L,領用表!$E:$E,$B25,領用表!$B:$B,$BM$2&BQ$2) | BR25: =SUMIFS(領用表!$L:$L,領用表!$A:$A,BR$2,領用表!$E:$E,B25) | BS25: =SUMIFS(領用表!$L:$L,領用表!$E:$E,$B25,領用表!$B:$B,BR$2&BS$2) | BT25: =SUMIFS(領用表!$L:$L,領用表!$E:$E,$B25,領用表!$B:$B,$BR$2&BT$2) | BU25: =SUMIFS(領用表!$L:$L,領用表!$E:$E,$B25,領用表!$B:$B,$BR$2&BU$2) | BV25: =SUMIFS(領用表!$L:$L,領用表!$E:$E,$B25,領用表!$B:$B,$BR$2&BV$2) | BW25: =SUMIFS(領用表!$L:$L,領用表!$A:$A,BW$2,領用表!$E:$E,B25) | BX25: =SUMIFS(領用表!$L:$L,領用表!$E:$E,$B25,領用表!$B:$B,BW$2&BX$2) | BY25: =SUMIFS(領用表!$L:$L,領用表!$E:$E,$B25,領用表!$B:$B,$BW$2&BY$2) | BZ25: =SUMIFS(領用表!$L:$L,領用表!$E:$E,$B25,領用表!$B:$B,$BW$2&BZ$2) | CA25: =SUMIFS(領用表!$L:$L,領用表!$E:$E,$B25,領用表!$B:$B,$BW$2&CA$2) | CB25: =SUMIFS(領用表!$L:$L,領用表!$A:$A,CB$2,領用表!$E:$E,B25) | CC25: =SUMIFS(領用表!$L:$L,領用表!$E:$E,$B25,領用表!$B:$B,CB$2&CC$2) | CD25: =SUMIFS(領用表!$L:$L,領用表!$E:$E,$B25,領用表!$B:$B,$CB$2&CD$2) | CE25: =SUMIFS(領用表!$L:$L,領用表!$E:$E,$B25,領用表!$B:$B,$CB$2&CE$2) | CF25: =SUMIFS(領用表!$L:$L,領用表!$E:$E,$B25,領用表!$B:$B,$CB$2&CF$2) | CG25: =SUMIFS(領用表!$L:$L,領用表!$A:$A,CG$2,領用表!$E:$E,B25) | CH25: =SUMIFS(領用表!$L:$L,領用表!$E:$E,$B25,領用表!$B:$B,CG$2&CH$2) | CI25: =SUMIFS(領用表!$L:$L,領用表!$E:$E,$B25,領用表!$B:$B,CG$2&CI$2) | CJ25: =SUMIFS(領用表!$L:$L,領用表!$E:$E,$B25,領用表!$B:$B,CG$2&CJ$2) | CK25: =SUMIFS(領用表!$L:$L,領用表!$E:$E,$B25,領用表!$B:$B,$CG$2&CK$2) | CL25: =SUM(AX25,AY25,AZ25,BA25,BB25,BC25,BH25,BM25,BR25,BW25,CB25,CG25) | CM25: =AVERAGE(AX25,AY25,AZ25,BA25,BB25,BC25,BH25,BM25,BR25,BW25,CB25,CG25) | CN25: =SUMIFS(領用表!$L:$L,領用表!$A:$A,CN$2,領用表!$E:$E,B25) | CO25: =SUMIFS(領用表!$L:$L,領用表!$E:$E,$B25,領用表!$B:$B,CN$2&CO$2) | CP25: =SUMIFS(領用表!$L:$L,領用表!$E:$E,$B25,領用表!$B:$B,$CN$2&CP$2) | CQ25: =SUMIFS(領用表!$L:$L,領用表!$E:$E,$B25,領用表!$B:$B,$CN$2&CQ$2) | CR25: =SUMIFS(領用表!$L:$L,領用表!$E:$E,$B25,領用表!$B:$B,$CN$2&CR$2) | CS25: =SUMIFS(領用表!$L:$L,領用表!$A:$A,CS$2,領用表!$E:$E,B25) | CT25: =SUMIFS(領用表!$L:$L,領用表!$E:$E,$B25,領用表!$B:$B,CS$2&CT$2) | CU25: =SUMIFS(領用表!$L:$L,領用表!$E:$E,$B25,領用表!$B:$B,$CS$2&CU$2) | CV25: =SUMIFS(領用表!$L:$L,領用表!$E:$E,$B25,領用表!$B:$B,$CS$2&CV$2) | CW25: =SUMIFS(領用表!$L:$L,領用表!$E:$E,$B25,領用表!$B:$B,$CS$2&CW$2) | CX25: =SUMIFS(領用表!$L:$L,領用表!$E:$E,$B25,領用表!$B:$B,$CS$2&CX$2) | CY25: =SUMIFS(領用表!$L:$L,領用表!$A:$A,CY$2,領用表!$E:$E,B25) | CZ25: =SUMIFS(領用表!$L:$L,領用表!$E:$E,$B25,領用表!$B:$B,CY$2&CZ$2) | DA25: =SUMIFS(領用表!$L:$L,領用表!$E:$E,$B25,領用表!$B:$B,$CY$2&DA$2) | DB25: =SUMIFS(領用表!$L:$L,領用表!$E:$E,$B25,領用表!$B:$B,$CY$2&DB$2) | DC25: =SUMIFS(領用表!$L:$L,領用表!$E:$E,$B25,領用表!$B:$B,$CY$2&DC$2) | DD25: =SUMIFS(領用表!$L:$L,領用表!$E:$E,$B25,領用表!$B:$B,$CY$2&DD$2) | DE25: =SUMIFS(領用表!$L:$L,領用表!$A:$A,DE$2,領用表!$E:$E,B25) | DF25: =SUMIFS(領用表!$L:$L,領用表!$E:$E,$B25,領用表!$B:$B,DE$2&DF$2) | DG25: =SUMIFS(領用表!$L:$L,領用表!$E:$E,$B25,領用表!$B:$B,$DE$2&DG$2) | DH25: =SUMIFS(領用表!$L:$L,領用表!$E:$E,$B25,領用表!$B:$B,$DE$2&DH$2) | DI25: =SUMIFS(領用表!$L:$L,領用表!$E:$E,$B25,領用表!$B:$B,$DE$2&DI$2) | DJ25: =SUMIFS(領用表!$L:$L,領用表!$E:$E,$B25,領用表!$B:$B,$DE$2&DJ$2) | DK25: =SUMIFS(領用表!$L:$L,領用表!$A:$A,DK$2,領用表!$E:$E,$B25) | DL25: =SUMIFS(領用表!$L:$L,領用表!$E:$E,$B25,領用表!$B:$B,DK$2&DL$2) | DM25: =SUMIFS(領用表!$L:$L,領用表!$E:$E,$B25,領用表!$B:$B,$DK$2&DM$2) | DN25: =SUMIFS(領用表!$L:$L,領用表!$E:$E,$B25,領用表!$B:$B,$DK$2&DN$2) | DO25: =SUMIFS(領用表!$L:$L,領用表!$E:$E,$B25,領用表!$B:$B,$DK$2&DO$2) | DP25: =SUMIFS(領用表!$L:$L,領用表!$E:$E,$B25,領用表!$B:$B,$DK$2&DP$2) | DQ25: 6 | DT25: 6 | DW25: =SUM(CN25,CS25,CY25,DE25,DK25,DQ25) | DX25: =AVERAGEA(CN25,CS25,CY25,DE25,DK25,DQ25) | DY25: =SUM(DZ25:EC25) | DZ25: 20 | EA25: 0 | EB25: 20 | EC25: 0 | ED25: 160 | EF25: 40瓶(10/21) | EG25: 10瓶(10/17) | EJ25: =IFERROR(VLOOKUP(A25,站前4樓!A:BF,57,0),0) | EK25: =IFERROR(VLOOKUP(A25,站前11樓!A:BE,57,0),0) | EL25: =IFERROR(VLOOKUP(A25,忠孝7樓!A:N,57,0),0) | EM25: =IFERROR(VLOOKUP(A25,忠孝國際醫學3樓!A:L,57,0),0) | EN25: =SUM(ED25:EG25) | EP25: 344 | EQ25: 118
A26: MP1MA020026A | C26: (喬雅露)芳蜜軟組織注射植入物-Juvelook 50mg | D26: 1 | E26: PCS | F26: =SUMIF(站前4樓!B:B,B26,站前4樓!F:F) | G26: =SUMIF(站前11樓!B:B,B26,站前11樓!F:F) | H26: =SUMIF(忠孝7樓!B:B,B26,忠孝7樓!G:G) | I26: =SUMIF(忠孝國際醫學3樓!B:B,B26,忠孝國際醫學3樓!G:G) | J26: =SUMIF(忠孝健康7樓!B:B,B26,忠孝健康7樓!G:G) | K26: 0 | L26: 0 | M26: 0 | N26: 0 | O26: 0 | P26: 0 | Q26: 0 | R26: 0 | S26: 0 | T26: 0 | U26: 0 | V26: 0 | W26: 0 | X26: 0 | Y26: 0 | Z26: 0 | AA26: 0 | AB26: 0 | AC26: 0 | AD26: 0 | AE26: 0 | AF26: 0 | AG26: 0 | AH26: 0 | AI26: 0 | AJ26: 0 | AK26: 0 | AL26: 0 | AM26: 0 | AN26: 0 | AO26: 0 | AP26: 0 | AQ26: 0 | AR26: 0 | AS26: 0 | AT26: 0 | AU26: 0 | AV26: - | AW26: - | AX26: - | AY26: - | AZ26: - | BA26: 0 | BB26: 0 | BC26: =SUMIFS(領用表!$L:$L,領用表!$A:$A,BC$2,領用表!$E:$E,B26) | BD26: =SUMIFS(領用表!$L:$L,領用表!$E:$E,$B26,領用表!$B:$B,BC$2&BD$2) | BE26: =SUMIFS(領用表!$L:$L,領用表!$E:$E,$B26,領用表!$B:$B,$BC$2&BE$2) | BF26: =SUMIFS(領用表!$L:$L,領用表!$E:$E,$B26,領用表!$B:$B,$BC$2&BF$2) | BG26: =SUMIFS(領用表!$L:$L,領用表!$E:$E,$B26,領用表!$B:$B,$BC$2&BG$2) | BH26: =SUMIFS(領用表!$L:$L,領用表!$A:$A,BH$2,領用表!$E:$E,B26) | BI26: =SUMIFS(領用表!$L:$L,領用表!$E:$E,$B26,領用表!$B:$B,BH$2&BI$2) | BJ26: =SUMIFS(領用表!$L:$L,領用表!$E:$E,$B26,領用表!$B:$B,$BH$2&BJ$2) | BK26: =SUMIFS(領用表!$L:$L,領用表!$E:$E,$B26,領用表!$B:$B,$BH$2&BK$2) | BL26: =SUMIFS(領用表!$L:$L,領用表!$E:$E,$B26,領用表!$B:$B,$BH$2&BL$2) | BM26: =SUMIFS(領用表!$L:$L,領用表!$A:$A,BM$2,領用表!$E:$E,B26) | BN26: =SUMIFS(領用表!$L:$L,領用表!$E:$E,$B26,領用表!$B:$B,BM$2&BN$2) | BO26: =SUMIFS(領用表!$L:$L,領用表!$E:$E,$B26,領用表!$B:$B,$BM$2&BO$2) | BP26: =SUMIFS(領用表!$L:$L,領用表!$E:$E,$B26,領用表!$B:$B,$BM$2&BP$2) | BQ26: =SUMIFS(領用表!$L:$L,領用表!$E:$E,$B26,領用表!$B:$B,$BM$2&BQ$2) | BR26: =SUMIFS(領用表!$L:$L,領用表!$A:$A,BR$2,領用表!$E:$E,B26) | BS26: =SUMIFS(領用表!$L:$L,領用表!$E:$E,$B26,領用表!$B:$B,BR$2&BS$2) | BT26: =SUMIFS(領用表!$L:$L,領用表!$E:$E,$B26,領用表!$B:$B,$BR$2&BT$2) | BU26: =SUMIFS(領用表!$L:$L,領用表!$E:$E,$B26,領用表!$B:$B,$BR$2&BU$2) | BV26: =SUMIFS(領用表!$L:$L,領用表!$E:$E,$B26,領用表!$B:$B,$BR$2&BV$2) | BW26: =SUMIFS(領用表!$L:$L,領用表!$A:$A,BW$2,領用表!$E:$E,B26) | BX26: =SUMIFS(領用表!$L:$L,領用表!$E:$E,$B26,領用表!$B:$B,BW$2&BX$2) | BY26: =SUMIFS(領用表!$L:$L,領用表!$E:$E,$B26,領用表!$B:$B,$BW$2&BY$2) | BZ26: =SUMIFS(領用表!$L:$L,領用表!$E:$E,$B26,領用表!$B:$B,$BW$2&BZ$2) | CA26: =SUMIFS(領用表!$L:$L,領用表!$E:$E,$B26,領用表!$B:$B,$BW$2&CA$2) | CB26: =SUMIFS(領用表!$L:$L,領用表!$A:$A,CB$2,領用表!$E:$E,B26) | CC26: =SUMIFS(領用表!$L:$L,領用表!$E:$E,$B26,領用表!$B:$B,CB$2&CC$2) | CD26: =SUMIFS(領用表!$L:$L,領用表!$E:$E,$B26,領用表!$B:$B,$CB$2&CD$2) | CE26: =SUMIFS(領用表!$L:$L,領用表!$E:$E,$B26,領用表!$B:$B,$CB$2&CE$2) | CF26: =SUMIFS(領用表!$L:$L,領用表!$E:$E,$B26,領用表!$B:$B,$CB$2&CF$2) | CG26: =SUMIFS(領用表!$L:$L,領用表!$A:$A,CG$2,領用表!$E:$E,B26) | CH26: =SUMIFS(領用表!$L:$L,領用表!$E:$E,$B26,領用表!$B:$B,CG$2&CH$2) | CI26: =SUMIFS(領用表!$L:$L,領用表!$E:$E,$B26,領用表!$B:$B,CG$2&CI$2) | CJ26: =SUMIFS(領用表!$L:$L,領用表!$E:$E,$B26,領用表!$B:$B,CG$2&CJ$2) | CK26: =SUMIFS(領用表!$L:$L,領用表!$E:$E,$B26,領用表!$B:$B,$CG$2&CK$2) | CL26: =SUM(AX26,AY26,AZ26,BA26,BB26,BC26,BH26,BM26,BR26,BW26,CB26,CG26) | CM26: =AVERAGE(AX26,AY26,AZ26,BA26,BB26,BC26,BH26,BM26,BR26,BW26,CB26,CG26) | CN26: =SUMIFS(領用表!$L:$L,領用表!$A:$A,CN$2,領用表!$E:$E,B26) | CO26: =SUMIFS(領用表!$L:$L,領用表!$E:$E,$B26,領用表!$B:$B,CN$2&CO$2) | CP26: =SUMIFS(領用表!$L:$L,領用表!$E:$E,$B26,領用表!$B:$B,$CN$2&CP$2) | CQ26: =SUMIFS(領用表!$L:$L,領用表!$E:$E,$B26,領用表!$B:$B,$CN$2&CQ$2) | CR26: =SUMIFS(領用表!$L:$L,領用表!$E:$E,$B26,領用表!$B:$B,$CN$2&CR$2) | CS26: =SUMIFS(領用表!$L:$L,領用表!$A:$A,CS$2,領用表!$E:$E,B26) | CT26: =SUMIFS(領用表!$L:$L,領用表!$E:$E,$B26,領用表!$B:$B,CS$2&CT$2) | CU26: =SUMIFS(領用表!$L:$L,領用表!$E:$E,$B26,領用表!$B:$B,$CS$2&CU$2) | CV26: =SUMIFS(領用表!$L:$L,領用表!$E:$E,$B26,領用表!$B:$B,$CS$2&CV$2) | CW26: =SUMIFS(領用表!$L:$L,領用表!$E:$E,$B26,領用表!$B:$B,$CS$2&CW$2) | CX26: =SUMIFS(領用表!$L:$L,領用表!$E:$E,$B26,領用表!$B:$B,$CS$2&CX$2) | CY26: =SUMIFS(領用表!$L:$L,領用表!$A:$A,CY$2,領用表!$E:$E,B26) | CZ26: =SUMIFS(領用表!$L:$L,領用表!$E:$E,$B26,領用表!$B:$B,CY$2&CZ$2) | DA26: =SUMIFS(領用表!$L:$L,領用表!$E:$E,$B26,領用表!$B:$B,$CY$2&DA$2) | DB26: =SUMIFS(領用表!$L:$L,領用表!$E:$E,$B26,領用表!$B:$B,$CY$2&DB$2) | DC26: =SUMIFS(領用表!$L:$L,領用表!$E:$E,$B26,領用表!$B:$B,$CY$2&DC$2) | DD26: =SUMIFS(領用表!$L:$L,領用表!$E:$E,$B26,領用表!$B:$B,$CY$2&DD$2) | DE26: =SUMIFS(領用表!$L:$L,領用表!$A:$A,DE$2,領用表!$E:$E,B26) | DF26: =SUMIFS(領用表!$L:$L,領用表!$E:$E,$B26,領用表!$B:$B,DE$2&DF$2) | DG26: =SUMIFS(領用表!$L:$L,領用表!$E:$E,$B26,領用表!$B:$B,$DE$2&DG$2) | DH26: =SUMIFS(領用表!$L:$L,領用表!$E:$E,$B26,領用表!$B:$B,$DE$2&DH$2) | DI26: =SUMIFS(領用表!$L:$L,領用表!$E:$E,$B26,領用表!$B:$B,$DE$2&DI$2) | DJ26: =SUMIFS(領用表!$L:$L,領用表!$E:$E,$B26,領用表!$B:$B,$DE$2&DJ$2) | DK26: =SUMIFS(領用表!$L:$L,領用表!$A:$A,DK$2,領用表!$E:$E,$B26) | DL26: =SUMIFS(領用表!$L:$L,領用表!$E:$E,$B26,領用表!$B:$B,DK$2&DL$2) | DM26: =SUMIFS(領用表!$L:$L,領用表!$E:$E,$B26,領用表!$B:$B,$DK$2&DM$2) | DN26: =SUMIFS(領用表!$L:$L,領用表!$E:$E,$B26,領用表!$B:$B,$DK$2&DN$2) | DO26: =SUMIFS(領用表!$L:$L,領用表!$E:$E,$B26,領用表!$B:$B,$DK$2&DO$2) | DP26: =SUMIFS(領用表!$L:$L,領用表!$E:$E,$B26,領用表!$B:$B,$DK$2&DP$2) | DW26: =SUM(CN26,CS26,CY26,DE26,DK26,DQ26) | DX26: =AVERAGEA(CN26,CS26,CY26,DE26,DK26,DQ26) | DY26: =SUM(DZ26:EC26) | DZ26: 0 | EA26: 0 | EB26: 0 | EC26: 0 | EH26: 叫貨單位「盒(10瓶)」 | EJ26: =IFERROR(VLOOKUP(A26,站前4樓!A:BF,57,0),0) | EK26: =IFERROR(VLOOKUP(A26,站前11樓!A:BE,57,0),0) | EL26: =IFERROR(VLOOKUP(A26,忠孝7樓!A:N,57,0),0) | EM26: =IFERROR(VLOOKUP(A26,忠孝國際醫學3樓!A:L,57,0),0) | EN26: =SUM(ED26:EG26) | EP26: 23 | EQ26: 62.5
A27: MP1MA020027A | C27: (喬雅露)芳蜜軟組織注射植入物-Lenisna 200mg | D27: 1 | E27: PCS | F27: =SUMIF(站前4樓!B:B,B27,站前4樓!F:F) | G27: =SUMIF(站前11樓!B:B,B27,站前11樓!F:F) | H27: =SUMIF(忠孝7樓!B:B,B27,忠孝7樓!G:G) | I27: =SUMIF(忠孝國際醫學3樓!B:B,B27,忠孝國際醫學3樓!G:G) | J27: =SUMIF(忠孝健康7樓!B:B,B27,忠孝健康7樓!G:G) | K27: 0 | L27: 0 | M27: 0 | N27: 0 | O27: 0 | P27: 0 | Q27: 0 | R27: 0 | S27: 0 | T27: 0 | U27: 0 | V27: 0 | W27: 0 | X27: 0 | Y27: 0 | Z27: 0 | AA27: 0 | AB27: 0 | AC27: 0 | AD27: 0 | AE27: 0 | AF27: 0 | AG27: 0 | AH27: 0 | AI27: 0 | AJ27: 0 | AK27: 0 | AL27: 0 | AM27: 0 | AN27: 0 | AO27: 0 | AP27: 0 | AQ27: 0 | AR27: 0 | AS27: 0 | AT27: 0 | AU27: 0 | AV27: - | AW27: - | AX27: - | AY27: - | AZ27: - | BA27: 0 | BB27: 10 | BC27: =SUMIFS(領用表!$L:$L,領用表!$A:$A,BC$2,領用表!$E:$E,B27) | BD27: =SUMIFS(領用表!$L:$L,領用表!$E:$E,$B27,領用表!$B:$B,BC$2&BD$2) | BE27: =SUMIFS(領用表!$L:$L,領用表!$E:$E,$B27,領用表!$B:$B,$BC$2&BE$2) | BF27: =SUMIFS(領用表!$L:$L,領用表!$E:$E,$B27,領用表!$B:$B,$BC$2&BF$2) | BG27: =SUMIFS(領用表!$L:$L,領用表!$E:$E,$B27,領用表!$B:$B,$BC$2&BG$2) | BH27: =SUMIFS(領用表!$L:$L,領用表!$A:$A,BH$2,領用表!$E:$E,B27) | BI27: =SUMIFS(領用表!$L:$L,領用表!$E:$E,$B27,領用表!$B:$B,BH$2&BI$2) | BJ27: =SUMIFS(領用表!$L:$L,領用表!$E:$E,$B27,領用表!$B:$B,$BH$2&BJ$2) | BK27: =SUMIFS(領用表!$L:$L,領用表!$E:$E,$B27,領用表!$B:$B,$BH$2&BK$2) | BL27: =SUMIFS(領用表!$L:$L,領用表!$E:$E,$B27,領用表!$B:$B,$BH$2&BL$2) | BM27: =SUMIFS(領用表!$L:$L,領用表!$A:$A,BM$2,領用表!$E:$E,B27) | BN27: =SUMIFS(領用表!$L:$L,領用表!$E:$E,$B27,領用表!$B:$B,BM$2&BN$2) | BO27: =SUMIFS(領用表!$L:$L,領用表!$E:$E,$B27,領用表!$B:$B,$BM$2&BO$2) | BP27: =SUMIFS(領用表!$L:$L,領用表!$E:$E,$B27,領用表!$B:$B,$BM$2&BP$2) | BQ27: =SUMIFS(領用表!$L:$L,領用表!$E:$E,$B27,領用表!$B:$B,$BM$2&BQ$2) | BR27: =SUMIFS(領用表!$L:$L,領用表!$A:$A,BR$2,領用表!$E:$E,B27) | BS27: =SUMIFS(領用表!$L:$L,領用表!$E:$E,$B27,領用表!$B:$B,BR$2&BS$2) | BT27: =SUMIFS(領用表!$L:$L,領用表!$E:$E,$B27,領用表!$B:$B,$BR$2&BT$2) | BU27: =SUMIFS(領用表!$L:$L,領用表!$E:$E,$B27,領用表!$B:$B,$BR$2&BU$2) | BV27: =SUMIFS(領用表!$L:$L,領用表!$E:$E,$B27,領用表!$B:$B,$BR$2&BV$2) | BW27: =SUMIFS(領用表!$L:$L,領用表!$A:$A,BW$2,領用表!$E:$E,B27) | BX27: =SUMIFS(領用表!$L:$L,領用表!$E:$E,$B27,領用表!$B:$B,BW$2&BX$2) | BY27: =SUMIFS(領用表!$L:$L,領用表!$E:$E,$B27,領用表!$B:$B,$BW$2&BY$2) | BZ27: =SUMIFS(領用表!$L:$L,領用表!$E:$E,$B27,領用表!$B:$B,$BW$2&BZ$2) | CA27: =SUMIFS(領用表!$L:$L,領用表!$E:$E,$B27,領用表!$B:$B,$BW$2&CA$2) | CB27: =SUMIFS(領用表!$L:$L,領用表!$A:$A,CB$2,領用表!$E:$E,B27) | CC27: =SUMIFS(領用表!$L:$L,領用表!$E:$E,$B27,領用表!$B:$B,CB$2&CC$2) | CD27: =SUMIFS(領用表!$L:$L,領用表!$E:$E,$B27,領用表!$B:$B,$CB$2&CD$2) | CE27: =SUMIFS(領用表!$L:$L,領用表!$E:$E,$B27,領用表!$B:$B,$CB$2&CE$2) | CF27: =SUMIFS(領用表!$L:$L,領用表!$E:$E,$B27,領用表!$B:$B,$CB$2&CF$2) | CG27: =SUMIFS(領用表!$L:$L,領用表!$A:$A,CG$2,領用表!$E:$E,B27) | CH27: =SUMIFS(領用表!$L:$L,領用表!$E:$E,$B27,領用表!$B:$B,CG$2&CH$2) | CI27: =SUMIFS(領用表!$L:$L,領用表!$E:$E,$B27,領用表!$B:$B,CG$2&CI$2) | CJ27: =SUMIFS(領用表!$L:$L,領用表!$E:$E,$B27,領用表!$B:$B,CG$2&CJ$2) | CK27: =SUMIFS(領用表!$L:$L,領用表!$E:$E,$B27,領用表!$B:$B,$CG$2&CK$2) | CL27: =SUM(AX27,AY27,AZ27,BA27,BB27,BC27,BH27,BM27,BR27,BW27,CB27,CG27) | CM27: =AVERAGE(AX27,AY27,AZ27,BA27,BB27,BC27,BH27,BM27,BR27,BW27,CB27,CG27) | CN27: =SUMIFS(領用表!$L:$L,領用表!$A:$A,CN$2,領用表!$E:$E,B27) | CO27: =SUMIFS(領用表!$L:$L,領用表!$E:$E,$B27,領用表!$B:$B,CN$2&CO$2) | CP27: =SUMIFS(領用表!$L:$L,領用表!$E:$E,$B27,領用表!$B:$B,$CN$2&CP$2) | CQ27: =SUMIFS(領用表!$L:$L,領用表!$E:$E,$B27,領用表!$B:$B,$CN$2&CQ$2) | CR27: =SUMIFS(領用表!$L:$L,領用表!$E:$E,$B27,領用表!$B:$B,$CN$2&CR$2) | CS27: =SUMIFS(領用表!$L:$L,領用表!$A:$A,CS$2,領用表!$E:$E,B27) | CT27: =SUMIFS(領用表!$L:$L,領用表!$E:$E,$B27,領用表!$B:$B,CS$2&CT$2) | CU27: =SUMIFS(領用表!$L:$L,領用表!$E:$E,$B27,領用表!$B:$B,$CS$2&CU$2) | CV27: =SUMIFS(領用表!$L:$L,領用表!$E:$E,$B27,領用表!$B:$B,$CS$2&CV$2) | CW27: =SUMIFS(領用表!$L:$L,領用表!$E:$E,$B27,領用表!$B:$B,$CS$2&CW$2) | CX27: =SUMIFS(領用表!$L:$L,領用表!$E:$E,$B27,領用表!$B:$B,$CS$2&CX$2) | CY27: =SUMIFS(領用表!$L:$L,領用表!$A:$A,CY$2,領用表!$E:$E,B27) | CZ27: =SUMIFS(領用表!$L:$L,領用表!$E:$E,$B27,領用表!$B:$B,CY$2&CZ$2) | DA27: =SUMIFS(領用表!$L:$L,領用表!$E:$E,$B27,領用表!$B:$B,$CY$2&DA$2) | DB27: =SUMIFS(領用表!$L:$L,領用表!$E:$E,$B27,領用表!$B:$B,$CY$2&DB$2) | DC27: =SUMIFS(領用表!$L:$L,領用表!$E:$E,$B27,領用表!$B:$B,$CY$2&DC$2) | DD27: =SUMIFS(領用表!$L:$L,領用表!$E:$E,$B27,領用表!$B:$B,$CY$2&DD$2) | DE27: =SUMIFS(領用表!$L:$L,領用表!$A:$A,DE$2,領用表!$E:$E,B27) | DF27: =SUMIFS(領用表!$L:$L,領用表!$E:$E,$B27,領用表!$B:$B,DE$2&DF$2) | DG27: =SUMIFS(領用表!$L:$L,領用表!$E:$E,$B27,領用表!$B:$B,$DE$2&DG$2) | DH27: =SUMIFS(領用表!$L:$L,領用表!$E:$E,$B27,領用表!$B:$B,$DE$2&DH$2) | DI27: =SUMIFS(領用表!$L:$L,領用表!$E:$E,$B27,領用表!$B:$B,$DE$2&DI$2) | DJ27: =SUMIFS(領用表!$L:$L,領用表!$E:$E,$B27,領用表!$B:$B,$DE$2&DJ$2) | DK27: =SUMIFS(領用表!$L:$L,領用表!$A:$A,DK$2,領用表!$E:$E,$B27) | DL27: =SUMIFS(領用表!$L:$L,領用表!$E:$E,$B27,領用表!$B:$B,DK$2&DL$2) | DM27: =SUMIFS(領用表!$L:$L,領用表!$E:$E,$B27,領用表!$B:$B,$DK$2&DM$2) | DN27: =SUMIFS(領用表!$L:$L,領用表!$E:$E,$B27,領用表!$B:$B,$DK$2&DN$2) | DO27: =SUMIFS(領用表!$L:$L,領用表!$E:$E,$B27,領用表!$B:$B,$DK$2&DO$2) | DP27: =SUMIFS(領用表!$L:$L,領用表!$E:$E,$B27,領用表!$B:$B,$DK$2&DP$2) | DW27: =SUM(CN27,CS27,CY27,DE27,DK27,DQ27) | DX27: =AVERAGEA(CN27,CS27,CY27,DE27,DK27,DQ27) | DY27: =SUM(DZ27:EC27) | DZ27: 0 | EA27: 0 | EB27: 0 | EC27: 0 | EH27: 叫貨單位「盒(10瓶)」 | EJ27: =IFERROR(VLOOKUP(A27,站前4樓!A:BF,57,0),0) | EK27: =IFERROR(VLOOKUP(A27,站前11樓!A:BE,57,0),0) | EL27: =IFERROR(VLOOKUP(A27,忠孝7樓!A:N,57,0),0) | EM27: =IFERROR(VLOOKUP(A27,忠孝國際醫學3樓!A:L,57,0),0) | EN27: =SUM(ED27:EG27) | EP27: 13 | EQ27: 16
A28: MP1MA020030A | B28: 6160011 | C28: (喬雅露)芳蜜軟組織注射植入物-Juvelook 50mg (1cc) | D28: 6 | E28: ml | F28: =SUMIF(站前4樓!B:B,B28,站前4樓!F:F) | G28: =SUMIF(站前11樓!B:B,B28,站前11樓!F:F) | H28: =SUMIF(忠孝7樓!B:B,B28,忠孝7樓!G:G) | I28: =SUMIF(忠孝國際醫學3樓!B:B,B28,忠孝國際醫學3樓!G:G) | J28: =SUMIF(忠孝健康7樓!B:B,B28,忠孝健康7樓!G:G) | BC28: =SUMIFS(領用表!$L:$L,領用表!$A:$A,BC$2,領用表!$E:$E,B28) | BD28: =SUMIFS(領用表!$L:$L,領用表!$E:$E,$B28,領用表!$B:$B,BC$2&BD$2) | BE28: =SUMIFS(領用表!$L:$L,領用表!$E:$E,$B28,領用表!$B:$B,$BC$2&BE$2) | BF28: =SUMIFS(領用表!$L:$L,領用表!$E:$E,$B28,領用表!$B:$B,$BC$2&BF$2) | BG28: =SUMIFS(領用表!$L:$L,領用表!$E:$E,$B28,領用表!$B:$B,$BC$2&BG$2) | BH28: =SUMIFS(領用表!$L:$L,領用表!$A:$A,BH$2,領用表!$E:$E,B28) | BI28: =SUMIFS(領用表!$L:$L,領用表!$E:$E,$B28,領用表!$B:$B,BH$2&BI$2) | BJ28: =SUMIFS(領用表!$L:$L,領用表!$E:$E,$B28,領用表!$B:$B,$BH$2&BJ$2) | BK28: =SUMIFS(領用表!$L:$L,領用表!$E:$E,$B28,領用表!$B:$B,$BH$2&BK$2) | BL28: =SUMIFS(領用表!$L:$L,領用表!$E:$E,$B28,領用表!$B:$B,$BH$2&BL$2) | BM28: =SUMIFS(領用表!$L:$L,領用表!$A:$A,BM$2,領用表!$E:$E,B28) | BN28: =SUMIFS(領用表!$L:$L,領用表!$E:$E,$B28,領用表!$B:$B,BM$2&BN$2) | BO28: =SUMIFS(領用表!$L:$L,領用表!$E:$E,$B28,領用表!$B:$B,$BM$2&BO$2) | BP28: =SUMIFS(領用表!$L:$L,領用表!$E:$E,$B28,領用表!$B:$B,$BM$2&BP$2) | BQ28: =SUMIFS(領用表!$L:$L,領用表!$E:$E,$B28,領用表!$B:$B,$BM$2&BQ$2) | BR28: =SUMIFS(領用表!$L:$L,領用表!$A:$A,BR$2,領用表!$E:$E,B28) | BS28: =SUMIFS(領用表!$L:$L,領用表!$E:$E,$B28,領用表!$B:$B,BR$2&BS$2) | BT28: =SUMIFS(領用表!$L:$L,領用表!$E:$E,$B28,領用表!$B:$B,$BR$2&BT$2) | BU28: =SUMIFS(領用表!$L:$L,領用表!$E:$E,$B28,領用表!$B:$B,$BR$2&BU$2) | BV28: =SUMIFS(領用表!$L:$L,領用表!$E:$E,$B28,領用表!$B:$B,$BR$2&BV$2) | BW28: =SUMIFS(領用表!$L:$L,領用表!$A:$A,BW$2,領用表!$E:$E,B28) | BX28: =SUMIFS(領用表!$L:$L,領用表!$E:$E,$B28,領用表!$B:$B,BW$2&BX$2) | BY28: =SUMIFS(領用表!$L:$L,領用表!$E:$E,$B28,領用表!$B:$B,$BW$2&BY$2) | BZ28: =SUMIFS(領用表!$L:$L,領用表!$E:$E,$B28,領用表!$B:$B,$BW$2&BZ$2) | CA28: =SUMIFS(領用表!$L:$L,領用表!$E:$E,$B28,領用表!$B:$B,$BW$2&CA$2) | CB28: =SUMIFS(領用表!$L:$L,領用表!$A:$A,CB$2,領用表!$E:$E,B28) | CC28: =SUMIFS(領用表!$L:$L,領用表!$E:$E,$B28,領用表!$B:$B,CB$2&CC$2) | CD28: =SUMIFS(領用表!$L:$L,領用表!$E:$E,$B28,領用表!$B:$B,$CB$2&CD$2) | CE28: =SUMIFS(領用表!$L:$L,領用表!$E:$E,$B28,領用表!$B:$B,$CB$2&CE$2) | CF28: =SUMIFS(領用表!$L:$L,領用表!$E:$E,$B28,領用表!$B:$B,$CB$2&CF$2) | CG28: =SUMIFS(領用表!$L:$L,領用表!$A:$A,CG$2,領用表!$E:$E,B28) | CH28: =SUMIFS(領用表!$L:$L,領用表!$E:$E,$B28,領用表!$B:$B,CG$2&CH$2) | CI28: =SUMIFS(領用表!$L:$L,領用表!$E:$E,$B28,領用表!$B:$B,CG$2&CI$2) | CJ28: =SUMIFS(領用表!$L:$L,領用表!$E:$E,$B28,領用表!$B:$B,CG$2&CJ$2) | CK28: =SUMIFS(領用表!$L:$L,領用表!$E:$E,$B28,領用表!$B:$B,$CG$2&CK$2) | CL28: =SUM(AX28,AY28,AZ28,BA28,BB28,BC28,BH28,BM28,BR28,BW28,CB28,CG28) | CM28: =AVERAGE(AX28,AY28,AZ28,BA28,BB28,BC28,BH28,BM28,BR28,BW28,CB28,CG28) | CN28: =SUMIFS(領用表!$L:$L,領用表!$A:$A,CN$2,領用表!$E:$E,B28) | CO28: =SUMIFS(領用表!$L:$L,領用表!$E:$E,$B28,領用表!$B:$B,CN$2&CO$2) | CP28: =SUMIFS(領用表!$L:$L,領用表!$E:$E,$B28,領用表!$B:$B,$CN$2&CP$2) | CQ28: =SUMIFS(領用表!$L:$L,領用表!$E:$E,$B28,領用表!$B:$B,$CN$2&CQ$2) | CR28: =SUMIFS(領用表!$L:$L,領用表!$E:$E,$B28,領用表!$B:$B,$CN$2&CR$2) | CS28: =SUMIFS(領用表!$L:$L,領用表!$A:$A,CS$2,領用表!$E:$E,B28) | CT28: =SUMIFS(領用表!$L:$L,領用表!$E:$E,$B28,領用表!$B:$B,CS$2&CT$2) | CU28: =SUMIFS(領用表!$L:$L,領用表!$E:$E,$B28,領用表!$B:$B,$CS$2&CU$2) | CV28: =SUMIFS(領用表!$L:$L,領用表!$E:$E,$B28,領用表!$B:$B,$CS$2&CV$2) | CW28: =SUMIFS(領用表!$L:$L,領用表!$E:$E,$B28,領用表!$B:$B,$CS$2&CW$2) | CX28: =SUMIFS(領用表!$L:$L,領用表!$E:$E,$B28,領用表!$B:$B,$CS$2&CX$2) | CY28: =SUMIFS(領用表!$L:$L,領用表!$A:$A,CY$2,領用表!$E:$E,B28) | CZ28: =SUMIFS(領用表!$L:$L,領用表!$E:$E,$B28,領用表!$B:$B,CY$2&CZ$2) | DA28: =SUMIFS(領用表!$L:$L,領用表!$E:$E,$B28,領用表!$B:$B,$CY$2&DA$2) | DB28: =SUMIFS(領用表!$L:$L,領用表!$E:$E,$B28,領用表!$B:$B,$CY$2&DB$2) | DC28: =SUMIFS(領用表!$L:$L,領用表!$E:$E,$B28,領用表!$B:$B,$CY$2&DC$2) | DD28: =SUMIFS(領用表!$L:$L,領用表!$E:$E,$B28,領用表!$B:$B,$CY$2&DD$2) | DE28: =SUMIFS(領用表!$L:$L,領用表!$A:$A,DE$2,領用表!$E:$E,B28) | DF28: =SUMIFS(領用表!$L:$L,領用表!$E:$E,$B28,領用表!$B:$B,DE$2&DF$2) | DG28: =SUMIFS(領用表!$L:$L,領用表!$E:$E,$B28,領用表!$B:$B,$DE$2&DG$2) | DH28: =SUMIFS(領用表!$L:$L,領用表!$E:$E,$B28,領用表!$B:$B,$DE$2&DH$2) | DI28: =SUMIFS(領用表!$L:$L,領用表!$E:$E,$B28,領用表!$B:$B,$DE$2&DI$2) | DJ28: =SUMIFS(領用表!$L:$L,領用表!$E:$E,$B28,領用表!$B:$B,$DE$2&DJ$2) | DK28: =SUMIFS(領用表!$L:$L,領用表!$A:$A,DK$2,領用表!$E:$E,$B28) | DL28: =SUMIFS(領用表!$L:$L,領用表!$E:$E,$B28,領用表!$B:$B,DK$2&DL$2) | DM28: =SUMIFS(領用表!$L:$L,領用表!$E:$E,$B28,領用表!$B:$B,$DK$2&DM$2) | DN28: =SUMIFS(領用表!$L:$L,領用表!$E:$E,$B28,領用表!$B:$B,$DK$2&DN$2) | DO28: =SUMIFS(領用表!$L:$L,領用表!$E:$E,$B28,領用表!$B:$B,$DK$2&DO$2) | DP28: =SUMIFS(領用表!$L:$L,領用表!$E:$E,$B28,領用表!$B:$B,$DK$2&DP$2) | DQ28: 280 | DR28: 79 | DT28: 138 | DV28: 63 | DW28: =SUM(CN28,CS28,CY28,DE28,DK28,DQ28) | DX28: =AVERAGEA(CN28,CS28,CY28,DE28,DK28,DQ28) | DY28: =SUM(DZ28:EC28) | DZ28: 350 | EA28: 0 | EB28: 1000 | EC28: 0 | ED28: 480 | EE28: 25 (出完改叫薇貝拉) | EF28: 10瓶(10/21) | EH28: 叫貨單位「盒(10瓶)」 | EJ28: =IFERROR(VLOOKUP(A28,站前4樓!A:BF,57,0),0) | EK28: =IFERROR(VLOOKUP(A28,站前11樓!A:BE,57,0),0) | EL28: =IFERROR(VLOOKUP(A28,忠孝7樓!A:N,57,0),0) | EM28: =IFERROR(VLOOKUP(A28,忠孝國際醫學3樓!A:L,57,0),0) | EN28: =SUM(ED28:EG28) | EP28: 138 | EQ28: 375
A29: MP1MA020031A | B29: 6160010 | C29: (喬雅露)芳蜜軟組織注射植入物-Lenisna 200mg(1cc) | D29: 8 | E29: ml | F29: =SUMIF(站前4樓!B:B,B29,站前4樓!F:F) | G29: =SUMIF(站前11樓!B:B,B29,站前11樓!F:F) | H29: =SUMIF(忠孝7樓!B:B,B29,忠孝7樓!G:G) | I29: =SUMIF(忠孝國際醫學3樓!B:B,B29,忠孝國際醫學3樓!G:G) | J29: =SUMIF(忠孝健康7樓!B:B,B29,忠孝健康7樓!G:G) | BC29: =SUMIFS(領用表!$L:$L,領用表!$A:$A,BC$2,領用表!$E:$E,B29) | BD29: =SUMIFS(領用表!$L:$L,領用表!$E:$E,$B29,領用表!$B:$B,BC$2&BD$2) | BE29: =SUMIFS(領用表!$L:$L,領用表!$E:$E,$B29,領用表!$B:$B,$BC$2&BE$2) | BF29: =SUMIFS(領用表!$L:$L,領用表!$E:$E,$B29,領用表!$B:$B,$BC$2&BF$2) | BG29: =SUMIFS(領用表!$L:$L,領用表!$E:$E,$B29,領用表!$B:$B,$BC$2&BG$2) | BH29: =SUMIFS(領用表!$L:$L,領用表!$A:$A,BH$2,領用表!$E:$E,B29) | BI29: =SUMIFS(領用表!$L:$L,領用表!$E:$E,$B29,領用表!$B:$B,BH$2&BI$2) | BJ29: =SUMIFS(領用表!$L:$L,領用表!$E:$E,$B29,領用表!$B:$B,$BH$2&BJ$2) | BK29: =SUMIFS(領用表!$L:$L,領用表!$E:$E,$B29,領用表!$B:$B,$BH$2&BK$2) | BL29: =SUMIFS(領用表!$L:$L,領用表!$E:$E,$B29,領用表!$B:$B,$BH$2&BL$2) | BM29: =SUMIFS(領用表!$L:$L,領用表!$A:$A,BM$2,領用表!$E:$E,B29) | BN29: =SUMIFS(領用表!$L:$L,領用表!$E:$E,$B29,領用表!$B:$B,BM$2&BN$2) | BO29: =SUMIFS(領用表!$L:$L,領用表!$E:$E,$B29,領用表!$B:$B,$BM$2&BO$2) | BP29: =SUMIFS(領用表!$L:$L,領用表!$E:$E,$B29,領用表!$B:$B,$BM$2&BP$2) | BQ29: =SUMIFS(領用表!$L:$L,領用表!$E:$E,$B29,領用表!$B:$B,$BM$2&BQ$2) | BR29: =SUMIFS(領用表!$L:$L,領用表!$A:$A,BR$2,領用表!$E:$E,B29) | BS29: =SUMIFS(領用表!$L:$L,領用表!$E:$E,$B29,領用表!$B:$B,BR$2&BS$2) | BT29: =SUMIFS(領用表!$L:$L,領用表!$E:$E,$B29,領用表!$B:$B,$BR$2&BT$2) | BU29: =SUMIFS(領用表!$L:$L,領用表!$E:$E,$B29,領用表!$B:$B,$BR$2&BU$2) | BV29: =SUMIFS(領用表!$L:$L,領用表!$E:$E,$B29,領用表!$B:$B,$BR$2&BV$2) | BW29: =SUMIFS(領用表!$L:$L,領用表!$A:$A,BW$2,領用表!$E:$E,B29) | BX29: =SUMIFS(領用表!$L:$L,領用表!$E:$E,$B29,領用表!$B:$B,BW$2&BX$2) | BY29: =SUMIFS(領用表!$L:$L,領用表!$E:$E,$B29,領用表!$B:$B,$BW$2&BY$2) | BZ29: =SUMIFS(領用表!$L:$L,領用表!$E:$E,$B29,領用表!$B:$B,$BW$2&BZ$2) | CA29: =SUMIFS(領用表!$L:$L,領用表!$E:$E,$B29,領用表!$B:$B,$BW$2&CA$2) | CB29: =SUMIFS(領用表!$L:$L,領用表!$A:$A,CB$2,領用表!$E:$E,B29) | CC29: =SUMIFS(領用表!$L:$L,領用表!$E:$E,$B29,領用表!$B:$B,CB$2&CC$2) | CD29: =SUMIFS(領用表!$L:$L,領用表!$E:$E,$B29,領用表!$B:$B,$CB$2&CD$2) | CE29: =SUMIFS(領用表!$L:$L,領用表!$E:$E,$B29,領用表!$B:$B,$CB$2&CE$2) | CF29: =SUMIFS(領用表!$L:$L,領用表!$E:$E,$B29,領用表!$B:$B,$CB$2&CF$2) | CG29: =SUMIFS(領用表!$L:$L,領用表!$A:$A,CG$2,領用表!$E:$E,B29) | CH29: =SUMIFS(領用表!$L:$L,領用表!$E:$E,$B29,領用表!$B:$B,CG$2&CH$2) | CI29: =SUMIFS(領用表!$L:$L,領用表!$E:$E,$B29,領用表!$B:$B,CG$2&CI$2) | CJ29: =SUMIFS(領用表!$L:$L,領用表!$E:$E,$B29,領用表!$B:$B,CG$2&CJ$2) | CK29: =SUMIFS(領用表!$L:$L,領用表!$E:$E,$B29,領用表!$B:$B,$CG$2&CK$2) | CL29: =SUM(AX29,AY29,AZ29,BA29,BB29,BC29,BH29,BM29,BR29,BW29,CB29,CG29) | CM29: =AVERAGE(AX29,AY29,AZ29,BA29,BB29,BC29,BH29,BM29,BR29,BW29,CB29,CG29) | CN29: =SUMIFS(領用表!$L:$L,領用表!$A:$A,CN$2,領用表!$E:$E,B29) | CO29: =SUMIFS(領用表!$L:$L,領用表!$E:$E,$B29,領用表!$B:$B,CN$2&CO$2) | CP29: =SUMIFS(領用表!$L:$L,領用表!$E:$E,$B29,領用表!$B:$B,$CN$2&CP$2) | CQ29: =SUMIFS(領用表!$L:$L,領用表!$E:$E,$B29,領用表!$B:$B,$CN$2&CQ$2) | CR29: =SUMIFS(領用表!$L:$L,領用表!$E:$E,$B29,領用表!$B:$B,$CN$2&CR$2) | CS29: =SUMIFS(領用表!$L:$L,領用表!$A:$A,CS$2,領用表!$E:$E,B29) | CT29: =SUMIFS(領用表!$L:$L,領用表!$E:$E,$B29,領用表!$B:$B,CS$2&CT$2) | CU29: =SUMIFS(領用表!$L:$L,領用表!$E:$E,$B29,領用表!$B:$B,$CS$2&CU$2) | CV29: =SUMIFS(領用表!$L:$L,領用表!$E:$E,$B29,領用表!$B:$B,$CS$2&CV$2) | CW29: =SUMIFS(領用表!$L:$L,領用表!$E:$E,$B29,領用表!$B:$B,$CS$2&CW$2) | CX29: =SUMIFS(領用表!$L:$L,領用表!$E:$E,$B29,領用表!$B:$B,$CS$2&CX$2) | CY29: =SUMIFS(領用表!$L:$L,領用表!$A:$A,CY$2,領用表!$E:$E,B29) | CZ29: =SUMIFS(領用表!$L:$L,領用表!$E:$E,$B29,領用表!$B:$B,CY$2&CZ$2) | DA29: =SUMIFS(領用表!$L:$L,領用表!$E:$E,$B29,領用表!$B:$B,$CY$2&DA$2) | DB29: =SUMIFS(領用表!$L:$L,領用表!$E:$E,$B29,領用表!$B:$B,$CY$2&DB$2) | DC29: =SUMIFS(領用表!$L:$L,領用表!$E:$E,$B29,領用表!$B:$B,$CY$2&DC$2) | DD29: =SUMIFS(領用表!$L:$L,領用表!$E:$E,$B29,領用表!$B:$B,$CY$2&DD$2) | DE29: =SUMIFS(領用表!$L:$L,領用表!$A:$A,DE$2,領用表!$E:$E,B29) | DF29: =SUMIFS(領用表!$L:$L,領用表!$E:$E,$B29,領用表!$B:$B,DE$2&DF$2) | DG29: =SUMIFS(領用表!$L:$L,領用表!$E:$E,$B29,領用表!$B:$B,$DE$2&DG$2) | DH29: =SUMIFS(領用表!$L:$L,領用表!$E:$E,$B29,領用表!$B:$B,$DE$2&DH$2) | DI29: =SUMIFS(領用表!$L:$L,領用表!$E:$E,$B29,領用表!$B:$B,$DE$2&DI$2) | DJ29: =SUMIFS(領用表!$L:$L,領用表!$E:$E,$B29,領用表!$B:$B,$DE$2&DJ$2) | DK29: =SUMIFS(領用表!$L:$L,領用表!$A:$A,DK$2,領用表!$E:$E,$B29) | DL29: =SUMIFS(領用表!$L:$L,領用表!$E:$E,$B29,領用表!$B:$B,DK$2&DL$2) | DM29: =SUMIFS(領用表!$L:$L,領用表!$E:$E,$B29,領用表!$B:$B,$DK$2&DM$2) | DN29: =SUMIFS(領用表!$L:$L,領用表!$E:$E,$B29,領用表!$B:$B,$DK$2&DN$2) | DO29: =SUMIFS(領用表!$L:$L,領用表!$E:$E,$B29,領用表!$B:$B,$DK$2&DO$2) | DP29: =SUMIFS(領用表!$L:$L,領用表!$E:$E,$B29,領用表!$B:$B,$DK$2&DP$2) | DQ29: 22 | DT29: 22 | DW29: =SUM(CN29,CS29,CY29,DE29,DK29,DQ29) | DX29: =AVERAGEA(CN29,CS29,CY29,DE29,DK29,DQ29) | DY29: =SUM(DZ29:EC29) | DZ29: 60 | EA29: 0 | EB29: 140 | EC29: 0 | ED29: 320 | EG29: 10瓶(10/21) | EH29: 叫貨單位「盒(10瓶)」 | EJ29: =IFERROR(VLOOKUP(A29,站前4樓!A:BF,57,0),0) | EK29: =IFERROR(VLOOKUP(A29,站前11樓!A:BE,57,0),0) | EL29: =IFERROR(VLOOKUP(A29,忠孝7樓!A:N,57,0),0) | EM29: =IFERROR(VLOOKUP(A29,忠孝國際醫學3樓!A:L,57,0),0) | EN29: =SUM(ED29:EG29) | EP29: 104 | EQ29: 128
A30: MP1MX080004A | B30: 6190002 | C30: PLT生長因子凍晶製備6入(單瓶) | D30: 6 | E30: BOT | F30: =SUMIF(站前4樓!B:B,B30,站前4樓!F:F) | G30: =SUMIF(站前11樓!B:B,B30,站前11樓!F:F) | H30: =SUMIF(忠孝7樓!B:B,B30,忠孝7樓!G:G) | I30: =SUMIF(忠孝國際醫學3樓!B:B,B30,忠孝國際醫學3樓!G:G) | J30: =SUMIF(忠孝健康7樓!B:B,B30,忠孝健康7樓!G:G) | AJ30: 0 | AK30: 0 | AL30: 0 | AM30: 2 | AN30: 1 | AO30: 0 | AP30: 3 | AQ30: 1 | AR30: 0 | AS30: 0 | AT30: 1 | AU30: =36/D30 | AV30: =SUM(AJ30:AU30) | AW30: =AV30/12 | AX30: 36 | AY30: 0 | AZ30: 2 | BA30: 2 | BB30: 0 | BC30: =SUMIFS(領用表!$L:$L,領用表!$A:$A,BC$2,領用表!$E:$E,B30) | BD30: =SUMIFS(領用表!$L:$L,領用表!$E:$E,$B30,領用表!$B:$B,BC$2&BD$2) | BE30: =SUMIFS(領用表!$L:$L,領用表!$E:$E,$B30,領用表!$B:$B,$BC$2&BE$2) | BF30: =SUMIFS(領用表!$L:$L,領用表!$E:$E,$B30,領用表!$B:$B,$BC$2&BF$2) | BG30: =SUMIFS(領用表!$L:$L,領用表!$E:$E,$B30,領用表!$B:$B,$BC$2&BG$2) | BH30: =SUMIFS(領用表!$L:$L,領用表!$A:$A,BH$2,領用表!$E:$E,B30) | BI30: =SUMIFS(領用表!$L:$L,領用表!$E:$E,$B30,領用表!$B:$B,BH$2&BI$2) | BJ30: =SUMIFS(領用表!$L:$L,領用表!$E:$E,$B30,領用表!$B:$B,$BH$2&BJ$2) | BK30: =SUMIFS(領用表!$L:$L,領用表!$E:$E,$B30,領用表!$B:$B,$BH$2&BK$2) | BL30: =SUMIFS(領用表!$L:$L,領用表!$E:$E,$B30,領用表!$B:$B,$BH$2&BL$2) | BM30: =SUMIFS(領用表!$L:$L,領用表!$A:$A,BM$2,領用表!$E:$E,B30) | BN30: =SUMIFS(領用表!$L:$L,領用表!$E:$E,$B30,領用表!$B:$B,BM$2&BN$2) | BO30: =SUMIFS(領用表!$L:$L,領用表!$E:$E,$B30,領用表!$B:$B,$BM$2&BO$2) | BP30: =SUMIFS(領用表!$L:$L,領用表!$E:$E,$B30,領用表!$B:$B,$BM$2&BP$2) | BQ30: =SUMIFS(領用表!$L:$L,領用表!$E:$E,$B30,領用表!$B:$B,$BM$2&BQ$2) | BR30: =SUMIFS(領用表!$L:$L,領用表!$A:$A,BR$2,領用表!$E:$E,B30) | BS30: =SUMIFS(領用表!$L:$L,領用表!$E:$E,$B30,領用表!$B:$B,BR$2&BS$2) | BT30: =SUMIFS(領用表!$L:$L,領用表!$E:$E,$B30,領用表!$B:$B,$BR$2&BT$2) | BU30: =SUMIFS(領用表!$L:$L,領用表!$E:$E,$B30,領用表!$B:$B,$BR$2&BU$2) | BV30: =SUMIFS(領用表!$L:$L,領用表!$E:$E,$B30,領用表!$B:$B,$BR$2&BV$2) | BW30: =SUMIFS(領用表!$L:$L,領用表!$A:$A,BW$2,領用表!$E:$E,B30) | BX30: =SUMIFS(領用表!$L:$L,領用表!$E:$E,$B30,領用表!$B:$B,BW$2&BX$2) | BY30: =SUMIFS(領用表!$L:$L,領用表!$E:$E,$B30,領用表!$B:$B,$BW$2&BY$2) | BZ30: =SUMIFS(領用表!$L:$L,領用表!$E:$E,$B30,領用表!$B:$B,$BW$2&BZ$2) | CA30: =SUMIFS(領用表!$L:$L,領用表!$E:$E,$B30,領用表!$B:$B,$BW$2&CA$2) | CB30: =SUMIFS(領用表!$L:$L,領用表!$A:$A,CB$2,領用表!$E:$E,B30) | CC30: =SUMIFS(領用表!$L:$L,領用表!$E:$E,$B30,領用表!$B:$B,CB$2&CC$2) | CD30: =SUMIFS(領用表!$L:$L,領用表!$E:$E,$B30,領用表!$B:$B,$CB$2&CD$2) | CE30: =SUMIFS(領用表!$L:$L,領用表!$E:$E,$B30,領用表!$B:$B,$CB$2&CE$2) | CF30: =SUMIFS(領用表!$L:$L,領用表!$E:$E,$B30,領用表!$B:$B,$CB$2&CF$2) | CG30: =SUMIFS(領用表!$L:$L,領用表!$A:$A,CG$2,領用表!$E:$E,B30) | CH30: =SUMIFS(領用表!$L:$L,領用表!$E:$E,$B30,領用表!$B:$B,CG$2&CH$2) | CI30: =SUMIFS(領用表!$L:$L,領用表!$E:$E,$B30,領用表!$B:$B,CG$2&CI$2) | CJ30: =SUMIFS(領用表!$L:$L,領用表!$E:$E,$B30,領用表!$B:$B,CG$2&CJ$2) | CK30: =SUMIFS(領用表!$L:$L,領用表!$E:$E,$B30,領用表!$B:$B,$CG$2&CK$2) | CL30: =SUM(AX30,AY30,AZ30,BA30,BB30,BC30,BH30,BM30,BR30,BW30,CB30,CG30) | CM30: =AVERAGE(AX30,AY30,AZ30,BA30,BB30,BC30,BH30,BM30,BR30,BW30,CB30,CG30) | CN30: =SUMIFS(領用表!$L:$L,領用表!$A:$A,CN$2,領用表!$E:$E,B30) | CO30: =SUMIFS(領用表!$L:$L,領用表!$E:$E,$B30,領用表!$B:$B,CN$2&CO$2) | CP30: =SUMIFS(領用表!$L:$L,領用表!$E:$E,$B30,領用表!$B:$B,$CN$2&CP$2) | CQ30: =SUMIFS(領用表!$L:$L,領用表!$E:$E,$B30,領用表!$B:$B,$CN$2&CQ$2) | CR30: =SUMIFS(領用表!$L:$L,領用表!$E:$E,$B30,領用表!$B:$B,$CN$2&CR$2) | CS30: =SUMIFS(領用表!$L:$L,領用表!$A:$A,CS$2,領用表!$E:$E,B30) | CT30: =SUMIFS(領用表!$L:$L,領用表!$E:$E,$B30,領用表!$B:$B,CS$2&CT$2) | CU30: =SUMIFS(領用表!$L:$L,領用表!$E:$E,$B30,領用表!$B:$B,$CS$2&CU$2) | CV30: =SUMIFS(領用表!$L:$L,領用表!$E:$E,$B30,領用表!$B:$B,$CS$2&CV$2) | CW30: =SUMIFS(領用表!$L:$L,領用表!$E:$E,$B30,領用表!$B:$B,$CS$2&CW$2) | CX30: =SUMIFS(領用表!$L:$L,領用表!$E:$E,$B30,領用表!$B:$B,$CS$2&CX$2) | CY30: =SUMIFS(領用表!$L:$L,領用表!$A:$A,CY$2,領用表!$E:$E,B30) | CZ30: =SUMIFS(領用表!$L:$L,領用表!$E:$E,$B30,領用表!$B:$B,CY$2&CZ$2) | DA30: =SUMIFS(領用表!$L:$L,領用表!$E:$E,$B30,領用表!$B:$B,$CY$2&DA$2) | DB30: =SUMIFS(領用表!$L:$L,領用表!$E:$E,$B30,領用表!$B:$B,$CY$2&DB$2) | DC30: =SUMIFS(領用表!$L:$L,領用表!$E:$E,$B30,領用表!$B:$B,$CY$2&DC$2) | DD30: =SUMIFS(領用表!$L:$L,領用表!$E:$E,$B30,領用表!$B:$B,$CY$2&DD$2) | DE30: =SUMIFS(領用表!$L:$L,領用表!$A:$A,DE$2,領用表!$E:$E,B30) | DF30: =SUMIFS(領用表!$L:$L,領用表!$E:$E,$B30,領用表!$B:$B,DE$2&DF$2) | DG30: =SUMIFS(領用表!$L:$L,領用表!$E:$E,$B30,領用表!$B:$B,$DE$2&DG$2) | DH30: =SUMIFS(領用表!$L:$L,領用表!$E:$E,$B30,領用表!$B:$B,$DE$2&DH$2) | DI30: =SUMIFS(領用表!$L:$L,領用表!$E:$E,$B30,領用表!$B:$B,$DE$2&DI$2) | DJ30: =SUMIFS(領用表!$L:$L,領用表!$E:$E,$B30,領用表!$B:$B,$DE$2&DJ$2) | DK30: =SUMIFS(領用表!$L:$L,領用表!$A:$A,DK$2,領用表!$E:$E,$B30) | DL30: =SUMIFS(領用表!$L:$L,領用表!$E:$E,$B30,領用表!$B:$B,DK$2&DL$2) | DM30: =SUMIFS(領用表!$L:$L,領用表!$E:$E,$B30,領用表!$B:$B,$DK$2&DM$2) | DN30: =SUMIFS(領用表!$L:$L,領用表!$E:$E,$B30,領用表!$B:$B,$DK$2&DN$2) | DO30: =SUMIFS(領用表!$L:$L,領用表!$E:$E,$B30,領用表!$B:$B,$DK$2&DO$2) | DP30: =SUMIFS(領用表!$L:$L,領用表!$E:$E,$B30,領用表!$B:$B,$DK$2&DP$2) | DW30: =SUM(CN30,CS30,CY30,DE30,DK30,DQ30) | DX30: =AVERAGEA(CN30,CS30,CY30,DE30,DK30,DQ30) | DY30: =SUM(DZ30:EC30) | DZ30: 3 | EA30: 0 | EB30: 5 | EC30: 0 | ED30: 0 | EE30: 0 | EJ30: =IFERROR(VLOOKUP(A30,站前4樓!A:BF,57,0),0) | EK30: =IFERROR(VLOOKUP(A30,站前11樓!A:BE,57,0),0) | EL30: =IFERROR(VLOOKUP(A30,忠孝7樓!A:N,57,0),0) | EM30: =IFERROR(VLOOKUP(A30,忠孝國際醫學3樓!A:L,57,0),0) | EN30: =SUM(ED30:EG30) | EP30: 22 | EQ30: 11
A31: MP1MX080005A | B31: 6190003 | C31: PLT生長因子凍晶製備10入(單瓶) | D31: 10 | E31: BOT | F31: =SUMIF(站前4樓!B:B,B31,站前4樓!F:F) | G31: =SUMIF(站前11樓!B:B,B31,站前11樓!F:F) | H31: =SUMIF(忠孝7樓!B:B,B31,忠孝7樓!G:G) | I31: =SUMIF(忠孝國際醫學3樓!B:B,B31,忠孝國際醫學3樓!G:G) | J31: =SUMIF(忠孝健康7樓!B:B,B31,忠孝健康7樓!G:G) | AJ31: 0 | AK31: 0 | AL31: 0 | AM31: 1 | AN31: 0 | AO31: 0 | AP31: 7 | AQ31: 5 | AR31: 1 | AS31: 0 | AT31: 0 | AU31: =10/D31 | AV31: =SUM(AJ31:AU31) | AW31: =AV31/12 | AX31: 10 | AY31: 20 | AZ31: 12 | BA31: 2 | BB31: 4 | BC31: =SUMIFS(領用表!$L:$L,領用表!$A:$A,BC$2,領用表!$E:$E,B31) | BD31: =SUMIFS(領用表!$L:$L,領用表!$E:$E,$B31,領用表!$B:$B,BC$2&BD$2) | BE31: =SUMIFS(領用表!$L:$L,領用表!$E:$E,$B31,領用表!$B:$B,$BC$2&BE$2) | BF31: =SUMIFS(領用表!$L:$L,領用表!$E:$E,$B31,領用表!$B:$B,$BC$2&BF$2) | BG31: =SUMIFS(領用表!$L:$L,領用表!$E:$E,$B31,領用表!$B:$B,$BC$2&BG$2) | BH31: =SUMIFS(領用表!$L:$L,領用表!$A:$A,BH$2,領用表!$E:$E,B31) | BI31: =SUMIFS(領用表!$L:$L,領用表!$E:$E,$B31,領用表!$B:$B,BH$2&BI$2) | BJ31: =SUMIFS(領用表!$L:$L,領用表!$E:$E,$B31,領用表!$B:$B,$BH$2&BJ$2) | BK31: =SUMIFS(領用表!$L:$L,領用表!$E:$E,$B31,領用表!$B:$B,$BH$2&BK$2) | BL31: =SUMIFS(領用表!$L:$L,領用表!$E:$E,$B31,領用表!$B:$B,$BH$2&BL$2) | BM31: =SUMIFS(領用表!$L:$L,領用表!$A:$A,BM$2,領用表!$E:$E,B31) | BN31: =SUMIFS(領用表!$L:$L,領用表!$E:$E,$B31,領用表!$B:$B,BM$2&BN$2) | BO31: =SUMIFS(領用表!$L:$L,領用表!$E:$E,$B31,領用表!$B:$B,$BM$2&BO$2) | BP31: =SUMIFS(領用表!$L:$L,領用表!$E:$E,$B31,領用表!$B:$B,$BM$2&BP$2) | BQ31: =SUMIFS(領用表!$L:$L,領用表!$E:$E,$B31,領用表!$B:$B,$BM$2&BQ$2) | BR31: =SUMIFS(領用表!$L:$L,領用表!$A:$A,BR$2,領用表!$E:$E,B31) | BS31: =SUMIFS(領用表!$L:$L,領用表!$E:$E,$B31,領用表!$B:$B,BR$2&BS$2) | BT31: =SUMIFS(領用表!$L:$L,領用表!$E:$E,$B31,領用表!$B:$B,$BR$2&BT$2) | BU31: =SUMIFS(領用表!$L:$L,領用表!$E:$E,$B31,領用表!$B:$B,$BR$2&BU$2) | BV31: =SUMIFS(領用表!$L:$L,領用表!$E:$E,$B31,領用表!$B:$B,$BR$2&BV$2) | BW31: =SUMIFS(領用表!$L:$L,領用表!$A:$A,BW$2,領用表!$E:$E,B31) | BX31: =SUMIFS(領用表!$L:$L,領用表!$E:$E,$B31,領用表!$B:$B,BW$2&BX$2) | BY31: =SUMIFS(領用表!$L:$L,領用表!$E:$E,$B31,領用表!$B:$B,$BW$2&BY$2) | BZ31: =SUMIFS(領用表!$L:$L,領用表!$E:$E,$B31,領用表!$B:$B,$BW$2&BZ$2) | CA31: =SUMIFS(領用表!$L:$L,領用表!$E:$E,$B31,領用表!$B:$B,$BW$2&CA$2) | CB31: =SUMIFS(領用表!$L:$L,領用表!$A:$A,CB$2,領用表!$E:$E,B31) | CC31: =SUMIFS(領用表!$L:$L,領用表!$E:$E,$B31,領用表!$B:$B,CB$2&CC$2) | CD31: =SUMIFS(領用表!$L:$L,領用表!$E:$E,$B31,領用表!$B:$B,$CB$2&CD$2) | CE31: =SUMIFS(領用表!$L:$L,領用表!$E:$E,$B31,領用表!$B:$B,$CB$2&CE$2) | CF31: =SUMIFS(領用表!$L:$L,領用表!$E:$E,$B31,領用表!$B:$B,$CB$2&CF$2) | CG31: =SUMIFS(領用表!$L:$L,領用表!$A:$A,CG$2,領用表!$E:$E,B31) | CH31: =SUMIFS(領用表!$L:$L,領用表!$E:$E,$B31,領用表!$B:$B,CG$2&CH$2) | CI31: =SUMIFS(領用表!$L:$L,領用表!$E:$E,$B31,領用表!$B:$B,CG$2&CI$2) | CJ31: =SUMIFS(領用表!$L:$L,領用表!$E:$E,$B31,領用表!$B:$B,CG$2&CJ$2) | CK31: =SUMIFS(領用表!$L:$L,領用表!$E:$E,$B31,領用表!$B:$B,$CG$2&CK$2) | CL31: =SUM(AX31,AY31,AZ31,BA31,BB31,BC31,BH31,BM31,BR31,BW31,CB31,CG31) | CM31: =AVERAGE(AX31,AY31,AZ31,BA31,BB31,BC31,BH31,BM31,BR31,BW31,CB31,CG31) | CN31: =SUMIFS(領用表!$L:$L,領用表!$A:$A,CN$2,領用表!$E:$E,B31) | CO31: =SUMIFS(領用表!$L:$L,領用表!$E:$E,$B31,領用表!$B:$B,CN$2&CO$2) | CP31: =SUMIFS(領用表!$L:$L,領用表!$E:$E,$B31,領用表!$B:$B,$CN$2&CP$2) | CQ31: =SUMIFS(領用表!$L:$L,領用表!$E:$E,$B31,領用表!$B:$B,$CN$2&CQ$2) | CR31: =SUMIFS(領用表!$L:$L,領用表!$E:$E,$B31,領用表!$B:$B,$CN$2&CR$2) | CS31: =SUMIFS(領用表!$L:$L,領用表!$A:$A,CS$2,領用表!$E:$E,B31) | CT31: =SUMIFS(領用表!$L:$L,領用表!$E:$E,$B31,領用表!$B:$B,CS$2&CT$2) | CU31: =SUMIFS(領用表!$L:$L,領用表!$E:$E,$B31,領用表!$B:$B,$CS$2&CU$2) | CV31: =SUMIFS(領用表!$L:$L,領用表!$E:$E,$B31,領用表!$B:$B,$CS$2&CV$2) | CW31: =SUMIFS(領用表!$L:$L,領用表!$E:$E,$B31,領用表!$B:$B,$CS$2&CW$2) | CX31: =SUMIFS(領用表!$L:$L,領用表!$E:$E,$B31,領用表!$B:$B,$CS$2&CX$2) | CY31: =SUMIFS(領用表!$L:$L,領用表!$A:$A,CY$2,領用表!$E:$E,B31) | CZ31: =SUMIFS(領用表!$L:$L,領用表!$E:$E,$B31,領用表!$B:$B,CY$2&CZ$2) | DA31: =SUMIFS(領用表!$L:$L,領用表!$E:$E,$B31,領用表!$B:$B,$CY$2&DA$2) | DB31: =SUMIFS(領用表!$L:$L,領用表!$E:$E,$B31,領用表!$B:$B,$CY$2&DB$2) | DC31: =SUMIFS(領用表!$L:$L,領用表!$E:$E,$B31,領用表!$B:$B,$CY$2&DC$2) | DD31: =SUMIFS(領用表!$L:$L,領用表!$E:$E,$B31,領用表!$B:$B,$CY$2&DD$2) | DE31: =SUMIFS(領用表!$L:$L,領用表!$A:$A,DE$2,領用表!$E:$E,B31) | DF31: =SUMIFS(領用表!$L:$L,領用表!$E:$E,$B31,領用表!$B:$B,DE$2&DF$2) | DG31: =SUMIFS(領用表!$L:$L,領用表!$E:$E,$B31,領用表!$B:$B,$DE$2&DG$2) | DH31: =SUMIFS(領用表!$L:$L,領用表!$E:$E,$B31,領用表!$B:$B,$DE$2&DH$2) | DI31: =SUMIFS(領用表!$L:$L,領用表!$E:$E,$B31,領用表!$B:$B,$DE$2&DI$2) | DJ31: =SUMIFS(領用表!$L:$L,領用表!$E:$E,$B31,領用表!$B:$B,$DE$2&DJ$2) | DK31: =SUMIFS(領用表!$L:$L,領用表!$A:$A,DK$2,領用表!$E:$E,$B31) | DL31: =SUMIFS(領用表!$L:$L,領用表!$E:$E,$B31,領用表!$B:$B,DK$2&DL$2) | DM31: =SUMIFS(領用表!$L:$L,領用表!$E:$E,$B31,領用表!$B:$B,$DK$2&DM$2) | DN31: =SUMIFS(領用表!$L:$L,領用表!$E:$E,$B31,領用表!$B:$B,$DK$2&DN$2) | DO31: =SUMIFS(領用表!$L:$L,領用表!$E:$E,$B31,領用表!$B:$B,$DK$2&DO$2) | DP31: =SUMIFS(領用表!$L:$L,領用表!$E:$E,$B31,領用表!$B:$B,$DK$2&DP$2) | DQ31: 14 | DR31: 4 | DT31: 5 | DV31: 5 | DW31: =SUM(CN31,CS31,CY31,DE31,DK31,DQ31) | DX31: =AVERAGEA(CN31,CS31,CY31,DE31,DK31,DQ31) | DY31: =SUM(DZ31:EC31) | DZ31: 10 | EA31: 0 | EB31: 10 | EC31: 0 | ED31: 0 | EE31: 0 | EJ31: =IFERROR(VLOOKUP(A31,站前4樓!A:BF,57,0),0) | EK31: =IFERROR(VLOOKUP(A31,站前11樓!A:BE,57,0),0) | EL31: =IFERROR(VLOOKUP(A31,忠孝7樓!A:N,57,0),0) | EM31: =IFERROR(VLOOKUP(A31,忠孝國際醫學3樓!A:L,57,0),0) | EN31: =SUM(ED31:EG31) | EP31: 42 | EQ31: 4
A32: MP1MX080006A | B32: 6190004 | C32: PLT生長因子凍晶製備20入(單瓶) | D32: 20 | E32: BOT | F32: =SUMIF(站前4樓!B:B,B32,站前4樓!F:F) | G32: =SUMIF(站前11樓!B:B,B32,站前11樓!F:F) | H32: =SUMIF(忠孝7樓!B:B,B32,忠孝7樓!G:G) | I32: =SUMIF(忠孝國際醫學3樓!B:B,B32,忠孝國際醫學3樓!G:G) | J32: =SUMIF(忠孝健康7樓!B:B,B32,忠孝健康7樓!G:G) | AJ32: 0 | AK32: 0 | AL32: 2 | AM32: 0 | AN32: 1 | AO32: 6 | AP32: 2 | AQ32: 6 | AR32: 6 | AS32: 6 | AT32: 1 | AU32: =60/D32 | AV32: =SUM(AJ32:AU32) | AW32: =AV32/12 | AX32: - | AY32: 40 | AZ32: 31 | BA32: 14 | BB32: 25 | BC32: =SUMIFS(領用表!$L:$L,領用表!$A:$A,BC$2,領用表!$E:$E,B32) | BD32: =SUMIFS(領用表!$L:$L,領用表!$E:$E,$B32,領用表!$B:$B,BC$2&BD$2) | BE32: =SUMIFS(領用表!$L:$L,領用表!$E:$E,$B32,領用表!$B:$B,$BC$2&BE$2) | BF32: =SUMIFS(領用表!$L:$L,領用表!$E:$E,$B32,領用表!$B:$B,$BC$2&BF$2) | BG32: =SUMIFS(領用表!$L:$L,領用表!$E:$E,$B32,領用表!$B:$B,$BC$2&BG$2) | BH32: =SUMIFS(領用表!$L:$L,領用表!$A:$A,BH$2,領用表!$E:$E,B32) | BI32: =SUMIFS(領用表!$L:$L,領用表!$E:$E,$B32,領用表!$B:$B,BH$2&BI$2) | BJ32: =SUMIFS(領用表!$L:$L,領用表!$E:$E,$B32,領用表!$B:$B,$BH$2&BJ$2) | BK32: =SUMIFS(領用表!$L:$L,領用表!$E:$E,$B32,領用表!$B:$B,$BH$2&BK$2) | BL32: =SUMIFS(領用表!$L:$L,領用表!$E:$E,$B32,領用表!$B:$B,$BH$2&BL$2) | BM32: =SUMIFS(領用表!$L:$L,領用表!$A:$A,BM$2,領用表!$E:$E,B32) | BN32: =SUMIFS(領用表!$L:$L,領用表!$E:$E,$B32,領用表!$B:$B,BM$2&BN$2) | BO32: =SUMIFS(領用表!$L:$L,領用表!$E:$E,$B32,領用表!$B:$B,$BM$2&BO$2) | BP32: =SUMIFS(領用表!$L:$L,領用表!$E:$E,$B32,領用表!$B:$B,$BM$2&BP$2) | BQ32: =SUMIFS(領用表!$L:$L,領用表!$E:$E,$B32,領用表!$B:$B,$BM$2&BQ$2) | BR32: =SUMIFS(領用表!$L:$L,領用表!$A:$A,BR$2,領用表!$E:$E,B32) | BS32: =SUMIFS(領用表!$L:$L,領用表!$E:$E,$B32,領用表!$B:$B,BR$2&BS$2) | BT32: =SUMIFS(領用表!$L:$L,領用表!$E:$E,$B32,領用表!$B:$B,$BR$2&BT$2) | BU32: =SUMIFS(領用表!$L:$L,領用表!$E:$E,$B32,領用表!$B:$B,$BR$2&BU$2) | BV32: =SUMIFS(領用表!$L:$L,領用表!$E:$E,$B32,領用表!$B:$B,$BR$2&BV$2) | BW32: =SUMIFS(領用表!$L:$L,領用表!$A:$A,BW$2,領用表!$E:$E,B32) | BX32: =SUMIFS(領用表!$L:$L,領用表!$E:$E,$B32,領用表!$B:$B,BW$2&BX$2) | BY32: =SUMIFS(領用表!$L:$L,領用表!$E:$E,$B32,領用表!$B:$B,$BW$2&BY$2) | BZ32: =SUMIFS(領用表!$L:$L,領用表!$E:$E,$B32,領用表!$B:$B,$BW$2&BZ$2) | CA32: =SUMIFS(領用表!$L:$L,領用表!$E:$E,$B32,領用表!$B:$B,$BW$2&CA$2) | CB32: =SUMIFS(領用表!$L:$L,領用表!$A:$A,CB$2,領用表!$E:$E,B32) | CC32: =SUMIFS(領用表!$L:$L,領用表!$E:$E,$B32,領用表!$B:$B,CB$2&CC$2) | CD32: =SUMIFS(領用表!$L:$L,領用表!$E:$E,$B32,領用表!$B:$B,$CB$2&CD$2) | CE32: =SUMIFS(領用表!$L:$L,領用表!$E:$E,$B32,領用表!$B:$B,$CB$2&CE$2) | CF32: =SUMIFS(領用表!$L:$L,領用表!$E:$E,$B32,領用表!$B:$B,$CB$2&CF$2) | CG32: =SUMIFS(領用表!$L:$L,領用表!$A:$A,CG$2,領用表!$E:$E,B32) | CH32: =SUMIFS(領用表!$L:$L,領用表!$E:$E,$B32,領用表!$B:$B,CG$2&CH$2) | CI32: =SUMIFS(領用表!$L:$L,領用表!$E:$E,$B32,領用表!$B:$B,CG$2&CI$2) | CJ32: =SUMIFS(領用表!$L:$L,領用表!$E:$E,$B32,領用表!$B:$B,CG$2&CJ$2) | CK32: =SUMIFS(領用表!$L:$L,領用表!$E:$E,$B32,領用表!$B:$B,$CG$2&CK$2) | CL32: =SUM(AX32,AY32,AZ32,BA32,BB32,BC32,BH32,BM32,BR32,BW32,CB32,CG32) | CM32: =AVERAGE(AX32,AY32,AZ32,BA32,BB32,BC32,BH32,BM32,BR32,BW32,CB32,CG32) | CN32: =SUMIFS(領用表!$L:$L,領用表!$A:$A,CN$2,領用表!$E:$E,B32) | CO32: =SUMIFS(領用表!$L:$L,領用表!$E:$E,$B32,領用表!$B:$B,CN$2&CO$2) | CP32: =SUMIFS(領用表!$L:$L,領用表!$E:$E,$B32,領用表!$B:$B,$CN$2&CP$2) | CQ32: =SUMIFS(領用表!$L:$L,領用表!$E:$E,$B32,領用表!$B:$B,$CN$2&CQ$2) | CR32: =SUMIFS(領用表!$L:$L,領用表!$E:$E,$B32,領用表!$B:$B,$CN$2&CR$2) | CS32: =SUMIFS(領用表!$L:$L,領用表!$A:$A,CS$2,領用表!$E:$E,B32) | CT32: =SUMIFS(領用表!$L:$L,領用表!$E:$E,$B32,領用表!$B:$B,CS$2&CT$2) | CU32: =SUMIFS(領用表!$L:$L,領用表!$E:$E,$B32,領用表!$B:$B,$CS$2&CU$2) | CV32: =SUMIFS(領用表!$L:$L,領用表!$E:$E,$B32,領用表!$B:$B,$CS$2&CV$2) | CW32: =SUMIFS(領用表!$L:$L,領用表!$E:$E,$B32,領用表!$B:$B,$CS$2&CW$2) | CX32: =SUMIFS(領用表!$L:$L,領用表!$E:$E,$B32,領用表!$B:$B,$CS$2&CX$2) | CY32: =SUMIFS(領用表!$L:$L,領用表!$A:$A,CY$2,領用表!$E:$E,B32) | CZ32: =SUMIFS(領用表!$L:$L,領用表!$E:$E,$B32,領用表!$B:$B,CY$2&CZ$2) | DA32: =SUMIFS(領用表!$L:$L,領用表!$E:$E,$B32,領用表!$B:$B,$CY$2&DA$2) | DB32: =SUMIFS(領用表!$L:$L,領用表!$E:$E,$B32,領用表!$B:$B,$CY$2&DB$2) | DC32: =SUMIFS(領用表!$L:$L,領用表!$E:$E,$B32,領用表!$B:$B,$CY$2&DC$2) | DD32: =SUMIFS(領用表!$L:$L,領用表!$E:$E,$B32,領用表!$B:$B,$CY$2&DD$2) | DE32: =SUMIFS(領用表!$L:$L,領用表!$A:$A,DE$2,領用表!$E:$E,B32) | DF32: =SUMIFS(領用表!$L:$L,領用表!$E:$E,$B32,領用表!$B:$B,DE$2&DF$2) | DG32: =SUMIFS(領用表!$L:$L,領用表!$E:$E,$B32,領用表!$B:$B,$DE$2&DG$2) | DH32: =SUMIFS(領用表!$L:$L,領用表!$E:$E,$B32,領用表!$B:$B,$DE$2&DH$2) | DI32: =SUMIFS(領用表!$L:$L,領用表!$E:$E,$B32,領用表!$B:$B,$DE$2&DI$2) | DJ32: =SUMIFS(領用表!$L:$L,領用表!$E:$E,$B32,領用表!$B:$B,$DE$2&DJ$2) | DK32: =SUMIFS(領用表!$L:$L,領用表!$A:$A,DK$2,領用表!$E:$E,$B32) | DL32: =SUMIFS(領用表!$L:$L,領用表!$E:$E,$B32,領用表!$B:$B,DK$2&DL$2) | DM32: =SUMIFS(領用表!$L:$L,領用表!$E:$E,$B32,領用表!$B:$B,$DK$2&DM$2) | DN32: =SUMIFS(領用表!$L:$L,領用表!$E:$E,$B32,領用表!$B:$B,$DK$2&DN$2) | DO32: =SUMIFS(領用表!$L:$L,領用表!$E:$E,$B32,領用表!$B:$B,$DK$2&DO$2) | DP32: =SUMIFS(領用表!$L:$L,領用表!$E:$E,$B32,領用表!$B:$B,$DK$2&DP$2) | DQ32: 11 | DR32: 6 | DT32: 5 | DW32: =SUM(CN32,CS32,CY32,DE32,DK32,DQ32) | DX32: =AVERAGEA(CN32,CS32,CY32,DE32,DK32,DQ32) | DY32: =SUM(DZ32:EC32) | DZ32: 25 | EA32: 0 | EB32: 5 | EC32: 0 | ED32: 0 | EE32: 0 | EJ32: =IFERROR(VLOOKUP(A32,站前4樓!A:BF,57,0),0) | EK32: =IFERROR(VLOOKUP(A32,站前11樓!A:BE,57,0),0) | EL32: =IFERROR(VLOOKUP(A32,忠孝7樓!A:N,57,0),0) | EM32: =IFERROR(VLOOKUP(A32,忠孝國際醫學3樓!A:L,57,0),0) | EN32: =SUM(ED32:EG32) | EP32: 199 | EQ32: 173
B33: 6190006 | C33: ExoPower 泌力機泌凍晶 5mg | D33: 1 | E33: PCS | F33: =SUMIF(站前4樓!B:B,B33,站前4樓!F:F) | G33: =SUMIF(站前11樓!B:B,B33,站前11樓!F:F) | H33: =SUMIF(忠孝7樓!B:B,B33,忠孝7樓!G:G) | I33: =SUMIF(忠孝國際醫學3樓!B:B,B33,忠孝國際醫學3樓!G:G) | J33: =SUMIF(忠孝健康7樓!B:B,B33,忠孝健康7樓!G:G) | DE33: =SUMIFS(領用表!$L:$L,領用表!$A:$A,DE$2,領用表!$E:$E,B33) | DF33: =SUMIFS(領用表!$L:$L,領用表!$E:$E,$B33,領用表!$B:$B,DE$2&DF$2) | DG33: =SUMIFS(領用表!$L:$L,領用表!$E:$E,$B33,領用表!$B:$B,$DE$2&DG$2) | DH33: =SUMIFS(領用表!$L:$L,領用表!$E:$E,$B33,領用表!$B:$B,$DE$2&DH$2) | DI33: =SUMIFS(領用表!$L:$L,領用表!$E:$E,$B33,領用表!$B:$B,$DE$2&DI$2) | DJ33: =SUMIFS(領用表!$L:$L,領用表!$E:$E,$B33,領用表!$B:$B,$DE$2&DJ$2) | DK33: =SUMIFS(領用表!$L:$L,領用表!$A:$A,DK$2,領用表!$E:$E,$B33) | DL33: =SUMIFS(領用表!$L:$L,領用表!$E:$E,$B33,領用表!$B:$B,DK$2&DL$2) | DM33: =SUMIFS(領用表!$L:$L,領用表!$E:$E,$B33,領用表!$B:$B,$DK$2&DM$2) | DN33: =SUMIFS(領用表!$L:$L,領用表!$E:$E,$B33,領用表!$B:$B,$DK$2&DN$2) | DO33: =SUMIFS(領用表!$L:$L,領用表!$E:$E,$B33,領用表!$B:$B,$DK$2&DO$2) | DP33: =SUMIFS(領用表!$L:$L,領用表!$E:$E,$B33,領用表!$B:$B,$DK$2&DP$2) | DQ33: 41 | DR33: 23 | DT33: 11 | DV33: 7 | DW33: =SUM(CN33,CS33,CY33,DE33,DK33,DQ33) | DX33: =AVERAGEA(CN33,CS33,CY33,DE33,DK33,DQ33) | DY33: =SUM(DZ33:EC33)
B34: 6050010 | C34: ExoPower 機泌導入安瓶/ 6mL | D34: 1 | E34: PCS | F34: =SUMIF(站前4樓!B:B,B34,站前4樓!F:F) | G34: =SUMIF(站前11樓!B:B,B34,站前11樓!F:F) | H34: =SUMIF(忠孝7樓!B:B,B34,忠孝7樓!G:G) | I34: =SUMIF(忠孝國際醫學3樓!B:B,B34,忠孝國際醫學3樓!G:G) | J34: =SUMIF(忠孝健康7樓!B:B,B34,忠孝健康7樓!G:G) | DK34: =SUMIFS(領用表!$L:$L,領用表!$A:$A,DK$2,領用表!$E:$E,$B34) | DL34: =SUMIFS(領用表!$L:$L,領用表!$E:$E,$B34,領用表!$B:$B,DK$2&DL$2) | DM34: =SUMIFS(領用表!$L:$L,領用表!$E:$E,$B34,領用表!$B:$B,$DK$2&DM$2) | DN34: =SUMIFS(領用表!$L:$L,領用表!$E:$E,$B34,領用表!$B:$B,$DK$2&DN$2) | DO34: =SUMIFS(領用表!$L:$L,領用表!$E:$E,$B34,領用表!$B:$B,$DK$2&DO$2) | DP34: =SUMIFS(領用表!$L:$L,領用表!$E:$E,$B34,領用表!$B:$B,$DK$2&DP$2) | DQ34: 1 | DR34: 1 | DW34: =SUM(CN34,CS34,CY34,DE34,DK34,DQ34) | DX34: =AVERAGEA(CN34,CS34,CY34,DE34,DK34,DQ34) | DY34: =SUM(DZ34:EC34)
A35: MP1MA020009A | B35: 6160001 | C35: 艾麗斯皮下填補劑 Aesthe Fill-200mg/ vial | D35: 1 | E35: PCS | F35: =SUMIF(站前4樓!B:B,B35,站前4樓!F:F) | G35: =SUMIF(站前11樓!B:B,B35,站前11樓!F:F) | H35: =SUMIF(忠孝7樓!B:B,B35,忠孝7樓!G:G) | I35: =SUMIF(忠孝國際醫學3樓!B:B,B35,忠孝國際醫學3樓!G:G) | J35: =SUMIF(忠孝健康7樓!B:B,B35,忠孝健康7樓!G:G) | K35: 0 | L35: 0.05 | M35: 1 | N35: 11 | O35: 12 | P35: 2 | Q35: 2 | R35: 3 | S35: 2 | T35: 0 | U35: 1 | V35: 1 | W35: 5 | X35: 2 | Y35: 1 | Z35: 0 | AA35: 2 | AB35: 1 | AC35: 0 | AD35: 0 | AE35: 0 | AF35: 0 | AG35: 0 | AH35: 0 | AI35: 0 | AJ35: 1 | AK35: 2 | AL35: 2 | AM35: 7 | AN35: 4 | AO35: 4 | AP35: 4 | AQ35: 9 | AR35: 5 | AS35: 3 | AT35: 0 | AU35: 1 | AV35: =SUM(AJ35:AU35) | AW35: =AV35/12 | AX35: 5 | AY35: 3 | AZ35: 0 | BA35: 0 | BB35: 0 | BC35: =SUMIFS(領用表!$L:$L,領用表!$A:$A,BC$2,領用表!$E:$E,B35) | BD35: =SUMIFS(領用表!$L:$L,領用表!$E:$E,$B35,領用表!$B:$B,BC$2&BD$2) | BE35: =SUMIFS(領用表!$L:$L,領用表!$E:$E,$B35,領用表!$B:$B,$BC$2&BE$2) | BF35: =SUMIFS(領用表!$L:$L,領用表!$E:$E,$B35,領用表!$B:$B,$BC$2&BF$2) | BG35: =SUMIFS(領用表!$L:$L,領用表!$E:$E,$B35,領用表!$B:$B,$BC$2&BG$2) | BH35: =SUMIFS(領用表!$L:$L,領用表!$A:$A,BH$2,領用表!$E:$E,B35) | BI35: =SUMIFS(領用表!$L:$L,領用表!$E:$E,$B35,領用表!$B:$B,BH$2&BI$2) | BJ35: =SUMIFS(領用表!$L:$L,領用表!$E:$E,$B35,領用表!$B:$B,$BH$2&BJ$2) | BK35: =SUMIFS(領用表!$L:$L,領用表!$E:$E,$B35,領用表!$B:$B,$BH$2&BK$2) | BL35: =SUMIFS(領用表!$L:$L,領用表!$E:$E,$B35,領用表!$B:$B,$BH$2&BL$2) | BM35: =SUMIFS(領用表!$L:$L,領用表!$A:$A,BM$2,領用表!$E:$E,B35) | BN35: =SUMIFS(領用表!$L:$L,領用表!$E:$E,$B35,領用表!$B:$B,BM$2&BN$2) | BO35: =SUMIFS(領用表!$L:$L,領用表!$E:$E,$B35,領用表!$B:$B,$BM$2&BO$2) | BP35: =SUMIFS(領用表!$L:$L,領用表!$E:$E,$B35,領用表!$B:$B,$BM$2&BP$2) | BQ35: =SUMIFS(領用表!$L:$L,領用表!$E:$E,$B35,領用表!$B:$B,$BM$2&BQ$2) | BR35: =SUMIFS(領用表!$L:$L,領用表!$A:$A,BR$2,領用表!$E:$E,B35) | BS35: =SUMIFS(領用表!$L:$L,領用表!$E:$E,$B35,領用表!$B:$B,BR$2&BS$2) | BT35: =SUMIFS(領用表!$L:$L,領用表!$E:$E,$B35,領用表!$B:$B,$BR$2&BT$2) | BU35: =SUMIFS(領用表!$L:$L,領用表!$E:$E,$B35,領用表!$B:$B,$BR$2&BU$2) | BV35: =SUMIFS(領用表!$L:$L,領用表!$E:$E,$B35,領用表!$B:$B,$BR$2&BV$2) | BW35: =SUMIFS(領用表!$L:$L,領用表!$A:$A,BW$2,領用表!$E:$E,B35) | BX35: =SUMIFS(領用表!$L:$L,領用表!$E:$E,$B35,領用表!$B:$B,BW$2&BX$2) | BY35: =SUMIFS(領用表!$L:$L,領用表!$E:$E,$B35,領用表!$B:$B,$BW$2&BY$2) | BZ35: =SUMIFS(領用表!$L:$L,領用表!$E:$E,$B35,領用表!$B:$B,$BW$2&BZ$2) | CA35: =SUMIFS(領用表!$L:$L,領用表!$E:$E,$B35,領用表!$B:$B,$BW$2&CA$2) | CB35: =SUMIFS(領用表!$L:$L,領用表!$A:$A,CB$2,領用表!$E:$E,B35) | CC35: =SUMIFS(領用表!$L:$L,領用表!$E:$E,$B35,領用表!$B:$B,CB$2&CC$2) | CD35: =SUMIFS(領用表!$L:$L,領用表!$E:$E,$B35,領用表!$B:$B,$CB$2&CD$2) | CE35: =SUMIFS(領用表!$L:$L,領用表!$E:$E,$B35,領用表!$B:$B,$CB$2&CE$2) | CF35: =SUMIFS(領用表!$L:$L,領用表!$E:$E,$B35,領用表!$B:$B,$CB$2&CF$2) | CG35: =SUMIFS(領用表!$L:$L,領用表!$A:$A,CG$2,領用表!$E:$E,B35) | CH35: =SUMIFS(領用表!$L:$L,領用表!$E:$E,$B35,領用表!$B:$B,CG$2&CH$2) | CI35: =SUMIFS(領用表!$L:$L,領用表!$E:$E,$B35,領用表!$B:$B,CG$2&CI$2) | CJ35: =SUMIFS(領用表!$L:$L,領用表!$E:$E,$B35,領用表!$B:$B,CG$2&CJ$2) | CK35: =SUMIFS(領用表!$L:$L,領用表!$E:$E,$B35,領用表!$B:$B,$CG$2&CK$2) | CL35: =SUM(AX35,AY35,AZ35,BA35,BB35,BC35,BH35,BM35,BR35,BW35,CB35,CG35) | CM35: =AVERAGE(AX35,AY35,AZ35,BA35,BB35,BC35,BH35,BM35,BR35,BW35,CB35,CG35) | CN35: =SUMIFS(領用表!$L:$L,領用表!$A:$A,CN$2,領用表!$E:$E,B35) | CO35: =SUMIFS(領用表!$L:$L,領用表!$E:$E,$B35,領用表!$B:$B,CN$2&CO$2) | CP35: =SUMIFS(領用表!$L:$L,領用表!$E:$E,$B35,領用表!$B:$B,$CN$2&CP$2) | CQ35: =SUMIFS(領用表!$L:$L,領用表!$E:$E,$B35,領用表!$B:$B,$CN$2&CQ$2) | CR35: =SUMIFS(領用表!$L:$L,領用表!$E:$E,$B35,領用表!$B:$B,$CN$2&CR$2) | CS35: =SUMIFS(領用表!$L:$L,領用表!$A:$A,CS$2,領用表!$E:$E,B35) | CT35: =SUMIFS(領用表!$L:$L,領用表!$E:$E,$B35,領用表!$B:$B,CS$2&CT$2) | CU35: =SUMIFS(領用表!$L:$L,領用表!$E:$E,$B35,領用表!$B:$B,$CS$2&CU$2) | CV35: =SUMIFS(領用表!$L:$L,領用表!$E:$E,$B35,領用表!$B:$B,$CS$2&CV$2) | CW35: =SUMIFS(領用表!$L:$L,領用表!$E:$E,$B35,領用表!$B:$B,$CS$2&CW$2) | CX35: =SUMIFS(領用表!$L:$L,領用表!$E:$E,$B35,領用表!$B:$B,$CS$2&CX$2) | CY35: =SUMIFS(領用表!$L:$L,領用表!$A:$A,CY$2,領用表!$E:$E,B35) | CZ35: =SUMIFS(領用表!$L:$L,領用表!$E:$E,$B35,領用表!$B:$B,CY$2&CZ$2) | DA35: =SUMIFS(領用表!$L:$L,領用表!$E:$E,$B35,領用表!$B:$B,$CY$2&DA$2) | DB35: =SUMIFS(領用表!$L:$L,領用表!$E:$E,$B35,領用表!$B:$B,$CY$2&DB$2) | DC35: =SUMIFS(領用表!$L:$L,領用表!$E:$E,$B35,領用表!$B:$B,$CY$2&DC$2) | DD35: =SUMIFS(領用表!$L:$L,領用表!$E:$E,$B35,領用表!$B:$B,$CY$2&DD$2) | DE35: =SUMIFS(領用表!$L:$L,領用表!$A:$A,DE$2,領用表!$E:$E,B35) | DF35: =SUMIFS(領用表!$L:$L,領用表!$E:$E,$B35,領用表!$B:$B,DE$2&DF$2) | DG35: =SUMIFS(領用表!$L:$L,領用表!$E:$E,$B35,領用表!$B:$B,$DE$2&DG$2) | DH35: =SUMIFS(領用表!$L:$L,領用表!$E:$E,$B35,領用表!$B:$B,$DE$2&DH$2) | DI35: =SUMIFS(領用表!$L:$L,領用表!$E:$E,$B35,領用表!$B:$B,$DE$2&DI$2) | DJ35: =SUMIFS(領用表!$L:$L,領用表!$E:$E,$B35,領用表!$B:$B,$DE$2&DJ$2) | DK35: =SUMIFS(領用表!$L:$L,領用表!$A:$A,DK$2,領用表!$E:$E,$B35) | DL35: =SUMIFS(領用表!$L:$L,領用表!$E:$E,$B35,領用表!$B:$B,DK$2&DL$2) | DM35: =SUMIFS(領用表!$L:$L,領用表!$E:$E,$B35,領用表!$B:$B,$DK$2&DM$2) | DN35: =SUMIFS(領用表!$L:$L,領用表!$E:$E,$B35,領用表!$B:$B,$DK$2&DN$2) | DO35: =SUMIFS(領用表!$L:$L,領用表!$E:$E,$B35,領用表!$B:$B,$DK$2&DO$2) | DP35: =SUMIFS(領用表!$L:$L,領用表!$E:$E,$B35,領用表!$B:$B,$DK$2&DP$2) | DW35: =SUM(CN35,CS35,CY35,DE35,DK35,DQ35) | DX35: =AVERAGEA(CN35,CS35,CY35,DE35,DK35,DQ35) | DY35: =SUM(DZ35:EC35) | DZ35: 3 | EA35: 0 | EB35: 3 | EC35: 0 | ED35: 10 | EJ35: =IFERROR(VLOOKUP(A35,站前4樓!A:BF,57,0),0) | EK35: =IFERROR(VLOOKUP(A35,站前11樓!A:BE,57,0),0) | EL35: =IFERROR(VLOOKUP(A35,忠孝7樓!A:N,57,0),0) | EM35: =IFERROR(VLOOKUP(A35,忠孝國際醫學3樓!A:L,57,0),0) | EN35: =SUM(ED35:EG35) | EP35: 21 | EQ35: 9
A36: MP1MA020028A | B36: 6150012 | C36: 膚美康 2.5cc/支 | D36: 1 | E36: PCS | F36: =SUMIF(站前4樓!B:B,B36,站前4樓!F:F) | G36: =SUMIF(站前11樓!B:B,B36,站前11樓!F:F) | H36: =SUMIF(忠孝7樓!B:B,B36,忠孝7樓!G:G) | I36: =SUMIF(忠孝國際醫學3樓!B:B,B36,忠孝國際醫學3樓!G:G) | J36: =SUMIF(忠孝健康7樓!B:B,B36,忠孝健康7樓!G:G) | AV36: - | AW36: - | AX36: - | AY36: - | AZ36: - | BA36: - | BB36: - | BC36: =SUMIFS(領用表!$L:$L,領用表!$A:$A,BC$2,領用表!$E:$E,B36) | BD36: =SUMIFS(領用表!$L:$L,領用表!$E:$E,$B36,領用表!$B:$B,BC$2&BD$2) | BE36: =SUMIFS(領用表!$L:$L,領用表!$E:$E,$B36,領用表!$B:$B,$BC$2&BE$2) | BF36: =SUMIFS(領用表!$L:$L,領用表!$E:$E,$B36,領用表!$B:$B,$BC$2&BF$2) | BG36: =SUMIFS(領用表!$L:$L,領用表!$E:$E,$B36,領用表!$B:$B,$BC$2&BG$2) | BH36: =SUMIFS(領用表!$L:$L,領用表!$A:$A,BH$2,領用表!$E:$E,B36) | BI36: =SUMIFS(領用表!$L:$L,領用表!$E:$E,$B36,領用表!$B:$B,BH$2&BI$2) | BJ36: =SUMIFS(領用表!$L:$L,領用表!$E:$E,$B36,領用表!$B:$B,$BH$2&BJ$2) | BK36: =SUMIFS(領用表!$L:$L,領用表!$E:$E,$B36,領用表!$B:$B,$BH$2&BK$2) | BL36: =SUMIFS(領用表!$L:$L,領用表!$E:$E,$B36,領用表!$B:$B,$BH$2&BL$2) | BM36: =SUMIFS(領用表!$L:$L,領用表!$A:$A,BM$2,領用表!$E:$E,B36) | BN36: =SUMIFS(領用表!$L:$L,領用表!$E:$E,$B36,領用表!$B:$B,BM$2&BN$2) | BO36: =SUMIFS(領用表!$L:$L,領用表!$E:$E,$B36,領用表!$B:$B,$BM$2&BO$2) | BP36: =SUMIFS(領用表!$L:$L,領用表!$E:$E,$B36,領用表!$B:$B,$BM$2&BP$2) | BQ36: =SUMIFS(領用表!$L:$L,領用表!$E:$E,$B36,領用表!$B:$B,$BM$2&BQ$2) | BR36: =SUMIFS(領用表!$L:$L,領用表!$A:$A,BR$2,領用表!$E:$E,B36) | BS36: =SUMIFS(領用表!$L:$L,領用表!$E:$E,$B36,領用表!$B:$B,BR$2&BS$2) | BT36: =SUMIFS(領用表!$L:$L,領用表!$E:$E,$B36,領用表!$B:$B,$BR$2&BT$2) | BU36: =SUMIFS(領用表!$L:$L,領用表!$E:$E,$B36,領用表!$B:$B,$BR$2&BU$2) | BV36: =SUMIFS(領用表!$L:$L,領用表!$E:$E,$B36,領用表!$B:$B,$BR$2&BV$2) | BW36: =SUMIFS(領用表!$L:$L,領用表!$A:$A,BW$2,領用表!$E:$E,B36) | BX36: =SUMIFS(領用表!$L:$L,領用表!$E:$E,$B36,領用表!$B:$B,BW$2&BX$2) | BY36: =SUMIFS(領用表!$L:$L,領用表!$E:$E,$B36,領用表!$B:$B,$BW$2&BY$2) | BZ36: =SUMIFS(領用表!$L:$L,領用表!$E:$E,$B36,領用表!$B:$B,$BW$2&BZ$2) | CA36: =SUMIFS(領用表!$L:$L,領用表!$E:$E,$B36,領用表!$B:$B,$BW$2&CA$2) | CB36: =SUMIFS(領用表!$L:$L,領用表!$A:$A,CB$2,領用表!$E:$E,B36) | CC36: =SUMIFS(領用表!$L:$L,領用表!$E:$E,$B36,領用表!$B:$B,CB$2&CC$2) | CD36: =SUMIFS(領用表!$L:$L,領用表!$E:$E,$B36,領用表!$B:$B,$CB$2&CD$2) | CE36: =SUMIFS(領用表!$L:$L,領用表!$E:$E,$B36,領用表!$B:$B,$CB$2&CE$2) | CF36: =SUMIFS(領用表!$L:$L,領用表!$E:$E,$B36,領用表!$B:$B,$CB$2&CF$2) | CG36: =SUMIFS(領用表!$L:$L,領用表!$A:$A,CG$2,領用表!$E:$E,B36) | CH36: =SUMIFS(領用表!$L:$L,領用表!$E:$E,$B36,領用表!$B:$B,CG$2&CH$2) | CI36: =SUMIFS(領用表!$L:$L,領用表!$E:$E,$B36,領用表!$B:$B,CG$2&CI$2) | CJ36: =SUMIFS(領用表!$L:$L,領用表!$E:$E,$B36,領用表!$B:$B,CG$2&CJ$2) | CK36: =SUMIFS(領用表!$L:$L,領用表!$E:$E,$B36,領用表!$B:$B,$CG$2&CK$2) | CL36: =SUM(AX36,AY36,AZ36,BA36,BB36,BC36,BH36,BM36,BR36,BW36,CB36,CG36) | CM36: =AVERAGE(AX36,AY36,AZ36,BA36,BB36,BC36,BH36,BM36,BR36,BW36,CB36,CG36) | CN36: =SUMIFS(領用表!$L:$L,領用表!$A:$A,CN$2,領用表!$E:$E,B36) | CO36: =SUMIFS(領用表!$L:$L,領用表!$E:$E,$B36,領用表!$B:$B,CN$2&CO$2) | CP36: =SUMIFS(領用表!$L:$L,領用表!$E:$E,$B36,領用表!$B:$B,$CN$2&CP$2) | CQ36: =SUMIFS(領用表!$L:$L,領用表!$E:$E,$B36,領用表!$B:$B,$CN$2&CQ$2) | CR36: =SUMIFS(領用表!$L:$L,領用表!$E:$E,$B36,領用表!$B:$B,$CN$2&CR$2) | CS36: =SUMIFS(領用表!$L:$L,領用表!$A:$A,CS$2,領用表!$E:$E,B36) | CT36: =SUMIFS(領用表!$L:$L,領用表!$E:$E,$B36,領用表!$B:$B,CS$2&CT$2) | CU36: =SUMIFS(領用表!$L:$L,領用表!$E:$E,$B36,領用表!$B:$B,$CS$2&CU$2) | CV36: =SUMIFS(領用表!$L:$L,領用表!$E:$E,$B36,領用表!$B:$B,$CS$2&CV$2) | CW36: =SUMIFS(領用表!$L:$L,領用表!$E:$E,$B36,領用表!$B:$B,$CS$2&CW$2) | CX36: =SUMIFS(領用表!$L:$L,領用表!$E:$E,$B36,領用表!$B:$B,$CS$2&CX$2) | CY36: =SUMIFS(領用表!$L:$L,領用表!$A:$A,CY$2,領用表!$E:$E,B36) | CZ36: =SUMIFS(領用表!$L:$L,領用表!$E:$E,$B36,領用表!$B:$B,CY$2&CZ$2) | DA36: =SUMIFS(領用表!$L:$L,領用表!$E:$E,$B36,領用表!$B:$B,$CY$2&DA$2) | DB36: =SUMIFS(領用表!$L:$L,領用表!$E:$E,$B36,領用表!$B:$B,$CY$2&DB$2) | DC36: =SUMIFS(領用表!$L:$L,領用表!$E:$E,$B36,領用表!$B:$B,$CY$2&DC$2) | DD36: =SUMIFS(領用表!$L:$L,領用表!$E:$E,$B36,領用表!$B:$B,$CY$2&DD$2) | DE36: =SUMIFS(領用表!$L:$L,領用表!$A:$A,DE$2,領用表!$E:$E,B36) | DF36: =SUMIFS(領用表!$L:$L,領用表!$E:$E,$B36,領用表!$B:$B,DE$2&DF$2) | DG36: =SUMIFS(領用表!$L:$L,領用表!$E:$E,$B36,領用表!$B:$B,$DE$2&DG$2) | DH36: =SUMIFS(領用表!$L:$L,領用表!$E:$E,$B36,領用表!$B:$B,$DE$2&DH$2) | DI36: =SUMIFS(領用表!$L:$L,領用表!$E:$E,$B36,領用表!$B:$B,$DE$2&DI$2) | DJ36: =SUMIFS(領用表!$L:$L,領用表!$E:$E,$B36,領用表!$B:$B,$DE$2&DJ$2) | DK36: =SUMIFS(領用表!$L:$L,領用表!$A:$A,DK$2,領用表!$E:$E,$B36) | DL36: =SUMIFS(領用表!$L:$L,領用表!$E:$E,$B36,領用表!$B:$B,DK$2&DL$2) | DM36: =SUMIFS(領用表!$L:$L,領用表!$E:$E,$B36,領用表!$B:$B,$DK$2&DM$2) | DN36: =SUMIFS(領用表!$L:$L,領用表!$E:$E,$B36,領用表!$B:$B,$DK$2&DN$2) | DO36: =SUMIFS(領用表!$L:$L,領用表!$E:$E,$B36,領用表!$B:$B,$DK$2&DO$2) | DP36: =SUMIFS(領用表!$L:$L,領用表!$E:$E,$B36,領用表!$B:$B,$DK$2&DP$2) | DW36: =SUM(CN36,CS36,CY36,DE36,DK36,DQ36) | DX36: =AVERAGEA(CN36,CS36,CY36,DE36,DK36,DQ36) | DY36: =SUM(DZ36:EC36) | DZ36: 0 | EA36: 0 | EB36: 0 | EC36: 0 | ED36: 0 | EJ36: =IFERROR(VLOOKUP(A36,站前4樓!A:BF,57,0),0) | EK36: =IFERROR(VLOOKUP(A36,站前11樓!A:BE,57,0),0) | EL36: =IFERROR(VLOOKUP(A36,忠孝7樓!A:N,57,0),0) | EM36: =IFERROR(VLOOKUP(A36,忠孝國際醫學3樓!A:L,57,0),0) | EN36: =SUM(ED36:EG36) | EP36: 13 | EQ36: 12
A37: MP1MA020034A | B37: 6150014 | C37: 膚美康(1c.c.) | D37: 2.5 | E37: c.c. | F37: =F36*D37 | G37: =SUMIF(站前11樓!B:B,B37,站前11樓!F:F) | H37: =H36*D37 | I37: =SUMIF(忠孝國際醫學3樓!B:B,B37,忠孝國際醫學3樓!G:G) | J37: =J36*F37 | BC37: =SUMIFS(領用表!$L:$L,領用表!$A:$A,BC$2,領用表!$E:$E,B37) | BD37: =SUMIFS(領用表!$L:$L,領用表!$E:$E,$B37,領用表!$B:$B,BC$2&BD$2) | BE37: =SUMIFS(領用表!$L:$L,領用表!$E:$E,$B37,領用表!$B:$B,$BC$2&BE$2) | BF37: =SUMIFS(領用表!$L:$L,領用表!$E:$E,$B37,領用表!$B:$B,$BC$2&BF$2) | BG37: =SUMIFS(領用表!$L:$L,領用表!$E:$E,$B37,領用表!$B:$B,$BC$2&BG$2) | BH37: =SUMIFS(領用表!$L:$L,領用表!$A:$A,BH$2,領用表!$E:$E,B37) | BI37: =SUMIFS(領用表!$L:$L,領用表!$E:$E,$B37,領用表!$B:$B,BH$2&BI$2) | BJ37: =SUMIFS(領用表!$L:$L,領用表!$E:$E,$B37,領用表!$B:$B,$BH$2&BJ$2) | BK37: =SUMIFS(領用表!$L:$L,領用表!$E:$E,$B37,領用表!$B:$B,$BH$2&BK$2) | BL37: =SUMIFS(領用表!$L:$L,領用表!$E:$E,$B37,領用表!$B:$B,$BH$2&BL$2) | BM37: =SUMIFS(領用表!$L:$L,領用表!$A:$A,BM$2,領用表!$E:$E,B37) | BN37: =SUMIFS(領用表!$L:$L,領用表!$E:$E,$B37,領用表!$B:$B,BM$2&BN$2) | BO37: =SUMIFS(領用表!$L:$L,領用表!$E:$E,$B37,領用表!$B:$B,$BM$2&BO$2) | BP37: =SUMIFS(領用表!$L:$L,領用表!$E:$E,$B37,領用表!$B:$B,$BM$2&BP$2) | BQ37: =SUMIFS(領用表!$L:$L,領用表!$E:$E,$B37,領用表!$B:$B,$BM$2&BQ$2) | BR37: =SUMIFS(領用表!$L:$L,領用表!$A:$A,BR$2,領用表!$E:$E,B37) | BS37: =SUMIFS(領用表!$L:$L,領用表!$E:$E,$B37,領用表!$B:$B,BR$2&BS$2) | BT37: =SUMIFS(領用表!$L:$L,領用表!$E:$E,$B37,領用表!$B:$B,$BR$2&BT$2) | BU37: =SUMIFS(領用表!$L:$L,領用表!$E:$E,$B37,領用表!$B:$B,$BR$2&BU$2) | BV37: =SUMIFS(領用表!$L:$L,領用表!$E:$E,$B37,領用表!$B:$B,$BR$2&BV$2) | BW37: =SUMIFS(領用表!$L:$L,領用表!$A:$A,BW$2,領用表!$E:$E,B37)*D37 | BX37: =SUMIFS(領用表!$L:$L,領用表!$E:$E,$B37,領用表!$B:$B,BW$2&BX$2) | BY37: =SUMIFS(領用表!$L:$L,領用表!$E:$E,$B37,領用表!$B:$B,$BW$2&BY$2) | BZ37: =SUMIFS(領用表!$L:$L,領用表!$E:$E,$B37,領用表!$B:$B,$BW$2&BZ$2) | CA37: =SUMIFS(領用表!$L:$L,領用表!$E:$E,$B37,領用表!$B:$B,$BW$2&CA$2) | CB37: =SUMIFS(領用表!$L:$L,領用表!$A:$A,CB$2,領用表!$E:$E,B37)*D37 | CC37: =SUMIFS(領用表!$L:$L,領用表!$E:$E,$B37,領用表!$B:$B,CB$2&CC$2) | CD37: =SUMIFS(領用表!$L:$L,領用表!$E:$E,$B37,領用表!$B:$B,$CB$2&CD$2) | CE37: =SUMIFS(領用表!$L:$L,領用表!$E:$E,$B37,領用表!$B:$B,$CB$2&CE$2) | CF37: =SUMIFS(領用表!$L:$L,領用表!$E:$E,$B37,領用表!$B:$B,$CB$2&CF$2) | CG37: =SUMIFS(領用表!$L:$L,領用表!$A:$A,CG$2,領用表!$E:$E,B37) | CL37: =SUM(AX37,AY37,AZ37,BA37,BB37,BC37,BH37,BM37,BR37,BW37,CB37,CG37) | CM37: =AVERAGE(AX37,AY37,AZ37,BA37,BB37,BC37,BH37,BM37,BR37,BW37,CB37,CG37) | CN37: =SUMIFS(領用表!$L:$L,領用表!$A:$A,CN$2,領用表!$E:$E,B37)*D37 | CO37: =SUMIFS(領用表!$L:$L,領用表!$E:$E,$B37,領用表!$B:$B,CN$2&CO$2) | CP37: =SUMIFS(領用表!$L:$L,領用表!$E:$E,$B37,領用表!$B:$B,$CN$2&CP$2) | CQ37: =SUMIFS(領用表!$L:$L,領用表!$E:$E,$B37,領用表!$B:$B,$CN$2&CQ$2) | CR37: =SUMIFS(領用表!$L:$L,領用表!$E:$E,$B37,領用表!$B:$B,$CN$2&CR$2) | CS37: =SUMIFS(領用表!$L:$L,領用表!$A:$A,CS$2,領用表!$E:$E,B37)*D37 | CT37: =SUMIFS(領用表!$L:$L,領用表!$E:$E,$B37,領用表!$B:$B,CS$2&CT$2) | CU37: =SUMIFS(領用表!$L:$L,領用表!$E:$E,$B37,領用表!$B:$B,$CS$2&CU$2) | CV37: =SUMIFS(領用表!$L:$L,領用表!$E:$E,$B37,領用表!$B:$B,$CS$2&CV$2) | CW37: =SUMIFS(領用表!$L:$L,領用表!$E:$E,$B37,領用表!$B:$B,$CS$2&CW$2) | CX37: =SUMIFS(領用表!$L:$L,領用表!$E:$E,$B37,領用表!$B:$B,$CS$2&CX$2) | CY37: =SUMIFS(領用表!$L:$L,領用表!$A:$A,CY$2,領用表!$E:$E,B37)*D37 | CZ37: =SUMIFS(領用表!$L:$L,領用表!$E:$E,$B37,領用表!$B:$B,CY$2&CZ$2) | DA37: =SUMIFS(領用表!$L:$L,領用表!$E:$E,$B37,領用表!$B:$B,$CY$2&DA$2) | DB37: =SUMIFS(領用表!$L:$L,領用表!$E:$E,$B37,領用表!$B:$B,$CY$2&DB$2) | DC37: =SUMIFS(領用表!$L:$L,領用表!$E:$E,$B37,領用表!$B:$B,$CY$2&DC$2) | DD37: =SUMIFS(領用表!$L:$L,領用表!$E:$E,$B37,領用表!$B:$B,$CY$2&DD$2) | DE37: =SUMIFS(領用表!$L:$L,領用表!$A:$A,DE$2,領用表!$E:$E,B37)*D37 | DF37: =SUMIFS(領用表!$L:$L,領用表!$E:$E,$B37,領用表!$B:$B,DE$2&DF$2) | DG37: =SUMIFS(領用表!$L:$L,領用表!$E:$E,$B37,領用表!$B:$B,$DE$2&DG$2)*D37 | DH37: =SUMIFS(領用表!$L:$L,領用表!$E:$E,$B37,領用表!$B:$B,$DE$2&DH$2)*D37 | DI37: =SUMIFS(領用表!$L:$L,領用表!$E:$E,$B37,領用表!$B:$B,$DE$2&DI$2) | DJ37: =SUMIFS(領用表!$L:$L,領用表!$E:$E,$B37,領用表!$B:$B,$DE$2&DJ$2) | DK37: =SUMIFS(領用表!$L:$L,領用表!$A:$A,DK$2,領用表!$E:$E,$B37) | DL37: =SUMIFS(領用表!$L:$L,領用表!$E:$E,$B37,領用表!$B:$B,DK$2&DL$2)*D37 | DM37: =SUMIFS(領用表!$L:$L,領用表!$E:$E,$B37,領用表!$B:$B,$DK$2&DM$2)*D37 | DN37: =SUMIFS(領用表!$L:$L,領用表!$E:$E,$B37,領用表!$B:$B,$DK$2&DN$2)*D37 | DO37: =SUMIFS(領用表!$L:$L,領用表!$E:$E,$B37,領用表!$B:$B,$DK$2&DO$2)*D37 | DP37: =SUMIFS(領用表!$L:$L,領用表!$E:$E,$B37,領用表!$B:$B,$DK$2&DP$2)*D37 | DW37: =SUM(CN37,CS37,CY37,DE37,DK37,DQ37) | DX37: =AVERAGEA(CN37,CS37,CY37,DE37,DK37,DQ37) | DY37: =SUM(DZ37:EC37) | DZ37: 0 | EA37: 0 | EB37: 0 | EC37: 0
A38: DP1AA050001E | B38: 6210006 | C38: 麗珠蘭REJURAN Skin Booster修復水光 | D38: 3 | E38: SET | F38: =SUMIF(站前4樓!B:B,B38,站前4樓!F:F) | G38: =SUMIF(站前11樓!B:B,B38,站前11樓!F:F) | H38: =SUMIF(忠孝7樓!B:B,B38,忠孝7樓!G:G) | I38: =SUMIF(忠孝國際醫學3樓!B:B,B38,忠孝國際醫學3樓!G:G) | J38: =SUMIF(忠孝健康7樓!B:B,B38,忠孝健康7樓!G:G) | AV38: - | AW38: - | AX38: - | AY38: - | AZ38: - | BA38: - | BB38: - | BC38: =SUMIFS(領用表!$L:$L,領用表!$A:$A,BC$2,領用表!$E:$E,B38) | BD38: =SUMIFS(領用表!$L:$L,領用表!$E:$E,$B38,領用表!$B:$B,BC$2&BD$2) | BE38: =SUMIFS(領用表!$L:$L,領用表!$E:$E,$B38,領用表!$B:$B,$BC$2&BE$2) | BF38: =SUMIFS(領用表!$L:$L,領用表!$E:$E,$B38,領用表!$B:$B,$BC$2&BF$2) | BG38: =SUMIFS(領用表!$L:$L,領用表!$E:$E,$B38,領用表!$B:$B,$BC$2&BG$2) | BH38: =SUMIFS(領用表!$L:$L,領用表!$A:$A,BH$2,領用表!$E:$E,B38) | BI38: =SUMIFS(領用表!$L:$L,領用表!$E:$E,$B38,領用表!$B:$B,BH$2&BI$2) | BJ38: =SUMIFS(領用表!$L:$L,領用表!$E:$E,$B38,領用表!$B:$B,$BH$2&BJ$2) | BK38: =SUMIFS(領用表!$L:$L,領用表!$E:$E,$B38,領用表!$B:$B,$BH$2&BK$2) | BL38: =SUMIFS(領用表!$L:$L,領用表!$E:$E,$B38,領用表!$B:$B,$BH$2&BL$2) | BM38: =SUMIFS(領用表!$L:$L,領用表!$A:$A,BM$2,領用表!$E:$E,B38) | BN38: =SUMIFS(領用表!$L:$L,領用表!$E:$E,$B38,領用表!$B:$B,BM$2&BN$2) | BO38: =SUMIFS(領用表!$L:$L,領用表!$E:$E,$B38,領用表!$B:$B,$BM$2&BO$2) | BP38: =SUMIFS(領用表!$L:$L,領用表!$E:$E,$B38,領用表!$B:$B,$BM$2&BP$2) | BQ38: =SUMIFS(領用表!$L:$L,領用表!$E:$E,$B38,領用表!$B:$B,$BM$2&BQ$2) | BR38: =SUMIFS(領用表!$L:$L,領用表!$A:$A,BR$2,領用表!$E:$E,B38) | BS38: =SUMIFS(領用表!$L:$L,領用表!$E:$E,$B38,領用表!$B:$B,BR$2&BS$2) | BT38: =SUMIFS(領用表!$L:$L,領用表!$E:$E,$B38,領用表!$B:$B,$BR$2&BT$2) | BU38: =SUMIFS(領用表!$L:$L,領用表!$E:$E,$B38,領用表!$B:$B,$BR$2&BU$2) | BV38: =SUMIFS(領用表!$L:$L,領用表!$E:$E,$B38,領用表!$B:$B,$BR$2&BV$2) | BW38: =SUMIFS(領用表!$L:$L,領用表!$A:$A,BW$2,領用表!$E:$E,B38) | BX38: =SUMIFS(領用表!$L:$L,領用表!$E:$E,$B38,領用表!$B:$B,BW$2&BX$2) | BY38: =SUMIFS(領用表!$L:$L,領用表!$E:$E,$B38,領用表!$B:$B,$BW$2&BY$2) | BZ38: =SUMIFS(領用表!$L:$L,領用表!$E:$E,$B38,領用表!$B:$B,$BW$2&BZ$2) | CA38: =SUMIFS(領用表!$L:$L,領用表!$E:$E,$B38,領用表!$B:$B,$BW$2&CA$2) | CB38: =SUMIFS(領用表!$L:$L,領用表!$A:$A,CB$2,領用表!$E:$E,B38) | CC38: =SUMIFS(領用表!$L:$L,領用表!$E:$E,$B38,領用表!$B:$B,CB$2&CC$2) | CD38: =SUMIFS(領用表!$L:$L,領用表!$E:$E,$B38,領用表!$B:$B,$CB$2&CD$2) | CE38: =SUMIFS(領用表!$L:$L,領用表!$E:$E,$B38,領用表!$B:$B,$CB$2&CE$2) | CF38: =SUMIFS(領用表!$L:$L,領用表!$E:$E,$B38,領用表!$B:$B,$CB$2&CF$2) | CG38: =SUMIFS(領用表!$L:$L,領用表!$A:$A,CG$2,領用表!$E:$E,B38) | CH38: =SUMIFS(領用表!$L:$L,領用表!$E:$E,$B38,領用表!$B:$B,CG$2&CH$2) | CI38: =SUMIFS(領用表!$L:$L,領用表!$E:$E,$B38,領用表!$B:$B,CG$2&CI$2) | CJ38: =SUMIFS(領用表!$L:$L,領用表!$E:$E,$B38,領用表!$B:$B,CG$2&CJ$2) | CK38: =SUMIFS(領用表!$L:$L,領用表!$E:$E,$B38,領用表!$B:$B,$CG$2&CK$2) | CL38: =SUM(AX38,AY38,AZ38,BA38,BB38,BC38,BH38,BM38,BR38,BW38,CB38,CG38) | CM38: =AVERAGE(AX38,AY38,AZ38,BA38,BB38,BC38,BH38,BM38,BR38,BW38,CB38,CG38) | CN38: =SUMIFS(領用表!$L:$L,領用表!$A:$A,CN$2,領用表!$E:$E,B38) | CO38: =SUMIFS(領用表!$L:$L,領用表!$E:$E,$B38,領用表!$B:$B,CN$2&CO$2) | CP38: =SUMIFS(領用表!$L:$L,領用表!$E:$E,$B38,領用表!$B:$B,$CN$2&CP$2) | CQ38: =SUMIFS(領用表!$L:$L,領用表!$E:$E,$B38,領用表!$B:$B,$CN$2&CQ$2) | CR38: =SUMIFS(領用表!$L:$L,領用表!$E:$E,$B38,領用表!$B:$B,$CN$2&CR$2) | CS38: =SUMIFS(領用表!$L:$L,領用表!$A:$A,CS$2,領用表!$E:$E,B38) | CT38: =SUMIFS(領用表!$L:$L,領用表!$E:$E,$B38,領用表!$B:$B,CS$2&CT$2) | CU38: =SUMIFS(領用表!$L:$L,領用表!$E:$E,$B38,領用表!$B:$B,$CS$2&CU$2) | CV38: =SUMIFS(領用表!$L:$L,領用表!$E:$E,$B38,領用表!$B:$B,$CS$2&CV$2) | CW38: =SUMIFS(領用表!$L:$L,領用表!$E:$E,$B38,領用表!$B:$B,$CS$2&CW$2) | CX38: =SUMIFS(領用表!$L:$L,領用表!$E:$E,$B38,領用表!$B:$B,$CS$2&CX$2) | CY38: =SUMIFS(領用表!$L:$L,領用表!$A:$A,CY$2,領用表!$E:$E,B38) | CZ38: =SUMIFS(領用表!$L:$L,領用表!$E:$E,$B38,領用表!$B:$B,CY$2&CZ$2) | DA38: =SUMIFS(領用表!$L:$L,領用表!$E:$E,$B38,領用表!$B:$B,$CY$2&DA$2) | DB38: =SUMIFS(領用表!$L:$L,領用表!$E:$E,$B38,領用表!$B:$B,$CY$2&DB$2) | DC38: =SUMIFS(領用表!$L:$L,領用表!$E:$E,$B38,領用表!$B:$B,$CY$2&DC$2) | DD38: =SUMIFS(領用表!$L:$L,領用表!$E:$E,$B38,領用表!$B:$B,$CY$2&DD$2) | DE38: =SUMIFS(領用表!$L:$L,領用表!$A:$A,DE$2,領用表!$E:$E,B38) | DF38: =SUMIFS(領用表!$L:$L,領用表!$E:$E,$B38,領用表!$B:$B,DE$2&DF$2) | DG38: =SUMIFS(領用表!$L:$L,領用表!$E:$E,$B38,領用表!$B:$B,$DE$2&DG$2) | DH38: =SUMIFS(領用表!$L:$L,領用表!$E:$E,$B38,領用表!$B:$B,$DE$2&DH$2) | DI38: =SUMIFS(領用表!$L:$L,領用表!$E:$E,$B38,領用表!$B:$B,$DE$2&DI$2) | DJ38: =SUMIFS(領用表!$L:$L,領用表!$E:$E,$B38,領用表!$B:$B,$DE$2&DJ$2) | DK38: =SUMIFS(領用表!$L:$L,領用表!$A:$A,DK$2,領用表!$E:$E,$B38) | DL38: =SUMIFS(領用表!$L:$L,領用表!$E:$E,$B38,領用表!$B:$B,DK$2&DL$2) | DM38: =SUMIFS(領用表!$L:$L,領用表!$E:$E,$B38,領用表!$B:$B,$DK$2&DM$2) | DN38: =SUMIFS(領用表!$L:$L,領用表!$E:$E,$B38,領用表!$B:$B,$DK$2&DN$2) | DO38: =SUMIFS(領用表!$L:$L,領用表!$E:$E,$B38,領用表!$B:$B,$DK$2&DO$2) | DP38: =SUMIFS(領用表!$L:$L,領用表!$E:$E,$B38,領用表!$B:$B,$DK$2&DP$2) | DQ38: 1 | DR38: 1 | DW38: =SUM(CN38,CS38,CY38,DE38,DK38,DQ38) | DX38: =AVERAGEA(CN38,CS38,CY38,DE38,DK38,DQ38) | DY38: =SUM(DZ38:EC38) | DZ38: 8 | EA38: 0 | EB38: 10 | EC38: 0 | ED38: 0 | EJ38: =IFERROR(VLOOKUP(A38,站前4樓!A:BF,57,0),0) | EK38: =IFERROR(VLOOKUP(A38,站前11樓!A:BE,57,0),0) | EL38: =IFERROR(VLOOKUP(A38,忠孝7樓!A:N,57,0),0) | EM38: =IFERROR(VLOOKUP(A38,忠孝國際醫學3樓!A:L,57,0),0) | EN38: =SUM(ED38:EG38) | EP38: 13 | EQ38: 8
A39: DP1AA050002E | B39: 6210007 | C39: 麗珠蘭REJURAN Tone-Up Booster白瓷水光 | D39: 3 | E39: SET | F39: =SUMIF(站前4樓!B:B,B39,站前4樓!F:F) | G39: =SUMIF(站前11樓!B:B,B39,站前11樓!F:F) | H39: =SUMIF(忠孝7樓!B:B,B39,忠孝7樓!G:G) | I39: =SUMIF(忠孝國際醫學3樓!B:B,B39,忠孝國際醫學3樓!G:G) | J39: =SUMIF(忠孝健康7樓!B:B,B39,忠孝健康7樓!G:G) | AV39: - | AW39: - | AX39: - | AY39: - | AZ39: - | BA39: - | BB39: - | BC39: =SUMIFS(領用表!$L:$L,領用表!$A:$A,BC$2,領用表!$E:$E,B39) | BD39: =SUMIFS(領用表!$L:$L,領用表!$E:$E,$B39,領用表!$B:$B,BC$2&BD$2) | BE39: =SUMIFS(領用表!$L:$L,領用表!$E:$E,$B39,領用表!$B:$B,$BC$2&BE$2) | BF39: =SUMIFS(領用表!$L:$L,領用表!$E:$E,$B39,領用表!$B:$B,$BC$2&BF$2) | BG39: =SUMIFS(領用表!$L:$L,領用表!$E:$E,$B39,領用表!$B:$B,$BC$2&BG$2) | BH39: =SUMIFS(領用表!$L:$L,領用表!$A:$A,BH$2,領用表!$E:$E,B39) | BI39: =SUMIFS(領用表!$L:$L,領用表!$E:$E,$B39,領用表!$B:$B,BH$2&BI$2) | BJ39: =SUMIFS(領用表!$L:$L,領用表!$E:$E,$B39,領用表!$B:$B,$BH$2&BJ$2) | BK39: =SUMIFS(領用表!$L:$L,領用表!$E:$E,$B39,領用表!$B:$B,$BH$2&BK$2) | BL39: =SUMIFS(領用表!$L:$L,領用表!$E:$E,$B39,領用表!$B:$B,$BH$2&BL$2) | BM39: =SUMIFS(領用表!$L:$L,領用表!$A:$A,BM$2,領用表!$E:$E,B39) | BN39: =SUMIFS(領用表!$L:$L,領用表!$E:$E,$B39,領用表!$B:$B,BM$2&BN$2) | BO39: =SUMIFS(領用表!$L:$L,領用表!$E:$E,$B39,領用表!$B:$B,$BM$2&BO$2) | BP39: =SUMIFS(領用表!$L:$L,領用表!$E:$E,$B39,領用表!$B:$B,$BM$2&BP$2) | BQ39: =SUMIFS(領用表!$L:$L,領用表!$E:$E,$B39,領用表!$B:$B,$BM$2&BQ$2) | BR39: =SUMIFS(領用表!$L:$L,領用表!$A:$A,BR$2,領用表!$E:$E,B39) | BS39: =SUMIFS(領用表!$L:$L,領用表!$E:$E,$B39,領用表!$B:$B,BR$2&BS$2) | BT39: =SUMIFS(領用表!$L:$L,領用表!$E:$E,$B39,領用表!$B:$B,$BR$2&BT$2) | BU39: =SUMIFS(領用表!$L:$L,領用表!$E:$E,$B39,領用表!$B:$B,$BR$2&BU$2) | BV39: =SUMIFS(領用表!$L:$L,領用表!$E:$E,$B39,領用表!$B:$B,$BR$2&BV$2) | BW39: =SUMIFS(領用表!$L:$L,領用表!$A:$A,BW$2,領用表!$E:$E,B39) | BX39: =SUMIFS(領用表!$L:$L,領用表!$E:$E,$B39,領用表!$B:$B,BW$2&BX$2) | BY39: =SUMIFS(領用表!$L:$L,領用表!$E:$E,$B39,領用表!$B:$B,$BW$2&BY$2) | BZ39: =SUMIFS(領用表!$L:$L,領用表!$E:$E,$B39,領用表!$B:$B,$BW$2&BZ$2) | CA39: =SUMIFS(領用表!$L:$L,領用表!$E:$E,$B39,領用表!$B:$B,$BW$2&CA$2) | CB39: =SUMIFS(領用表!$L:$L,領用表!$A:$A,CB$2,領用表!$E:$E,B39) | CC39: =SUMIFS(領用表!$L:$L,領用表!$E:$E,$B39,領用表!$B:$B,CB$2&CC$2) | CD39: =SUMIFS(領用表!$L:$L,領用表!$E:$E,$B39,領用表!$B:$B,$CB$2&CD$2) | CE39: =SUMIFS(領用表!$L:$L,領用表!$E:$E,$B39,領用表!$B:$B,$CB$2&CE$2) | CF39: =SUMIFS(領用表!$L:$L,領用表!$E:$E,$B39,領用表!$B:$B,$CB$2&CF$2) | CG39: =SUMIFS(領用表!$L:$L,領用表!$A:$A,CG$2,領用表!$E:$E,B39) | CH39: =SUMIFS(領用表!$L:$L,領用表!$E:$E,$B39,領用表!$B:$B,CG$2&CH$2) | CI39: =SUMIFS(領用表!$L:$L,領用表!$E:$E,$B39,領用表!$B:$B,CG$2&CI$2) | CJ39: =SUMIFS(領用表!$L:$L,領用表!$E:$E,$B39,領用表!$B:$B,CG$2&CJ$2) | CK39: =SUMIFS(領用表!$L:$L,領用表!$E:$E,$B39,領用表!$B:$B,$CG$2&CK$2) | CL39: =SUM(AX39,AY39,AZ39,BA39,BB39,BC39,BH39,BM39,BR39,BW39,CB39,CG39) | CM39: =AVERAGE(AX39,AY39,AZ39,BA39,BB39,BC39,BH39,BM39,BR39,BW39,CB39,CG39) | CN39: =SUMIFS(領用表!$L:$L,領用表!$A:$A,CN$2,領用表!$E:$E,B39) | CO39: =SUMIFS(領用表!$L:$L,領用表!$E:$E,$B39,領用表!$B:$B,CN$2&CO$2) | CP39: =SUMIFS(領用表!$L:$L,領用表!$E:$E,$B39,領用表!$B:$B,$CN$2&CP$2) | CQ39: =SUMIFS(領用表!$L:$L,領用表!$E:$E,$B39,領用表!$B:$B,$CN$2&CQ$2) | CR39: =SUMIFS(領用表!$L:$L,領用表!$E:$E,$B39,領用表!$B:$B,$CN$2&CR$2) | CS39: =SUMIFS(領用表!$L:$L,領用表!$A:$A,CS$2,領用表!$E:$E,B39) | CT39: =SUMIFS(領用表!$L:$L,領用表!$E:$E,$B39,領用表!$B:$B,CS$2&CT$2) | CU39: =SUMIFS(領用表!$L:$L,領用表!$E:$E,$B39,領用表!$B:$B,$CS$2&CU$2) | CV39: =SUMIFS(領用表!$L:$L,領用表!$E:$E,$B39,領用表!$B:$B,$CS$2&CV$2) | CW39: =SUMIFS(領用表!$L:$L,領用表!$E:$E,$B39,領用表!$B:$B,$CS$2&CW$2) | CX39: =SUMIFS(領用表!$L:$L,領用表!$E:$E,$B39,領用表!$B:$B,$CS$2&CX$2) | CY39: =SUMIFS(領用表!$L:$L,領用表!$A:$A,CY$2,領用表!$E:$E,B39) | CZ39: =SUMIFS(領用表!$L:$L,領用表!$E:$E,$B39,領用表!$B:$B,CY$2&CZ$2) | DA39: =SUMIFS(領用表!$L:$L,領用表!$E:$E,$B39,領用表!$B:$B,$CY$2&DA$2) | DB39: =SUMIFS(領用表!$L:$L,領用表!$E:$E,$B39,領用表!$B:$B,$CY$2&DB$2) | DC39: =SUMIFS(領用表!$L:$L,領用表!$E:$E,$B39,領用表!$B:$B,$CY$2&DC$2) | DD39: =SUMIFS(領用表!$L:$L,領用表!$E:$E,$B39,領用表!$B:$B,$CY$2&DD$2) | DE39: =SUMIFS(領用表!$L:$L,領用表!$A:$A,DE$2,領用表!$E:$E,B39) | DF39: =SUMIFS(領用表!$L:$L,領用表!$E:$E,$B39,領用表!$B:$B,DE$2&DF$2) | DG39: =SUMIFS(領用表!$L:$L,領用表!$E:$E,$B39,領用表!$B:$B,$DE$2&DG$2) | DH39: =SUMIFS(領用表!$L:$L,領用表!$E:$E,$B39,領用表!$B:$B,$DE$2&DH$2) | DI39: =SUMIFS(領用表!$L:$L,領用表!$E:$E,$B39,領用表!$B:$B,$DE$2&DI$2) | DJ39: =SUMIFS(領用表!$L:$L,領用表!$E:$E,$B39,領用表!$B:$B,$DE$2&DJ$2) | DK39: =SUMIFS(領用表!$L:$L,領用表!$A:$A,DK$2,領用表!$E:$E,$B39) | DL39: =SUMIFS(領用表!$L:$L,領用表!$E:$E,$B39,領用表!$B:$B,DK$2&DL$2) | DM39: =SUMIFS(領用表!$L:$L,領用表!$E:$E,$B39,領用表!$B:$B,$DK$2&DM$2) | DN39: =SUMIFS(領用表!$L:$L,領用表!$E:$E,$B39,領用表!$B:$B,$DK$2&DN$2) | DO39: =SUMIFS(領用表!$L:$L,領用表!$E:$E,$B39,領用表!$B:$B,$DK$2&DO$2) | DP39: =SUMIFS(領用表!$L:$L,領用表!$E:$E,$B39,領用表!$B:$B,$DK$2&DP$2) | DQ39: 2 | DT39: 1 | DV39: 1 | DW39: =SUM(CN39,CS39,CY39,DE39,DK39,DQ39) | DX39: =AVERAGEA(CN39,CS39,CY39,DE39,DK39,DQ39) | DY39: =SUM(DZ39:EC39) | DZ39: 8 | EA39: 0 | EB39: 10 | EC39: 0 | ED39: 0 | EJ39: =IFERROR(VLOOKUP(A39,站前4樓!A:BF,57,0),0) | EK39: =IFERROR(VLOOKUP(A39,站前11樓!A:BE,57,0),0) | EL39: =IFERROR(VLOOKUP(A39,忠孝7樓!A:N,57,0),0) | EM39: =IFERROR(VLOOKUP(A39,忠孝國際醫學3樓!A:L,57,0),0) | EN39: =SUM(ED39:EG39) | EP39: 9 | EQ39: 6
A40: MP1MA020014A | B40: 6150010 | C40: 優美施豐潤 Neuramis Volume 1c.c/ 支 | D40: 1 | E40: PCS | F40: =SUMIF(站前4樓!B:B,B40,站前4樓!F:F) | G40: =SUMIF(站前11樓!B:B,B40,站前11樓!F:F) | H40: =SUMIF(忠孝7樓!B:B,B40,忠孝7樓!G:G) | I40: =SUMIF(忠孝國際醫學3樓!B:B,B40,忠孝國際醫學3樓!G:G) | J40: =SUMIF(忠孝健康7樓!B:B,B40,忠孝健康7樓!G:G) | K40: 0 | L40: 0 | M40: 0 | N40: 0 | O40: 0 | P40: 0 | Q40: 0 | R40: 0 | S40: 0 | T40: 0 | U40: 0 | V40: 0 | W40: 0 | X40: 0 | Y40: 0 | Z40: 0 | AA40: 0 | AB40: 0 | AC40: 0 | AD40: 0 | AE40: 0 | AF40: 0 | AG40: 0 | AH40: 0 | AI40: 0 | AJ40: 0 | AK40: 0 | AL40: 0 | AM40: 0 | AN40: 0 | AO40: 39 | AP40: 36 | AQ40: 37 | AR40: 20 | AS40: 45 | AT40: 35 | AU40: 72 | AV40: =SUM(AJ40:AU40) | AW40: =AV40/12 | AX40: 43 | AY40: 30 | AZ40: 48 | BA40: 96 | BB40: 93 | BC40: =SUMIFS(領用表!$L:$L,領用表!$A:$A,BC$2,領用表!$E:$E,B40) | BD40: =SUMIFS(領用表!$L:$L,領用表!$E:$E,$B40,領用表!$B:$B,BC$2&BD$2) | BE40: =SUMIFS(領用表!$L:$L,領用表!$E:$E,$B40,領用表!$B:$B,$BC$2&BE$2) | BF40: =SUMIFS(領用表!$L:$L,領用表!$E:$E,$B40,領用表!$B:$B,$BC$2&BF$2) | BG40: =SUMIFS(領用表!$L:$L,領用表!$E:$E,$B40,領用表!$B:$B,$BC$2&BG$2) | BH40: =SUMIFS(領用表!$L:$L,領用表!$A:$A,BH$2,領用表!$E:$E,B40) | BI40: =SUMIFS(領用表!$L:$L,領用表!$E:$E,$B40,領用表!$B:$B,BH$2&BI$2) | BJ40: =SUMIFS(領用表!$L:$L,領用表!$E:$E,$B40,領用表!$B:$B,$BH$2&BJ$2) | BK40: =SUMIFS(領用表!$L:$L,領用表!$E:$E,$B40,領用表!$B:$B,$BH$2&BK$2) | BL40: =SUMIFS(領用表!$L:$L,領用表!$E:$E,$B40,領用表!$B:$B,$BH$2&BL$2) | BM40: =SUMIFS(領用表!$L:$L,領用表!$A:$A,BM$2,領用表!$E:$E,B40) | BN40: =SUMIFS(領用表!$L:$L,領用表!$E:$E,$B40,領用表!$B:$B,BM$2&BN$2) | BO40: =SUMIFS(領用表!$L:$L,領用表!$E:$E,$B40,領用表!$B:$B,$BM$2&BO$2) | BP40: =SUMIFS(領用表!$L:$L,領用表!$E:$E,$B40,領用表!$B:$B,$BM$2&BP$2) | BQ40: =SUMIFS(領用表!$L:$L,領用表!$E:$E,$B40,領用表!$B:$B,$BM$2&BQ$2) | BR40: =SUMIFS(領用表!$L:$L,領用表!$A:$A,BR$2,領用表!$E:$E,B40) | BS40: =SUMIFS(領用表!$L:$L,領用表!$E:$E,$B40,領用表!$B:$B,BR$2&BS$2) | BT40: =SUMIFS(領用表!$L:$L,領用表!$E:$E,$B40,領用表!$B:$B,$BR$2&BT$2) | BU40: =SUMIFS(領用表!$L:$L,領用表!$E:$E,$B40,領用表!$B:$B,$BR$2&BU$2) | BV40: =SUMIFS(領用表!$L:$L,領用表!$E:$E,$B40,領用表!$B:$B,$BR$2&BV$2) | BW40: =SUMIFS(領用表!$L:$L,領用表!$A:$A,BW$2,領用表!$E:$E,B40) | BX40: =SUMIFS(領用表!$L:$L,領用表!$E:$E,$B40,領用表!$B:$B,BW$2&BX$2) | BY40: =SUMIFS(領用表!$L:$L,領用表!$E:$E,$B40,領用表!$B:$B,$BW$2&BY$2) | BZ40: =SUMIFS(領用表!$L:$L,領用表!$E:$E,$B40,領用表!$B:$B,$BW$2&BZ$2) | CA40: =SUMIFS(領用表!$L:$L,領用表!$E:$E,$B40,領用表!$B:$B,$BW$2&CA$2) | CB40: =SUMIFS(領用表!$L:$L,領用表!$A:$A,CB$2,領用表!$E:$E,B40) | CC40: =SUMIFS(領用表!$L:$L,領用表!$E:$E,$B40,領用表!$B:$B,CB$2&CC$2) | CD40: =SUMIFS(領用表!$L:$L,領用表!$E:$E,$B40,領用表!$B:$B,$CB$2&CD$2) | CE40: =SUMIFS(領用表!$L:$L,領用表!$E:$E,$B40,領用表!$B:$B,$CB$2&CE$2) | CF40: =SUMIFS(領用表!$L:$L,領用表!$E:$E,$B40,領用表!$B:$B,$CB$2&CF$2) | CG40: =SUMIFS(領用表!$L:$L,領用表!$A:$A,CG$2,領用表!$E:$E,B40) | CH40: =SUMIFS(領用表!$L:$L,領用表!$E:$E,$B40,領用表!$B:$B,CG$2&CH$2) | CI40: =SUMIFS(領用表!$L:$L,領用表!$E:$E,$B40,領用表!$B:$B,CG$2&CI$2) | CJ40: =SUMIFS(領用表!$L:$L,領用表!$E:$E,$B40,領用表!$B:$B,CG$2&CJ$2) | CK40: =SUMIFS(領用表!$L:$L,領用表!$E:$E,$B40,領用表!$B:$B,$CG$2&CK$2) | CL40: =SUM(AX40,AY40,AZ40,BA40,BB40,BC40,BH40,BM40,BR40,BW40,CB40,CG40) | CM40: =AVERAGE(AX40,AY40,AZ40,BA40,BB40,BC40,BH40,BM40,BR40,BW40,CB40,CG40) | CN40: =SUMIFS(領用表!$L:$L,領用表!$A:$A,CN$2,領用表!$E:$E,B40) | CO40: =SUMIFS(領用表!$L:$L,領用表!$E:$E,$B40,領用表!$B:$B,CN$2&CO$2) | CP40: =SUMIFS(領用表!$L:$L,領用表!$E:$E,$B40,領用表!$B:$B,$CN$2&CP$2) | CQ40: =SUMIFS(領用表!$L:$L,領用表!$E:$E,$B40,領用表!$B:$B,$CN$2&CQ$2) | CR40: =SUMIFS(領用表!$L:$L,領用表!$E:$E,$B40,領用表!$B:$B,$CN$2&CR$2) | CS40: =SUMIFS(領用表!$L:$L,領用表!$A:$A,CS$2,領用表!$E:$E,B40) | CT40: =SUMIFS(領用表!$L:$L,領用表!$E:$E,$B40,領用表!$B:$B,CS$2&CT$2) | CU40: =SUMIFS(領用表!$L:$L,領用表!$E:$E,$B40,領用表!$B:$B,$CS$2&CU$2) | CV40: =SUMIFS(領用表!$L:$L,領用表!$E:$E,$B40,領用表!$B:$B,$CS$2&CV$2) | CW40: =SUMIFS(領用表!$L:$L,領用表!$E:$E,$B40,領用表!$B:$B,$CS$2&CW$2) | CX40: =SUMIFS(領用表!$L:$L,領用表!$E:$E,$B40,領用表!$B:$B,$CS$2&CX$2) | CY40: =SUMIFS(領用表!$L:$L,領用表!$A:$A,CY$2,領用表!$E:$E,B40) | CZ40: =SUMIFS(領用表!$L:$L,領用表!$E:$E,$B40,領用表!$B:$B,CY$2&CZ$2) | DA40: =SUMIFS(領用表!$L:$L,領用表!$E:$E,$B40,領用表!$B:$B,$CY$2&DA$2) | DB40: =SUMIFS(領用表!$L:$L,領用表!$E:$E,$B40,領用表!$B:$B,$CY$2&DB$2) | DC40: =SUMIFS(領用表!$L:$L,領用表!$E:$E,$B40,領用表!$B:$B,$CY$2&DC$2) | DD40: =SUMIFS(領用表!$L:$L,領用表!$E:$E,$B40,領用表!$B:$B,$CY$2&DD$2) | DE40: =SUMIFS(領用表!$L:$L,領用表!$A:$A,DE$2,領用表!$E:$E,B40) | DF40: =SUMIFS(領用表!$L:$L,領用表!$E:$E,$B40,領用表!$B:$B,DE$2&DF$2) | DG40: =SUMIFS(領用表!$L:$L,領用表!$E:$E,$B40,領用表!$B:$B,$DE$2&DG$2) | DH40: =SUMIFS(領用表!$L:$L,領用表!$E:$E,$B40,領用表!$B:$B,$DE$2&DH$2) | DI40: =SUMIFS(領用表!$L:$L,領用表!$E:$E,$B40,領用表!$B:$B,$DE$2&DI$2) | DJ40: =SUMIFS(領用表!$L:$L,領用表!$E:$E,$B40,領用表!$B:$B,$DE$2&DJ$2) | DK40: =SUMIFS(領用表!$L:$L,領用表!$A:$A,DK$2,領用表!$E:$E,$B40) | DL40: =SUMIFS(領用表!$L:$L,領用表!$E:$E,$B40,領用表!$B:$B,DK$2&DL$2) | DM40: =SUMIFS(領用表!$L:$L,領用表!$E:$E,$B40,領用表!$B:$B,$DK$2&DM$2) | DN40: =SUMIFS(領用表!$L:$L,領用表!$E:$E,$B40,領用表!$B:$B,$DK$2&DN$2) | DO40: =SUMIFS(領用表!$L:$L,領用表!$E:$E,$B40,領用表!$B:$B,$DK$2&DO$2) | DP40: =SUMIFS(領用表!$L:$L,領用表!$E:$E,$B40,領用表!$B:$B,$DK$2&DP$2) | DQ40: 20 | DR40: 5 | DT40: 12 | DV40: 3 | DW40: =SUM(CN40,CS40,CY40,DE40,DK40,DQ40) | DX40: =AVERAGEA(CN40,CS40,CY40,DE40,DK40,DQ40) | DY40: =SUM(DZ40:EC40) | DZ40: 50 | EA40: 0 | EB40: 80 | EC40: 0 | ED40: 50 | EF40: 35盒(10/21) | EG40: 40盒(10/21) | EJ40: =IFERROR(VLOOKUP(A40,站前4樓!A:BF,57,0),0) | EK40: =IFERROR(VLOOKUP(A40,站前11樓!A:BE,57,0),0) | EL40: =IFERROR(VLOOKUP(A40,忠孝7樓!A:N,57,0),0) | EM40: =IFERROR(VLOOKUP(A40,忠孝國際醫學3樓!A:L,57,0),0) | EN40: =SUM(ED40:EG40) | EP40: 39 | EQ40: 38
A41: MP1MA020018A | B41: 6150011 | C41: 優美施豐潤 Neuramis Deep Lidocaine 1c.c/ 支 | D41: 1 | E41: PCS | F41: =SUMIF(站前4樓!B:B,B41,站前4樓!F:F) | G41: =SUMIF(站前11樓!B:B,B41,站前11樓!F:F) | H41: =SUMIF(忠孝7樓!B:B,B41,忠孝7樓!G:G) | I41: =SUMIF(忠孝國際醫學3樓!B:B,B41,忠孝國際醫學3樓!G:G) | J41: =SUMIF(忠孝健康7樓!B:B,B41,忠孝健康7樓!G:G) | K41: 0 | L41: 0 | M41: 0 | N41: 0 | O41: 0 | P41: 0 | Q41: 0 | R41: 0 | S41: 0 | T41: 0 | U41: 0 | V41: 0 | W41: 0 | X41: 0 | Y41: 0 | Z41: 0 | AA41: 0 | AB41: 0 | AC41: 0 | AD41: 0 | AE41: 0 | AF41: 0 | AG41: 0 | AH41: 0 | AI41: 0 | AJ41: 0 | AK41: 0 | AL41: 0 | AM41: 0 | AN41: 0 | AO41: 0 | AP41: 0 | AQ41: 0 | AR41: 0 | AS41: 0 | AT41: 0 | AU41: 5.5 | AV41: =SUM(AJ41:AU41) | AW41: =AV41/12 | AX41: 2 | AY41: 5 | AZ41: 4 | BA41: 18 | BB41: 9 | BC41: =SUMIFS(領用表!$L:$L,領用表!$A:$A,BC$2,領用表!$E:$E,B41) | BD41: =SUMIFS(領用表!$L:$L,領用表!$E:$E,$B41,領用表!$B:$B,BC$2&BD$2) | BE41: =SUMIFS(領用表!$L:$L,領用表!$E:$E,$B41,領用表!$B:$B,$BC$2&BE$2) | BF41: =SUMIFS(領用表!$L:$L,領用表!$E:$E,$B41,領用表!$B:$B,$BC$2&BF$2) | BG41: =SUMIFS(領用表!$L:$L,領用表!$E:$E,$B41,領用表!$B:$B,$BC$2&BG$2) | BH41: =SUMIFS(領用表!$L:$L,領用表!$A:$A,BH$2,領用表!$E:$E,B41) | BI41: =SUMIFS(領用表!$L:$L,領用表!$E:$E,$B41,領用表!$B:$B,BH$2&BI$2) | BJ41: =SUMIFS(領用表!$L:$L,領用表!$E:$E,$B41,領用表!$B:$B,$BH$2&BJ$2) | BK41: =SUMIFS(領用表!$L:$L,領用表!$E:$E,$B41,領用表!$B:$B,$BH$2&BK$2) | BL41: =SUMIFS(領用表!$L:$L,領用表!$E:$E,$B41,領用表!$B:$B,$BH$2&BL$2) | BM41: =SUMIFS(領用表!$L:$L,領用表!$A:$A,BM$2,領用表!$E:$E,B41) | BN41: =SUMIFS(領用表!$L:$L,領用表!$E:$E,$B41,領用表!$B:$B,BM$2&BN$2) | BO41: =SUMIFS(領用表!$L:$L,領用表!$E:$E,$B41,領用表!$B:$B,$BM$2&BO$2) | BP41: =SUMIFS(領用表!$L:$L,領用表!$E:$E,$B41,領用表!$B:$B,$BM$2&BP$2) | BQ41: =SUMIFS(領用表!$L:$L,領用表!$E:$E,$B41,領用表!$B:$B,$BM$2&BQ$2) | BR41: =SUMIFS(領用表!$L:$L,領用表!$A:$A,BR$2,領用表!$E:$E,B41) | BS41: =SUMIFS(領用表!$L:$L,領用表!$E:$E,$B41,領用表!$B:$B,BR$2&BS$2) | BT41: =SUMIFS(領用表!$L:$L,領用表!$E:$E,$B41,領用表!$B:$B,$BR$2&BT$2) | BU41: =SUMIFS(領用表!$L:$L,領用表!$E:$E,$B41,領用表!$B:$B,$BR$2&BU$2) | BV41: =SUMIFS(領用表!$L:$L,領用表!$E:$E,$B41,領用表!$B:$B,$BR$2&BV$2) | BW41: =SUMIFS(領用表!$L:$L,領用表!$A:$A,BW$2,領用表!$E:$E,B41) | BX41: =SUMIFS(領用表!$L:$L,領用表!$E:$E,$B41,領用表!$B:$B,BW$2&BX$2) | BY41: =SUMIFS(領用表!$L:$L,領用表!$E:$E,$B41,領用表!$B:$B,$BW$2&BY$2) | BZ41: =SUMIFS(領用表!$L:$L,領用表!$E:$E,$B41,領用表!$B:$B,$BW$2&BZ$2) | CA41: =SUMIFS(領用表!$L:$L,領用表!$E:$E,$B41,領用表!$B:$B,$BW$2&CA$2) | CB41: =SUMIFS(領用表!$L:$L,領用表!$A:$A,CB$2,領用表!$E:$E,B41) | CC41: =SUMIFS(領用表!$L:$L,領用表!$E:$E,$B41,領用表!$B:$B,CB$2&CC$2) | CD41: =SUMIFS(領用表!$L:$L,領用表!$E:$E,$B41,領用表!$B:$B,$CB$2&CD$2) | CE41: =SUMIFS(領用表!$L:$L,領用表!$E:$E,$B41,領用表!$B:$B,$CB$2&CE$2) | CF41: =SUMIFS(領用表!$L:$L,領用表!$E:$E,$B41,領用表!$B:$B,$CB$2&CF$2) | CG41: =SUMIFS(領用表!$L:$L,領用表!$A:$A,CG$2,領用表!$E:$E,B41) | CH41: =SUMIFS(領用表!$L:$L,領用表!$E:$E,$B41,領用表!$B:$B,CG$2&CH$2) | CI41: =SUMIFS(領用表!$L:$L,領用表!$E:$E,$B41,領用表!$B:$B,CG$2&CI$2) | CJ41: =SUMIFS(領用表!$L:$L,領用表!$E:$E,$B41,領用表!$B:$B,CG$2&CJ$2) | CK41: =SUMIFS(領用表!$L:$L,領用表!$E:$E,$B41,領用表!$B:$B,$CG$2&CK$2) | CL41: =SUM(AX41,AY41,AZ41,BA41,BB41,BC41,BH41,BM41,BR41,BW41,CB41,CG41) | CM41: =AVERAGE(AX41,AY41,AZ41,BA41,BB41,BC41,BH41,BM41,BR41,BW41,CB41,CG41) | CN41: =SUMIFS(領用表!$L:$L,領用表!$A:$A,CN$2,領用表!$E:$E,B41) | CO41: =SUMIFS(領用表!$L:$L,領用表!$E:$E,$B41,領用表!$B:$B,CN$2&CO$2) | CP41: =SUMIFS(領用表!$L:$L,領用表!$E:$E,$B41,領用表!$B:$B,$CN$2&CP$2) | CQ41: =SUMIFS(領用表!$L:$L,領用表!$E:$E,$B41,領用表!$B:$B,$CN$2&CQ$2) | CR41: =SUMIFS(領用表!$L:$L,領用表!$E:$E,$B41,領用表!$B:$B,$CN$2&CR$2) | CS41: =SUMIFS(領用表!$L:$L,領用表!$A:$A,CS$2,領用表!$E:$E,B41) | CT41: =SUMIFS(領用表!$L:$L,領用表!$E:$E,$B41,領用表!$B:$B,CS$2&CT$2) | CU41: =SUMIFS(領用表!$L:$L,領用表!$E:$E,$B41,領用表!$B:$B,$CS$2&CU$2) | CV41: =SUMIFS(領用表!$L:$L,領用表!$E:$E,$B41,領用表!$B:$B,$CS$2&CV$2) | CW41: =SUMIFS(領用表!$L:$L,領用表!$E:$E,$B41,領用表!$B:$B,$CS$2&CW$2) | CX41: =SUMIFS(領用表!$L:$L,領用表!$E:$E,$B41,領用表!$B:$B,$CS$2&CX$2) | CY41: =SUMIFS(領用表!$L:$L,領用表!$A:$A,CY$2,領用表!$E:$E,B41) | CZ41: =SUMIFS(領用表!$L:$L,領用表!$E:$E,$B41,領用表!$B:$B,CY$2&CZ$2) | DA41: =SUMIFS(領用表!$L:$L,領用表!$E:$E,$B41,領用表!$B:$B,$CY$2&DA$2) | DB41: =SUMIFS(領用表!$L:$L,領用表!$E:$E,$B41,領用表!$B:$B,$CY$2&DB$2) | DC41: =SUMIFS(領用表!$L:$L,領用表!$E:$E,$B41,領用表!$B:$B,$CY$2&DC$2) | DD41: =SUMIFS(領用表!$L:$L,領用表!$E:$E,$B41,領用表!$B:$B,$CY$2&DD$2) | DE41: =SUMIFS(領用表!$L:$L,領用表!$A:$A,DE$2,領用表!$E:$E,B41) | DF41: =SUMIFS(領用表!$L:$L,領用表!$E:$E,$B41,領用表!$B:$B,DE$2&DF$2) | DG41: =SUMIFS(領用表!$L:$L,領用表!$E:$E,$B41,領用表!$B:$B,$DE$2&DG$2) | DH41: =SUMIFS(領用表!$L:$L,領用表!$E:$E,$B41,領用表!$B:$B,$DE$2&DH$2) | DI41: =SUMIFS(領用表!$L:$L,領用表!$E:$E,$B41,領用表!$B:$B,$DE$2&DI$2) | DJ41: =SUMIFS(領用表!$L:$L,領用表!$E:$E,$B41,領用表!$B:$B,$DE$2&DJ$2) | DK41: =SUMIFS(領用表!$L:$L,領用表!$A:$A,DK$2,領用表!$E:$E,$B41) | DL41: =SUMIFS(領用表!$L:$L,領用表!$E:$E,$B41,領用表!$B:$B,DK$2&DL$2) | DM41: =SUMIFS(領用表!$L:$L,領用表!$E:$E,$B41,領用表!$B:$B,$DK$2&DM$2) | DN41: =SUMIFS(領用表!$L:$L,領用表!$E:$E,$B41,領用表!$B:$B,$DK$2&DN$2) | DO41: =SUMIFS(領用表!$L:$L,領用表!$E:$E,$B41,領用表!$B:$B,$DK$2&DO$2) | DP41: =SUMIFS(領用表!$L:$L,領用表!$E:$E,$B41,領用表!$B:$B,$DK$2&DP$2) | DQ41: 5 | DV41: 5 | DW41: =SUM(CN41,CS41,CY41,DE41,DK41,DQ41) | DX41: =AVERAGEA(CN41,CS41,CY41,DE41,DK41,DQ41) | DY41: =SUM(DZ41:EC41) | DZ41: 5 | EA41: 0 | EB41: 15 | EC41: 0 | ED41: 15 | EJ41: =IFERROR(VLOOKUP(A41,站前4樓!A:BF,57,0),0) | EK41: =IFERROR(VLOOKUP(A41,站前11樓!A:BE,57,0),0) | EL41: =IFERROR(VLOOKUP(A41,忠孝7樓!A:N,57,0),0) | EM41: =IFERROR(VLOOKUP(A41,忠孝國際醫學3樓!A:L,57,0),0) | EN41: =SUM(ED41:EG41) | EP41: 5 | EQ41: 38
A42: MP1MA020024A | B42: 6160002 | C42: 洢蓮絲植入劑ELLANSÉ-S 1ml(支) | D42: 2 | E42: PCS | F42: =SUMIF(站前4樓!B:B,B42,站前4樓!F:F) | G42: =SUMIF(站前11樓!B:B,B42,站前11樓!F:F) | H42: =SUMIF(忠孝7樓!B:B,B42,忠孝7樓!G:G) | I42: =SUMIF(忠孝國際醫學3樓!B:B,B42,忠孝國際醫學3樓!G:G) | J42: =SUMIF(忠孝健康7樓!B:B,B42,忠孝健康7樓!G:G) | K42: 1 | L42: 2 | M42: 0 | N42: 1 | O42: 0 | P42: 1.5 | Q42: 0.5 | R42: 0.5 | S42: 4.5 | T42: 6.5 | U42: 3.5 | V42: 7 | W42: 3.5 | X42: 18 | Y42: 9.5 | Z42: 18 | AA42: 17 | AB42: 14 | AC42: 4 | AD42: 22.5 | AE42: 23.5 | AF42: 13 | AG42: 13.5 | AH42: 21 | AI42: 16.5 | AJ42: 41 | AK42: 10.5 | AL42: 16 | AM42: 17.5 | AN42: 11.5 | AO42: 27 | AP42: 16.5 | AQ42: 69 | AR42: 37 | AS42: 22 | AT42: 33.5 | AU42: 81 | AV42: =SUM(AJ42:AU42) | AW42: =AV42/12 | AX42: 83 | AY42: 92 | AZ42: 76 | BA42: 106 | BB42: 106 | BC42: =SUMIFS(領用表!$L:$L,領用表!$A:$A,BC$2,領用表!$E:$E,B42) | BD42: =SUMIFS(領用表!$L:$L,領用表!$E:$E,$B42,領用表!$B:$B,BC$2&BD$2) | BE42: =SUMIFS(領用表!$L:$L,領用表!$E:$E,$B42,領用表!$B:$B,$BC$2&BE$2) | BF42: =SUMIFS(領用表!$L:$L,領用表!$E:$E,$B42,領用表!$B:$B,$BC$2&BF$2) | BG42: =SUMIFS(領用表!$L:$L,領用表!$E:$E,$B42,領用表!$B:$B,$BC$2&BG$2) | BH42: =SUMIFS(領用表!$L:$L,領用表!$A:$A,BH$2,領用表!$E:$E,B42) | BI42: =SUMIFS(領用表!$L:$L,領用表!$E:$E,$B42,領用表!$B:$B,BH$2&BI$2) | BJ42: =SUMIFS(領用表!$L:$L,領用表!$E:$E,$B42,領用表!$B:$B,$BH$2&BJ$2) | BK42: =SUMIFS(領用表!$L:$L,領用表!$E:$E,$B42,領用表!$B:$B,$BH$2&BK$2) | BL42: =SUMIFS(領用表!$L:$L,領用表!$E:$E,$B42,領用表!$B:$B,$BH$2&BL$2) | BM42: =SUMIFS(領用表!$L:$L,領用表!$A:$A,BM$2,領用表!$E:$E,B42) | BN42: =SUMIFS(領用表!$L:$L,領用表!$E:$E,$B42,領用表!$B:$B,BM$2&BN$2) | BO42: =SUMIFS(領用表!$L:$L,領用表!$E:$E,$B42,領用表!$B:$B,$BM$2&BO$2) | BP42: =SUMIFS(領用表!$L:$L,領用表!$E:$E,$B42,領用表!$B:$B,$BM$2&BP$2) | BQ42: =SUMIFS(領用表!$L:$L,領用表!$E:$E,$B42,領用表!$B:$B,$BM$2&BQ$2) | BR42: =SUMIFS(領用表!$L:$L,領用表!$A:$A,BR$2,領用表!$E:$E,B42) | BS42: =SUMIFS(領用表!$L:$L,領用表!$E:$E,$B42,領用表!$B:$B,BR$2&BS$2) | BT42: =SUMIFS(領用表!$L:$L,領用表!$E:$E,$B42,領用表!$B:$B,$BR$2&BT$2) | BU42: =SUMIFS(領用表!$L:$L,領用表!$E:$E,$B42,領用表!$B:$B,$BR$2&BU$2) | BV42: =SUMIFS(領用表!$L:$L,領用表!$E:$E,$B42,領用表!$B:$B,$BR$2&BV$2) | BW42: =SUMIFS(領用表!$L:$L,領用表!$A:$A,BW$2,領用表!$E:$E,B42) | BX42: =SUMIFS(領用表!$L:$L,領用表!$E:$E,$B42,領用表!$B:$B,BW$2&BX$2) | BY42: =SUMIFS(領用表!$L:$L,領用表!$E:$E,$B42,領用表!$B:$B,$BW$2&BY$2) | BZ42: =SUMIFS(領用表!$L:$L,領用表!$E:$E,$B42,領用表!$B:$B,$BW$2&BZ$2) | CA42: =SUMIFS(領用表!$L:$L,領用表!$E:$E,$B42,領用表!$B:$B,$BW$2&CA$2) | CB42: =SUMIFS(領用表!$L:$L,領用表!$A:$A,CB$2,領用表!$E:$E,B42) | CC42: =SUMIFS(領用表!$L:$L,領用表!$E:$E,$B42,領用表!$B:$B,CB$2&CC$2) | CD42: =SUMIFS(領用表!$L:$L,領用表!$E:$E,$B42,領用表!$B:$B,$CB$2&CD$2) | CE42: =SUMIFS(領用表!$L:$L,領用表!$E:$E,$B42,領用表!$B:$B,$CB$2&CE$2) | CF42: =SUMIFS(領用表!$L:$L,領用表!$E:$E,$B42,領用表!$B:$B,$CB$2&CF$2) | CG42: =SUMIFS(領用表!$L:$L,領用表!$A:$A,CG$2,領用表!$E:$E,B42) | CH42: =SUMIFS(領用表!$L:$L,領用表!$E:$E,$B42,領用表!$B:$B,CG$2&CH$2) | CI42: =SUMIFS(領用表!$L:$L,領用表!$E:$E,$B42,領用表!$B:$B,CG$2&CI$2) | CJ42: =SUMIFS(領用表!$L:$L,領用表!$E:$E,$B42,領用表!$B:$B,CG$2&CJ$2) | CK42: =SUMIFS(領用表!$L:$L,領用表!$E:$E,$B42,領用表!$B:$B,$CG$2&CK$2) | CL42: =SUM(AX42,AY42,AZ42,BA42,BB42,BC42,BH42,BM42,BR42,BW42,CB42,CG42) | CM42: =AVERAGE(AX42,AY42,AZ42,BA42,BB42,BC42,BH42,BM42,BR42,BW42,CB42,CG42) | CN42: =SUMIFS(領用表!$L:$L,領用表!$A:$A,CN$2,領用表!$E:$E,B42) | CO42: =SUMIFS(領用表!$L:$L,領用表!$E:$E,$B42,領用表!$B:$B,CN$2&CO$2) | CP42: =SUMIFS(領用表!$L:$L,領用表!$E:$E,$B42,領用表!$B:$B,$CN$2&CP$2) | CQ42: =SUMIFS(領用表!$L:$L,領用表!$E:$E,$B42,領用表!$B:$B,$CN$2&CQ$2) | CR42: =SUMIFS(領用表!$L:$L,領用表!$E:$E,$B42,領用表!$B:$B,$CN$2&CR$2) | CS42: =SUMIFS(領用表!$L:$L,領用表!$A:$A,CS$2,領用表!$E:$E,B42) | CT42: =SUMIFS(領用表!$L:$L,領用表!$E:$E,$B42,領用表!$B:$B,CS$2&CT$2) | CU42: =SUMIFS(領用表!$L:$L,領用表!$E:$E,$B42,領用表!$B:$B,$CS$2&CU$2) | CV42: =SUMIFS(領用表!$L:$L,領用表!$E:$E,$B42,領用表!$B:$B,$CS$2&CV$2) | CW42: =SUMIFS(領用表!$L:$L,領用表!$E:$E,$B42,領用表!$B:$B,$CS$2&CW$2) | CX42: =SUMIFS(領用表!$L:$L,領用表!$E:$E,$B42,領用表!$B:$B,$CS$2&CX$2) | CY42: =SUMIFS(領用表!$L:$L,領用表!$A:$A,CY$2,領用表!$E:$E,B42) | CZ42: =SUMIFS(領用表!$L:$L,領用表!$E:$E,$B42,領用表!$B:$B,CY$2&CZ$2) | DA42: =SUMIFS(領用表!$L:$L,領用表!$E:$E,$B42,領用表!$B:$B,$CY$2&DA$2) | DB42: =SUMIFS(領用表!$L:$L,領用表!$E:$E,$B42,領用表!$B:$B,$CY$2&DB$2) | DC42: =SUMIFS(領用表!$L:$L,領用表!$E:$E,$B42,領用表!$B:$B,$CY$2&DC$2) | DD42: =SUMIFS(領用表!$L:$L,領用表!$E:$E,$B42,領用表!$B:$B,$CY$2&DD$2) | DE42: =SUMIFS(領用表!$L:$L,領用表!$A:$A,DE$2,領用表!$E:$E,B42) | DF42: =SUMIFS(領用表!$L:$L,領用表!$E:$E,$B42,領用表!$B:$B,DE$2&DF$2) | DG42: =SUMIFS(領用表!$L:$L,領用表!$E:$E,$B42,領用表!$B:$B,$DE$2&DG$2) | DH42: =SUMIFS(領用表!$L:$L,領用表!$E:$E,$B42,領用表!$B:$B,$DE$2&DH$2) | DI42: =SUMIFS(領用表!$L:$L,領用表!$E:$E,$B42,領用表!$B:$B,$DE$2&DI$2) | DJ42: =SUMIFS(領用表!$L:$L,領用表!$E:$E,$B42,領用表!$B:$B,$DE$2&DJ$2) | DK42: =SUMIFS(領用表!$L:$L,領用表!$A:$A,DK$2,領用表!$E:$E,$B42) | DL42: =SUMIFS(領用表!$L:$L,領用表!$E:$E,$B42,領用表!$B:$B,DK$2&DL$2) | DM42: =SUMIFS(領用表!$L:$L,領用表!$E:$E,$B42,領用表!$B:$B,$DK$2&DM$2) | DN42: =SUMIFS(領用表!$L:$L,領用表!$E:$E,$B42,領用表!$B:$B,$DK$2&DN$2) | DO42: =SUMIFS(領用表!$L:$L,領用表!$E:$E,$B42,領用表!$B:$B,$DK$2&DO$2) | DP42: =SUMIFS(領用表!$L:$L,領用表!$E:$E,$B42,領用表!$B:$B,$DK$2&DP$2) | DQ42: 25 | DR42: 4 | DT42: 19 | DV42: 2 | DW42: =SUM(CN42,CS42,CY42,DE42,DK42,DQ42) | DX42: =AVERAGEA(CN42,CS42,CY42,DE42,DK42,DQ42) | DY42: =SUM(DZ42:EC42) | DZ42: 70 | EA42: 0 | EB42: 80 | EC42: 0 | ED42: 100 | EF42: 45盒(10/21) | EG42: 10盒(10/21) 10盒(10/27) | EJ42: =IFERROR(VLOOKUP(A42,站前4樓!A:BF,57,0),0) | EK42: =IFERROR(VLOOKUP(A42,站前11樓!A:BE,57,0),0) | EL42: =IFERROR(VLOOKUP(A42,忠孝7樓!A:N,57,0),0) | EM42: =IFERROR(VLOOKUP(A42,忠孝國際醫學3樓!A:L,57,0),0) | EN42: =SUM(ED42:EG42) | EP42: 111 | EQ42: 49
A43: MP1MA020025A | B43: 6160003 | C43: 洢蓮絲植入劑ELLANSÉ-M 1ml(支) | D43: 2 | E43: PCS | F43: =SUMIF(站前4樓!B:B,B43,站前4樓!F:F) | G43: =SUMIF(站前11樓!B:B,B43,站前11樓!F:F) | H43: =SUMIF(忠孝7樓!B:B,B43,忠孝7樓!G:G) | I43: =SUMIF(忠孝國際醫學3樓!B:B,B43,忠孝國際醫學3樓!G:G) | J43: =SUMIF(忠孝健康7樓!B:B,B43,忠孝健康7樓!G:G) | K43: 0.5 | L43: 0 | M43: 0 | N43: 0 | O43: 0 | P43: 0 | Q43: 1 | R43: 0 | S43: 1 | T43: 0 | U43: 0 | V43: 0 | W43: 0 | X43: 1 | Y43: 3.5 | Z43: 5.5 | AA43: 4 | AB43: 2 | AC43: 0 | AD43: 2 | AE43: 0 | AF43: 0 | AG43: 1.5 | AH43: 1 | AI43: 0 | AJ43: 4.5 | AK43: 0 | AL43: 4 | AM43: 3 | AN43: 6 | AO43: 2 | AP43: 9 | AQ43: 17 | AR43: 10.5 | AS43: 4.5 | AT43: 6 | AU43: 28 | AV43: =SUM(AJ43:AU43) | AW43: =AV43/12 | AX43: 3 | AY43: 6 | AZ43: 16 | BA43: 12 | BB43: 9 | BC43: =SUMIFS(領用表!$L:$L,領用表!$A:$A,BC$2,領用表!$E:$E,B43) | BD43: =SUMIFS(領用表!$L:$L,領用表!$E:$E,$B43,領用表!$B:$B,BC$2&BD$2) | BE43: =SUMIFS(領用表!$L:$L,領用表!$E:$E,$B43,領用表!$B:$B,$BC$2&BE$2) | BF43: =SUMIFS(領用表!$L:$L,領用表!$E:$E,$B43,領用表!$B:$B,$BC$2&BF$2) | BG43: =SUMIFS(領用表!$L:$L,領用表!$E:$E,$B43,領用表!$B:$B,$BC$2&BG$2) | BH43: =SUMIFS(領用表!$L:$L,領用表!$A:$A,BH$2,領用表!$E:$E,B43) | BI43: =SUMIFS(領用表!$L:$L,領用表!$E:$E,$B43,領用表!$B:$B,BH$2&BI$2) | BJ43: =SUMIFS(領用表!$L:$L,領用表!$E:$E,$B43,領用表!$B:$B,$BH$2&BJ$2) | BK43: =SUMIFS(領用表!$L:$L,領用表!$E:$E,$B43,領用表!$B:$B,$BH$2&BK$2) | BL43: =SUMIFS(領用表!$L:$L,領用表!$E:$E,$B43,領用表!$B:$B,$BH$2&BL$2) | BM43: =SUMIFS(領用表!$L:$L,領用表!$A:$A,BM$2,領用表!$E:$E,B43) | BN43: =SUMIFS(領用表!$L:$L,領用表!$E:$E,$B43,領用表!$B:$B,BM$2&BN$2) | BO43: =SUMIFS(領用表!$L:$L,領用表!$E:$E,$B43,領用表!$B:$B,$BM$2&BO$2) | BP43: =SUMIFS(領用表!$L:$L,領用表!$E:$E,$B43,領用表!$B:$B,$BM$2&BP$2) | BQ43: =SUMIFS(領用表!$L:$L,領用表!$E:$E,$B43,領用表!$B:$B,$BM$2&BQ$2) | BR43: =SUMIFS(領用表!$L:$L,領用表!$A:$A,BR$2,領用表!$E:$E,B43) | BS43: =SUMIFS(領用表!$L:$L,領用表!$E:$E,$B43,領用表!$B:$B,BR$2&BS$2) | BT43: =SUMIFS(領用表!$L:$L,領用表!$E:$E,$B43,領用表!$B:$B,$BR$2&BT$2) | BU43: =SUMIFS(領用表!$L:$L,領用表!$E:$E,$B43,領用表!$B:$B,$BR$2&BU$2) | BV43: =SUMIFS(領用表!$L:$L,領用表!$E:$E,$B43,領用表!$B:$B,$BR$2&BV$2) | BW43: =SUMIFS(領用表!$L:$L,領用表!$A:$A,BW$2,領用表!$E:$E,B43) | BX43: =SUMIFS(領用表!$L:$L,領用表!$E:$E,$B43,領用表!$B:$B,BW$2&BX$2) | BY43: =SUMIFS(領用表!$L:$L,領用表!$E:$E,$B43,領用表!$B:$B,$BW$2&BY$2) | BZ43: =SUMIFS(領用表!$L:$L,領用表!$E:$E,$B43,領用表!$B:$B,$BW$2&BZ$2) | CA43: =SUMIFS(領用表!$L:$L,領用表!$E:$E,$B43,領用表!$B:$B,$BW$2&CA$2) | CB43: =SUMIFS(領用表!$L:$L,領用表!$A:$A,CB$2,領用表!$E:$E,B43) | CC43: =SUMIFS(領用表!$L:$L,領用表!$E:$E,$B43,領用表!$B:$B,CB$2&CC$2) | CD43: =SUMIFS(領用表!$L:$L,領用表!$E:$E,$B43,領用表!$B:$B,$CB$2&CD$2) | CE43: =SUMIFS(領用表!$L:$L,領用表!$E:$E,$B43,領用表!$B:$B,$CB$2&CE$2) | CF43: =SUMIFS(領用表!$L:$L,領用表!$E:$E,$B43,領用表!$B:$B,$CB$2&CF$2) | CG43: =SUMIFS(領用表!$L:$L,領用表!$A:$A,CG$2,領用表!$E:$E,B43) | CH43: =SUMIFS(領用表!$L:$L,領用表!$E:$E,$B43,領用表!$B:$B,CG$2&CH$2) | CI43: =SUMIFS(領用表!$L:$L,領用表!$E:$E,$B43,領用表!$B:$B,CG$2&CI$2) | CJ43: =SUMIFS(領用表!$L:$L,領用表!$E:$E,$B43,領用表!$B:$B,CG$2&CJ$2) | CK43: =SUMIFS(領用表!$L:$L,領用表!$E:$E,$B43,領用表!$B:$B,$CG$2&CK$2) | CL43: =SUM(AX43,AY43,AZ43,BA43,BB43,BC43,BH43,BM43,BR43,BW43,CB43,CG43) | CM43: =AVERAGE(AX43,AY43,AZ43,BA43,BB43,BC43,BH43,BM43,BR43,BW43,CB43,CG43) | CN43: =SUMIFS(領用表!$L:$L,領用表!$A:$A,CN$2,領用表!$E:$E,B43) | CO43: =SUMIFS(領用表!$L:$L,領用表!$E:$E,$B43,領用表!$B:$B,CN$2&CO$2) | CP43: =SUMIFS(領用表!$L:$L,領用表!$E:$E,$B43,領用表!$B:$B,$CN$2&CP$2) | CQ43: =SUMIFS(領用表!$L:$L,領用表!$E:$E,$B43,領用表!$B:$B,$CN$2&CQ$2) | CR43: =SUMIFS(領用表!$L:$L,領用表!$E:$E,$B43,領用表!$B:$B,$CN$2&CR$2) | CS43: =SUMIFS(領用表!$L:$L,領用表!$A:$A,CS$2,領用表!$E:$E,B43) | CT43: =SUMIFS(領用表!$L:$L,領用表!$E:$E,$B43,領用表!$B:$B,CS$2&CT$2) | CU43: =SUMIFS(領用表!$L:$L,領用表!$E:$E,$B43,領用表!$B:$B,$CS$2&CU$2) | CV43: =SUMIFS(領用表!$L:$L,領用表!$E:$E,$B43,領用表!$B:$B,$CS$2&CV$2) | CW43: =SUMIFS(領用表!$L:$L,領用表!$E:$E,$B43,領用表!$B:$B,$CS$2&CW$2) | CX43: =SUMIFS(領用表!$L:$L,領用表!$E:$E,$B43,領用表!$B:$B,$CS$2&CX$2) | CY43: =SUMIFS(領用表!$L:$L,領用表!$A:$A,CY$2,領用表!$E:$E,B43) | CZ43: =SUMIFS(領用表!$L:$L,領用表!$E:$E,$B43,領用表!$B:$B,CY$2&CZ$2) | DA43: =SUMIFS(領用表!$L:$L,領用表!$E:$E,$B43,領用表!$B:$B,$CY$2&DA$2) | DB43: =SUMIFS(領用表!$L:$L,領用表!$E:$E,$B43,領用表!$B:$B,$CY$2&DB$2) | DC43: =SUMIFS(領用表!$L:$L,領用表!$E:$E,$B43,領用表!$B:$B,$CY$2&DC$2) | DD43: =SUMIFS(領用表!$L:$L,領用表!$E:$E,$B43,領用表!$B:$B,$CY$2&DD$2) | DE43: =SUMIFS(領用表!$L:$L,領用表!$A:$A,DE$2,領用表!$E:$E,B43) | DF43: =SUMIFS(領用表!$L:$L,領用表!$E:$E,$B43,領用表!$B:$B,DE$2&DF$2) | DG43: =SUMIFS(領用表!$L:$L,領用表!$E:$E,$B43,領用表!$B:$B,$DE$2&DG$2) | DH43: =SUMIFS(領用表!$L:$L,領用表!$E:$E,$B43,領用表!$B:$B,$DE$2&DH$2) | DI43: =SUMIFS(領用表!$L:$L,領用表!$E:$E,$B43,領用表!$B:$B,$DE$2&DI$2) | DJ43: =SUMIFS(領用表!$L:$L,領用表!$E:$E,$B43,領用表!$B:$B,$DE$2&DJ$2) | DK43: =SUMIFS(領用表!$L:$L,領用表!$A:$A,DK$2,領用表!$E:$E,$B43) | DL43: =SUMIFS(領用表!$L:$L,領用表!$E:$E,$B43,領用表!$B:$B,DK$2&DL$2) | DM43: =SUMIFS(領用表!$L:$L,領用表!$E:$E,$B43,領用表!$B:$B,$DK$2&DM$2) | DN43: =SUMIFS(領用表!$L:$L,領用表!$E:$E,$B43,領用表!$B:$B,$DK$2&DN$2) | DO43: =SUMIFS(領用表!$L:$L,領用表!$E:$E,$B43,領用表!$B:$B,$DK$2&DO$2) | DP43: =SUMIFS(領用表!$L:$L,領用表!$E:$E,$B43,領用表!$B:$B,$DK$2&DP$2) | DQ43: 9 | DT43: 7 | DV43: 2 | DW43: =SUM(CN43,CS43,CY43,DE43,DK43,DQ43) | DX43: =AVERAGEA(CN43,CS43,CY43,DE43,DK43,DQ43) | DY43: =SUM(DZ43:EC43) | DZ43: 20 | EA43: 0 | EB43: 20 | EC43: 0 | ED43: 20 | EE43: 0 | EJ43: =IFERROR(VLOOKUP(A43,站前4樓!A:BF,57,0),0) | EK43: =IFERROR(VLOOKUP(A43,站前11樓!A:BE,57,0),0) | EL43: =IFERROR(VLOOKUP(A43,忠孝7樓!A:N,57,0),0) | EM43: =IFERROR(VLOOKUP(A43,忠孝國際醫學3樓!A:L,57,0),0) | EN43: =SUM(ED43:EG43) | EP43: 24 | EQ43: 14
A44: MP1MA020029A | B44: 6150013 | C44: (逆時針)璞菲洛高低分子玻尿酸皮下植入劑 PROFHILO HiLow 2c.c/ 支 | D44: 1 | E44: PCS | F44: =SUMIF(站前4樓!B:B,B44,站前4樓!F:F) | G44: =SUMIF(站前11樓!B:B,B44,站前11樓!F:F) | H44: =SUMIF(忠孝7樓!B:B,B44,忠孝7樓!G:G) | I44: =SUMIF(忠孝國際醫學3樓!B:B,B44,忠孝國際醫學3樓!G:G) | J44: =SUMIF(忠孝健康7樓!B:B,B44,忠孝健康7樓!G:G) | BC44: =SUMIFS(領用表!$L:$L,領用表!$A:$A,BC$2,領用表!$E:$E,B44) | BD44: =SUMIFS(領用表!$L:$L,領用表!$E:$E,$B44,領用表!$B:$B,BC$2&BD$2) | BE44: =SUMIFS(領用表!$L:$L,領用表!$E:$E,$B44,領用表!$B:$B,$BC$2&BE$2) | BF44: =SUMIFS(領用表!$L:$L,領用表!$E:$E,$B44,領用表!$B:$B,$BC$2&BF$2) | BG44: =SUMIFS(領用表!$L:$L,領用表!$E:$E,$B44,領用表!$B:$B,$BC$2&BG$2) | BH44: =SUMIFS(領用表!$L:$L,領用表!$A:$A,BH$2,領用表!$E:$E,B44) | BI44: =SUMIFS(領用表!$L:$L,領用表!$E:$E,$B44,領用表!$B:$B,BH$2&BI$2) | BJ44: =SUMIFS(領用表!$L:$L,領用表!$E:$E,$B44,領用表!$B:$B,$BH$2&BJ$2) | BK44: =SUMIFS(領用表!$L:$L,領用表!$E:$E,$B44,領用表!$B:$B,$BH$2&BK$2) | BL44: =SUMIFS(領用表!$L:$L,領用表!$E:$E,$B44,領用表!$B:$B,$BH$2&BL$2) | BM44: =SUMIFS(領用表!$L:$L,領用表!$A:$A,BM$2,領用表!$E:$E,B44) | BN44: =SUMIFS(領用表!$L:$L,領用表!$E:$E,$B44,領用表!$B:$B,BM$2&BN$2) | BO44: =SUMIFS(領用表!$L:$L,領用表!$E:$E,$B44,領用表!$B:$B,$BM$2&BO$2) | BP44: =SUMIFS(領用表!$L:$L,領用表!$E:$E,$B44,領用表!$B:$B,$BM$2&BP$2) | BQ44: =SUMIFS(領用表!$L:$L,領用表!$E:$E,$B44,領用表!$B:$B,$BM$2&BQ$2) | BR44: =SUMIFS(領用表!$L:$L,領用表!$A:$A,BR$2,領用表!$E:$E,B44) | BS44: =SUMIFS(領用表!$L:$L,領用表!$E:$E,$B44,領用表!$B:$B,BR$2&BS$2) | BT44: =SUMIFS(領用表!$L:$L,領用表!$E:$E,$B44,領用表!$B:$B,$BR$2&BT$2) | BU44: =SUMIFS(領用表!$L:$L,領用表!$E:$E,$B44,領用表!$B:$B,$BR$2&BU$2) | BV44: =SUMIFS(領用表!$L:$L,領用表!$E:$E,$B44,領用表!$B:$B,$BR$2&BV$2) | BW44: =SUMIFS(領用表!$L:$L,領用表!$A:$A,BW$2,領用表!$E:$E,B44) | BX44: =SUMIFS(領用表!$L:$L,領用表!$E:$E,$B44,領用表!$B:$B,BW$2&BX$2) | BY44: =SUMIFS(領用表!$L:$L,領用表!$E:$E,$B44,領用表!$B:$B,$BW$2&BY$2) | BZ44: =SUMIFS(領用表!$L:$L,領用表!$E:$E,$B44,領用表!$B:$B,$BW$2&BZ$2) | CA44: =SUMIFS(領用表!$L:$L,領用表!$E:$E,$B44,領用表!$B:$B,$BW$2&CA$2) | CB44: =SUMIFS(領用表!$L:$L,領用表!$A:$A,CB$2,領用表!$E:$E,B44) | CC44: =SUMIFS(領用表!$L:$L,領用表!$E:$E,$B44,領用表!$B:$B,CB$2&CC$2) | CD44: =SUMIFS(領用表!$L:$L,領用表!$E:$E,$B44,領用表!$B:$B,$CB$2&CD$2) | CE44: =SUMIFS(領用表!$L:$L,領用表!$E:$E,$B44,領用表!$B:$B,$CB$2&CE$2) | CF44: =SUMIFS(領用表!$L:$L,領用表!$E:$E,$B44,領用表!$B:$B,$CB$2&CF$2) | CG44: =SUMIFS(領用表!$L:$L,領用表!$A:$A,CG$2,領用表!$E:$E,B44) | CH44: =SUMIFS(領用表!$L:$L,領用表!$E:$E,$B44,領用表!$B:$B,CG$2&CH$2) | CI44: =SUMIFS(領用表!$L:$L,領用表!$E:$E,$B44,領用表!$B:$B,CG$2&CI$2) | CJ44: =SUMIFS(領用表!$L:$L,領用表!$E:$E,$B44,領用表!$B:$B,CG$2&CJ$2) | CK44: =SUMIFS(領用表!$L:$L,領用表!$E:$E,$B44,領用表!$B:$B,$CG$2&CK$2) | CL44: =SUM(AX44,AY44,AZ44,BA44,BB44,BC44,BH44,BM44,BR44,BW44,CB44,CG44) | CM44: =AVERAGE(AX44,AY44,AZ44,BA44,BB44,BC44,BH44,BM44,BR44,BW44,CB44,CG44) | CN44: =SUMIFS(領用表!$L:$L,領用表!$A:$A,CN$2,領用表!$E:$E,B44) | CO44: =SUMIFS(領用表!$L:$L,領用表!$E:$E,$B44,領用表!$B:$B,CN$2&CO$2) | CP44: =SUMIFS(領用表!$L:$L,領用表!$E:$E,$B44,領用表!$B:$B,$CN$2&CP$2) | CQ44: =SUMIFS(領用表!$L:$L,領用表!$E:$E,$B44,領用表!$B:$B,$CN$2&CQ$2) | CR44: =SUMIFS(領用表!$L:$L,領用表!$E:$E,$B44,領用表!$B:$B,$CN$2&CR$2) | CS44: =SUMIFS(領用表!$L:$L,領用表!$A:$A,CS$2,領用表!$E:$E,B44) | CT44: =SUMIFS(領用表!$L:$L,領用表!$E:$E,$B44,領用表!$B:$B,CS$2&CT$2) | CU44: =SUMIFS(領用表!$L:$L,領用表!$E:$E,$B44,領用表!$B:$B,$CS$2&CU$2) | CV44: =SUMIFS(領用表!$L:$L,領用表!$E:$E,$B44,領用表!$B:$B,$CS$2&CV$2) | CW44: =SUMIFS(領用表!$L:$L,領用表!$E:$E,$B44,領用表!$B:$B,$CS$2&CW$2) | CX44: =SUMIFS(領用表!$L:$L,領用表!$E:$E,$B44,領用表!$B:$B,$CS$2&CX$2) | CY44: =SUMIFS(領用表!$L:$L,領用表!$A:$A,CY$2,領用表!$E:$E,B44) | CZ44: =SUMIFS(領用表!$L:$L,領用表!$E:$E,$B44,領用表!$B:$B,CY$2&CZ$2) | DA44: =SUMIFS(領用表!$L:$L,領用表!$E:$E,$B44,領用表!$B:$B,$CY$2&DA$2) | DB44: =SUMIFS(領用表!$L:$L,領用表!$E:$E,$B44,領用表!$B:$B,$CY$2&DB$2) | DC44: =SUMIFS(領用表!$L:$L,領用表!$E:$E,$B44,領用表!$B:$B,$CY$2&DC$2) | DD44: =SUMIFS(領用表!$L:$L,領用表!$E:$E,$B44,領用表!$B:$B,$CY$2&DD$2) | DE44: =SUMIFS(領用表!$L:$L,領用表!$A:$A,DE$2,領用表!$E:$E,B44) | DF44: =SUMIFS(領用表!$L:$L,領用表!$E:$E,$B44,領用表!$B:$B,DE$2&DF$2) | DG44: =SUMIFS(領用表!$L:$L,領用表!$E:$E,$B44,領用表!$B:$B,$DE$2&DG$2) | DH44: =SUMIFS(領用表!$L:$L,領用表!$E:$E,$B44,領用表!$B:$B,$DE$2&DH$2) | DI44: =SUMIFS(領用表!$L:$L,領用表!$E:$E,$B44,領用表!$B:$B,$DE$2&DI$2) | DJ44: =SUMIFS(領用表!$L:$L,領用表!$E:$E,$B44,領用表!$B:$B,$DE$2&DJ$2) | DK44: =SUMIFS(領用表!$L:$L,領用表!$A:$A,DK$2,領用表!$E:$E,$B44) | DL44: =SUMIFS(領用表!$L:$L,領用表!$E:$E,$B44,領用表!$B:$B,DK$2&DL$2) | DM44: =SUMIFS(領用表!$L:$L,領用表!$E:$E,$B44,領用表!$B:$B,$DK$2&DM$2) | DN44: =SUMIFS(領用表!$L:$L,領用表!$E:$E,$B44,領用表!$B:$B,$DK$2&DN$2) | DO44: =SUMIFS(領用表!$L:$L,領用表!$E:$E,$B44,領用表!$B:$B,$DK$2&DO$2) | DP44: =SUMIFS(領用表!$L:$L,領用表!$E:$E,$B44,領用表!$B:$B,$DK$2&DP$2) | DQ44: 11 | DR44: 3 | DT44: 7 | DV44: 1 | DW44: =SUM(CN44,CS44,CY44,DE44,DK44,DQ44) | DX44: =AVERAGEA(CN44,CS44,CY44,DE44,DK44,DQ44) | DY44: =SUM(DZ44:EC44) | DZ44: 16 | EA44: 0 | EB44: 25 | EC44: 0 | EF44: 50盒(10/27) | EG44: 10盒(10/17) | EJ44: =IFERROR(VLOOKUP(A44,站前4樓!A:BF,57,0),0) | EK44: =IFERROR(VLOOKUP(A44,站前11樓!A:BE,57,0),0) | EL44: =IFERROR(VLOOKUP(A44,忠孝7樓!A:N,57,0),0) | EM44: =IFERROR(VLOOKUP(A44,忠孝國際醫學3樓!A:L,57,0),0) | EN44: =SUM(ED44:EG44) | EP44: 51 | EQ44: 25
